flags,utterance,category,intent
BL,i want to know where to modify my purchase,ORDER,change_order
BISLQD,can u ask an agent for information about seeing an invoice?,INVOICES,get_invoice
BL,tell me if I can have more than one user account,ACCOUNT,create_account
BLQ,"I want to obtain an invoice, tell me where to do it",INVOICES,get_invoice
BILC,"i want to make a review, what do i have to do?",FEEDBACK,review
BIC,"I want to track my order, can you help me?",ORDER,track_order
BILQC,"I changed my mind, what can I do to cancel my user account?",ACCOUNT,delete_account
BIMLC,"I want to view my invoice, what can I do?",INVOICES,check_invoices
BS,I need help checking the status of my order,ORDER,track_order
BML,tell me if I can create more than one account with the same email,ACCOUNT,create_account
BL,how to call Customer Support,CONTACT,contact_customer_service
BMLQZ,I ant to notify problems making a payment,PAYMENT,payment_issue
BIL,is it possible to request an invoice?,INVOICES,get_invoice
BL,tell me where I can request an invoice,INVOICES,get_invoice
BILC,"I'm discontent with the service, what do I have to do to lodge a consumer complaint?",FEEDBACK,complaint
BLQ,I wanna check my package,ORDER,track_order
BMLZ,I had a issue creating a profile,ACCOUNT,registration_problems
BILC,"I don't have a shipping address, how can I set it up?",SHIPPING,set_up_shipping_address
BIPLQD,"please, can u ask an agent if i can solve a problem with my payment?",PAYMENT,payment_issue
BLQD,ask an agent how to inform of an issue with my payment,PAYMENT,payment_issue
BIQC,"the event was postponed, what should i do to get a refund?",REFUNDS,get_refund
BL,how to see the cancellation penalty,CANCELLATION_FEE,check_cancellation_fee
BIPLQD,"can u ask an agent how to see my invoices, please?",INVOICES,check_invoices
BLC,"the event was postponed, help me request a reimbursement",REFUNDS,get_refund
BSLQC,"I didn't receive my bills, help me check them",INVOICES,check_invoices
BIPLD,"please, can you ask an agent where I can update my shipping address?",SHIPPING,change_shipping_address
BLD,ask an agent where to remove my user account,ACCOUNT,delete_account
BILCZ,"I have an issue paying, can you niform of it?",PAYMENT,payment_issue
BILD,can you ask an agent where to check my package?,ORDER,track_order
BILC,"an error pops when I try to make a payment with card, what do I have to do?",PAYMENT,payment_issue
B,where to delete my account,ACCOUNT,delete_account
BI,what's the phone number to contact Customer Service?,CONTACT,contact_customer_service
BIMSLC,"I can't find my bill, what should I do to check it?",INVOICES,check_invoices
BMLQDZ,sak an agent how to check my bill,INVOICES,check_invoices
BL,an error pops when I try to make a payment for my online order,PAYMENT,payment_issue
BIL,can you tell me what the mail address of the Client Service is?,CONTACT,contact_customer_service
BIMSLQC,"I lost my bill, how do I see it?",INVOICES,check_invoices
BILC,"I don't want my online account, can I close it?",ACCOUNT,delete_account
BIPLQD,can u ask an agent if i could write a comment?,FEEDBACK,review
BIPMSLDZ,"please, do you mind asking an agent if my orders are on theit awy?",ORDER,track_order
BML,"I want to download some invoices, tell me how to do it",INVOICES,get_invoice
BPLC,"I'd like a user account, open one",ACCOUNT,create_account
BLQC,"I have a problem paying for my online order, inform of it",PAYMENT,payment_issue
BLC,"my profile was hacked, get it back",ACCOUNT,recover_password
BILC,"I want to check your payment options, what should I do?",PAYMENT,check_payment_methods
BL,tell me if I can create several online accounts with the same email,ACCOUNT,create_account
BSLWC,"i can't find my fucking bills, help me check them",INVOICES,check_invoices
BILZ,is their any human available?,CONTACT,contact_human_agent
BILQC,"I want to register, what can I do?",ACCOUNT,create_account
BPLEWC,"I do not understand you and I would like to contact fucking someone, please",CONTACT,contact_human_agent
BQ,I need information about the delivery period for my ticket,DELIVERY,delivery_period
BLQC,"I got an error message when I tried to pay, but my card was charged anyway, report it",PAYMENT,payment_issue
BML,I want to download some invoices,INVOICES,get_invoice
BLQCZ,"I got a error message when I attempted to pay, but my card was charged anyway and I want to inform of it",PAYMENT,payment_issue
BLQCZ,"i cant understand you, cotact a human",CONTACT,contact_human_agent
BILQ,how do I report a problem making a payment?,PAYMENT,payment_issue
BILC,"I don't understand you, what should I do to talk to a human agent?",CONTACT,contact_human_agent
BIC,"the event was cancelled, what should I do?",REFUNDS,get_refund
BZ,tell me what the phone no of Customer Service is,CONTACT,contact_customer_service
BIPLQ,"please, could you tell me the free phone number of customer service?",CONTACT,contact_customer_service
BILC,"I haven't got an online account, what do I have to do to open one?",ACCOUNT,create_account
BILC,"I have an issue making a payment with card, can you notify it?",PAYMENT,payment_issue
BILC,"I want to check my package, can you tell me how I can do it?",ORDER,track_order
BPQW,"i want to know if i could register two fucking accounts with the same email, please",ACCOUNT,create_account
BLQC,"I lost my password, reset it",ACCOUNT,recover_password
BILC,"I have a problem when trying to pay for my online order, can you report it?",PAYMENT,payment_issue
BILQ,can you tell me what the mail address to contact Client Service is?,CONTACT,contact_customer_service
BILQDZ,can u ask an agent were to view their refund policy?,REFUNDS,check_refund_policy
BPLQC,I ordered something and Id like to change my order,ORDER,change_order
BIPD,"can you ask an agent what the phone number of Customer Service is, please?",CONTACT,contact_customer_service
BIMLQZ,can you tello me if I can obtain some bills?,INVOICES,get_invoice
BSLQCZ,"I have no profile , I need help creating one",ACCOUNT,create_account
BILC,"I can't understand you, what can I do to contact a human agent?",CONTACT,contact_human_agent
BLZ,tell me what the free no to contact Customer Support is,CONTACT,contact_customer_service
BILQ,is there a free number to contact Client Service?,CONTACT,contact_customer_service
BILQC,"i have an issue making a payment with card, can u inform of it?",PAYMENT,payment_issue
BLC,"I don't want my account, help me close it",ACCOUNT,delete_account
BIPLEQC,"i would like to check my order, could you tell me where I can do it, please?",ORDER,track_order
BIPLQDWZ,"please, could u ask an agent where i can view their fucking payment methods ?",PAYMENT,check_payment_methods
BQC,someone stole my password and I want to recover it,ACCOUNT,recover_password
BILC,"the show was cancelled, how can I get a refund?",REFUNDS,get_refund
BILQC,"I changed my mind, how do I cancel my account?",ACCOUNT,delete_account
BLQ,"I want to download an invoice, tell me where to do it",INVOICES,get_invoice
BILQD,can u ask an agent where i can check the ticket delivery options?,DELIVERY,delivery_options
BPMEQC,"I would like to track my orders, tell me how I can do it, please",ORDER,track_order
BI,what's the email address of Customer Service?,CONTACT,contact_customer_service
BLQ,I want to see the number of Client Service,CONTACT,contact_customer_service
BILQ,can you tell me the free number to contact Customer Service?,CONTACT,contact_customer_service
BILC,"I got an error when I attempted to make a payment, but I was charged anyway, what can I do to report it?",PAYMENT,payment_issue
BL,i want to inform of a payment problem,PAYMENT,payment_issue
BIPMLD,could you ask an agent how to report problems with my payment?,PAYMENT,payment_issue
BIPMLQD,"could u ask an agent if i could inform of payment issues, please?",PAYMENT,payment_issue
BIM,do I get a full refund if I cancel my tickets?,REFUNDS,check_refund_policy
BIC,"I don't want my account, can you delete it?",ACCOUNT,delete_account
BILQ,how can I speak with a person?,CONTACT,contact_human_agent
BLQD,ask an agent where i can check the options for ticket delivery,DELIVERY,delivery_options
BLC,"the game was postponed, help me get a reimbursement",REFUNDS,get_refund
BLQC,"I got an error when I tried to pay, but my card was charged anyway and I want to notify it",PAYMENT,payment_issue
BILC,"I want to solve a problem with my payment, what do I have to do?",PAYMENT,payment_issue
BPMLQD,"please, ask an agent how I could notify issues making a payment",PAYMENT,payment_issue
BIC,"I can't remember my password, what can I do to recover it?",ACCOUNT,recover_password
BSL,i need help seeing a bill,INVOICES,get_invoice
BISC,"I can't find my invoices, can you check them?",INVOICES,check_invoices
BLQC,"I have an issue making a payment with card, help me notify it",PAYMENT,payment_issue
BIC,"I want to change my order, can you tell me how I can do it?",ORDER,change_order
BML,how to view the cancellation penalties,CANCELLATION_FEE,check_cancellation_fee
BSLC,"I haven't got a user account, I need help creating one",ACCOUNT,create_account
BIML,how can I inform of issues with my payment?,PAYMENT,payment_issue
BILQC,"I want to view your money back policy, what can I do?",REFUNDS,check_refund_policy
BILC,"I don't understand you, can you contact a person?",CONTACT,contact_human_agent
BIPMSLQDW,could u ask an agent for information about obtaining some fucking bills?,INVOICES,get_invoice
BLQC,I ordered a product and i wanna change my purchase,ORDER,change_order
BILQC,"i dont like the service, what do i have to do to lodge a consumer complaint?",FEEDBACK,complaint
BL,I'm having issues when trying to create a profile,ACCOUNT,registration_problems
BILC,"an error message pops when I try to pay, what can I do?",PAYMENT,payment_issue
BILC,"I'm discontent with the service, how do I submit a consumer complaint?",FEEDBACK,complaint
BLQ,i want to report a problem paying,PAYMENT,payment_issue
BLQC,i dont want my online account and i wanna close it,ACCOUNT,delete_account
BLQ,i wanna see the phone number to contact customer support,CONTACT,contact_customer_service
BILCZ,"I want to ifle a comment , what can I do?",FEEDBACK,review
BLC,"I have an issue paying, I need help informing of it",PAYMENT,payment_issue
BILC,"I'm not happy with the service, can I make a consumer complaint?",FEEDBACK,complaint
BILC,"I have a problem paying with card, can you help me?",PAYMENT,payment_issue
BILQC,"I ordered an item, can I modify my order?",ORDER,change_order
BIP,"can you tell me what the phone number of Customer Service is, please?",CONTACT,contact_customer_service
BL,I want to know how I can see a bill,INVOICES,get_invoice
BLC,i have a question and i want to talk to client service,CONTACT,contact_customer_service
BILECZ,"i am happy with the service, what should i do to lodge a reiew?",FEEDBACK,review
BIPLQWC,"the game was postponed, could i obtain a fucking reimbursement, please?",REFUNDS,get_refund
BL,tell me if I can own more than one online account,ACCOUNT,create_account
BI,can you tell me how to track my order?,ORDER,track_order
BILQC,"I want information, what should I do to call Client Service?",CONTACT,contact_customer_service
BIMLQ,can you tell me if I can create more than one account with a single email?,ACCOUNT,create_account
BIPLQD,"can u ask an agent if theres a newsletter i can receive, please?",NEWSLETTER,newsletter_subscription
BILC,"I got an error message when I tried to pay, but I was charged anyway, how do I notify it?",PAYMENT,payment_issue
BIPLC,"the concert was postponed, how could I obtain a reimbursement?",REFUNDS,get_refund
BIQD,can u ask an agent to recover my password?,ACCOUNT,recover_password
BMLQ,I want to know how I can track my shipments,ORDER,track_order
BILEQC,"i dont have an online account, what do i have to do to open one?",ACCOUNT,create_account
BIQCZ,"my shipping address has changed, hat can Ido?",SHIPPING,change_shipping_address
BILCZ,"i want to use my otheraccount, what should i do to switch them?",ACCOUNT,switch_account
BILQC,"I got an error message when I tried to make a payment, but I was charged anyway, what do I have to do?",PAYMENT,payment_issue
BLWZ,telll me if i can check my fucking shipment,ORDER,track_order
BIPMLQZ,cxould you tell me if i can have several online accounts?,ACCOUNT,create_account
BLD,ask an agent to notify a problem making a payment,PAYMENT,payment_issue
BILQDC,"I made a mistake, can u ask an agent to change my purchase?",ORDER,change_order
BMLQ,"I want to see some invoices, can you show me some information?",INVOICES,get_invoice
BILC,"I don't have an account, what can I do to register?",ACCOUNT,create_account
BILCZ,"I have no user account, how do I register ?",ACCOUNT,create_account
BML,help me check my bill,INVOICES,check_invoices
BL,tell me where to modify my purchase,ORDER,change_order
BIQ,can I cancel an order?,ORDER,cancel_order
BILQ,can I see the options for delivery?,DELIVERY,delivery_options
BLC,"I got an error message when I attempted to make a payment, but my card was charged anyway, help me inform of it",PAYMENT,payment_issue
BSLQCZ,"I lost my bills , help me check them",INVOICES,check_invoices
BIPMLQDW,"could u ask an agent how i could inform of fucking problems making a payment, please?",PAYMENT,payment_issue
BIL,can you tell me how I can obtain a bill?,INVOICES,get_invoice
BILCZ,"I forgot my account passsord, can you retrieve it?",ACCOUNT,recover_password
BML,tell me how I can get some bills,INVOICES,get_invoice
BLDZ,ask an agent where to leae a comment,FEEDBACK,review
BIPLQWZ,"could you tell me if i could register several fucking profiles with the saem email, please?",ACCOUNT,create_account
BIL,where do i lodge a complaint for a service?,FEEDBACK,complaint
BILQCZ,"an error pops when I try to make an payment for my order, what should I do?",PAYMENT,payment_issue
BILC,"my user account's been hacked, how can I get it back?",ACCOUNT,recover_password
BML,I want to know if I can register more than one user account with a single email,ACCOUNT,create_account
BLZ,how to modify the information on my proflie,ACCOUNT,edit_account
BILQCZ,"the shw was cancelled, how do i get a refund ?",REFUNDS,get_refund
BIQC,"i have an issue when trying to pay for my order, what can i do?",PAYMENT,payment_issue
BLC,I have an issue when trying to pay for my online order and I want to notify it,PAYMENT,payment_issue
BML,where to view the cancellation fees,CANCELLATION_FEE,check_cancellation_fee
BILQCZ,"i want an user account, can u help me?",ACCOUNT,create_account
BLCZ,"I want a refund, helpme request one",REFUNDS,get_refund
BILC,"I have an issue making a payment, what should I do to notify it?",PAYMENT,payment_issue
BIQC,"I bought an item, what do I have to do to change my order?",ORDER,change_order
BPLW,"tell me if I could register several fucking profiles with the same email address, please",ACCOUNT,create_account
BILC,"I changed my mind, can you close my online account?",ACCOUNT,delete_account
BILQ,can you tell me what the email address of client service is?,CONTACT,contact_customer_service
BIMLQ,how do I solve problems making a payment?,PAYMENT,payment_issue
BILQCZ,"I want to make an opinion for a service, what can I do ?",FEEDBACK,review
BSLQ,i want to ask for information about changing my order,ORDER,change_order
BIC,"i have an issue when trying to pay with card, what can i do?",PAYMENT,payment_issue
BILQD,can u ask an agent what the mail to contact customer support is?,CONTACT,contact_customer_service
BLC,"I want to receive the newsletter, can you show me some information?",NEWSLETTER,newsletter_subscription
B,show me the delivery period for my ticket,DELIVERY,delivery_period
BISLC,"I can't find my bills, what can I do to view them?",INVOICES,check_invoices
BILC,"I get an error message when I attempt to make a payment, what should I do?",PAYMENT,payment_issue
BIMLZ,can oyuy tell me if i can register more than one online account with the same email address?,ACCOUNT,create_account
BL,where to view your payment options,PAYMENT,check_payment_methods
BILQC,"I have a question, how do I send an email to Client Service?",CONTACT,contact_customer_service
BILC,"I haven't got an online account, can I open one?",ACCOUNT,create_account
BLQC,"I have a problem when trying to make a payment with card, inform of it",PAYMENT,payment_issue
B,I want to know if there is any human agent available,CONTACT,contact_human_agent
BILC,"I'm not happy with the service, how can I lodge a consumer complaint?",FEEDBACK,complaint
BLC,"I can't understand you, talk to a human agent",CONTACT,contact_human_agent
BLC,"I have a problem paying for my order, I need help informing of it",PAYMENT,payment_issue
BC,"I don't like the service, help me file a complaint",FEEDBACK,complaint
BIC,"I don't have an account, how can I create one?",ACCOUNT,create_account
BILQC,"I want information, what can I do to talk to Customer Service?",CONTACT,contact_customer_service
BPLQC,"i lost my password, help me reset it, please",ACCOUNT,recover_password
BILQC,"i wanna view the options for ticket delivery, what do i have to do?",DELIVERY,delivery_options
BSLQC,"i didn't receive my invoices, i need help seeing them",INVOICES,check_invoices
BILC,"an error message pops when I try to make a payment with card, what do I have to do?",PAYMENT,payment_issue
BLQC,"I need a user account, help me open one",ACCOUNT,create_account
BILC,"I want to see the ticket delivery options, what can I do?",DELIVERY,delivery_options
BSL,I need help seeing your refund policy,REFUNDS,check_refund_policy
BL,There's an issue with the registration,ACCOUNT,registration_problems
BILC,"I have an issue paying with card, can I notify it?",PAYMENT,payment_issue
BILC,"I've got no profile, what do I have to do to create one?",ACCOUNT,create_account
BILC,"I get an error when I attempt to pay for my online order, can you help me?",PAYMENT,payment_issue
BIPMLWZ,could you tell me if I can regitser more than one fucking account with the same email address?,ACCOUNT,create_account
BILC,"I need information, can I send an email to Customer Service?",CONTACT,contact_customer_service
BIPLD,"could you ask an agent if I can inform of a payment problem, please?",PAYMENT,payment_issue
BILC,"i have an issue when trying to pay for my order, what can i do to inform of it?",PAYMENT,payment_issue
B,i want information about your refund policy,REFUNDS,check_refund_policy
BL,"I want to obtain a bill, tell me how to do it",INVOICES,get_invoice
BILQC,"I have a problem making a payment with card, how do I report it?",PAYMENT,payment_issue
BIMQDZ,can u ask an agent how I can track myt orders?,ORDER,track_order
BIML,can you tell me where I can check my shipments?,ORDER,track_order
BIMLQ,how do i notify problems making a payment?,PAYMENT,payment_issue
BLC,"I can't understand you, help me talk to someone",CONTACT,contact_human_agent
BILC,"an error pops when I attempt to make a payment, can you help me?",PAYMENT,payment_issue
BLD,ask an agent how I can know where my delivery is,ORDER,track_order
BPLC,"I got an error when I tried to make a payment, but my card was charged anyway, I need help notifying it, please",PAYMENT,payment_issue
BIPLD,"could you ask an agent how I can modify my profile, please?",ACCOUNT,edit_account
BILQC,"the show was cancelled, what can i do to obtain a reimbursement?",REFUNDS,get_refund
BPSLQC,"i dont like the service, i need help making a consumer complaint, please",FEEDBACK,complaint
BILCZ,"I have an issue making a paymet, what do I have to do?",PAYMENT,payment_issue
BILC,"an error pops when I attempt to make a payment for my online order, can you help me?",PAYMENT,payment_issue
BILC,"i need information, can i talk to customer service?",CONTACT,contact_customer_service
BIML,can you tell me how I can see some bills?,INVOICES,get_invoice
BMLQ,i want to know if i can create more than one profile with a single email,ACCOUNT,create_account
BILQC,"I have no account, what should I do to register?",ACCOUNT,create_account
BL,how to receive the newsletter,NEWSLETTER,newsletter_subscription
BILQC,"I bought something, what do I have to do to modify my order?",ORDER,change_order
BIQC,"i dont like the service, what should i do to file a complaint?",FEEDBACK,complaint
BISLC,"I didn't receive my invoices, what do I have to do to view them?",INVOICES,check_invoices
BIL,where do I close my user account?,ACCOUNT,delete_account
BILQC,"I need information, what should I do to talk to Customer Service?",CONTACT,contact_customer_service
BIML,how can I track my shipments?,ORDER,track_order
BILQC,"an error pops when i attempt to make a payment for my online order, what can i do?",PAYMENT,payment_issue
BILQC,"I have a problem making a payment, what should I do?",PAYMENT,payment_issue
BILQZ,acn I talk to Customer Support?,CONTACT,contact_customer_service
BL,I want to know if I can create two user accounts with a single email address,ACCOUNT,create_account
BIL,can you tell me where I can download a bill?,INVOICES,get_invoice
BILQC,"I forgot my account password, what do I have to do to reset it?",ACCOUNT,recover_password
BSQ,I need help deleting my account,ACCOUNT,delete_account
BML,tell me how I can know where my shipments are,ORDER,track_order
BILQC,"i want information, can i talk to customer service?",CONTACT,contact_customer_service
BILC,"I don't understand you, can you contact a human?",CONTACT,contact_human_agent
BISLC,"I can't find my bills, what can I do to see them?",INVOICES,check_invoices
BILC,"I have an issue paying for my order, what should I do to inform of it?",PAYMENT,payment_issue
BPLC,"someone stole my password and I'd like to retrieve it, please",ACCOUNT,recover_password
BLQD,ask an agent where to view their reimbursement policy,REFUNDS,check_refund_policy
BILC,"I bought an item, what should I do to modify my order?",ORDER,change_order
BILC,"I want to file an opinion for a service, can you help me?",FEEDBACK,review
BILC,"i get an error when i try to make a payment with card, what should i do?",PAYMENT,payment_issue
BL,help me check the options for ticket delivery,DELIVERY,delivery_options
BILC,"I want a reimbursement, how can I obtain one?",REFUNDS,get_refund
BLCZ,"I'm discontent  with the service, submit a complaint",FEEDBACK,complaint
BILC,"I want information, how do I call Client Service?",CONTACT,contact_customer_service
BIL,can you tell me how I can see an invoice?,INVOICES,get_invoice
BPMLQD,"ask an agent where to report issues paying, please",PAYMENT,payment_issue
BIQC,"i wanna get a refund, what do i have to do?",REFUNDS,get_refund
BILC,"I can't understand you, can I contact someone?",CONTACT,contact_human_agent
BML,I'm having a problem when trying to create a profile,ACCOUNT,registration_problems
BMSQ,I want to know something about getting some invoices,INVOICES,get_invoice
BLQC,"I have a problem paying with card, I need help notifying it",PAYMENT,payment_issue
BLQZ,I wanna see an bill,INVOICES,get_invoice
BIL,what's the mail address to contact Client Service?,CONTACT,contact_customer_service
BIL,how can I modify the information on my profile?,ACCOUNT,edit_account
BILQC,"I want to make an opinion, what can I do?",FEEDBACK,review
BLQC,the game was postponed and i wanna get a reimbursement,REFUNDS,get_refund
BILQD,can u ask an agent how i can check their reimbursement policy?,REFUNDS,check_refund_policy
BILC,"I have an issue when trying to pay for my order, what should I do to inform of it?",PAYMENT,payment_issue
BLQZ,i wanna know if i can craete several accounts with a single email,ACCOUNT,create_account
BIML,are my packages on their way?,ORDER,track_order
BILQ,can you tell me if I can pay with Master Card?,PAYMENT,check_payment_methods
BILC,"someone stole my password, how do I retrieve it?",ACCOUNT,recover_password
BILQC,"I have a problem when trying to pay for my online order, how do I report it?",PAYMENT,payment_issue
BSLQ,I want to ask for information about obtaining an invoice,INVOICES,get_invoice
BILC,"I have an issue making a payment, how can I inform of it?",PAYMENT,payment_issue
BILQCZ,"I want to use my other online account, how can I switch them ?",ACCOUNT,switch_account
BMLQD,ask an agent to report problems making a payment,PAYMENT,payment_issue
BILQC,"i wanna view your money back guarantee, can u help me?",REFUNDS,check_refund_policy
BILQZ,where do I check yolur money back guarantee?,REFUNDS,check_refund_policy
BILC,"I ordered an item, what do I have to do to modify my purchase?",ORDER,change_order
BIL,can you show me the email of the Customer Service?,CONTACT,contact_customer_service
BIL,can you give me information about the cancellation fee?,CANCELLATION_FEE,check_cancellation_fee
BILQ,can u show me information about the email address to contact Customer Support?,CONTACT,contact_customer_service
BILQC,"i dont like the service, what should i do to make a complaint?",FEEDBACK,complaint
BMLQ,"I wanna obtain some invoices, can you give me some information?",INVOICES,get_invoice
BILQC,"i want to view your payment methods, can u help me?",PAYMENT,check_payment_methods
BIMLQD,can u ask an agent where to inform of problems making a payment?,PAYMENT,payment_issue
BIQD,can u ask an agent for information about the cancellation fee?,CANCELLATION_FEE,check_cancellation_fee
BML,help me notify payment issues,PAYMENT,payment_issue
BLQC,"I purchased a product, help me change my order",ORDER,change_order
BILQDWZ,can u ask an agent to notify a fucking problem with my payment ?,PAYMENT,payment_issue
BIPLQD,"please, could u ask an agent where I can modify my purchase?",ORDER,change_order
BL,I had problems while creating a profile,ACCOUNT,registration_problems
BLQ,I get an error message when I attempt to make a payment with card,PAYMENT,payment_issue
BIL,where can I notify a problem paying?,PAYMENT,payment_issue
BLCZ,"I haven't got an online acount, help me register",ACCOUNT,create_account
BMLQ,I want to know if I can check my deliveries,ORDER,track_order
BSLC,"I want information, I need help talking to Client Service",CONTACT,contact_customer_service
BPMLQ,"i want to know if i could have several user accounts, please",ACCOUNT,create_account
BIMSQC,"I lost my invoice, what do I have to do to check it?",INVOICES,check_invoices
BILC,"i have a problem paying for my order, how do i notify it?",PAYMENT,payment_issue
BILQD,can u ask an agent where to modify my order?,ORDER,change_order
BILQWC,"i want to remove my fucking profile, how can i do it?",ACCOUNT,delete_account
BMSLC,I didn't receive my bill and I want to check it,INVOICES,check_invoices
BIPLDZ,"please, could you ask angaent how I can receive a refund?",REFUNDS,get_refund
BLQCZ,"I got an  error message when I attempted to make a payment, but I was charged anyway, I need help informing of it",PAYMENT,payment_issue
BILC,"I got an error when I attempted to pay, but my card was charged anyway, can I inform of it?",PAYMENT,payment_issue
BILQC,"i bought an item, can I modify my purchase?",ORDER,change_order
BSLC,"I don't have an online account, I need help opening one",ACCOUNT,create_account
BILC,"i have an issue when trying to make a payment, what can i do to inform of it?",PAYMENT,payment_issue
BIL,can you check my bills?,INVOICES,check_invoices
BILQ,can I cancel a purchase?,ORDER,cancel_order
BIL,what are your payment options?,PAYMENT,check_payment_methods
BIL,can you tell me if you have a newsletter to keep me informed?,NEWSLETTER,newsletter_subscription
BIPLDW,"could you ask an agent where to inform of a fucking payment problem, please?",PAYMENT,payment_issue
BD,ask an agent to file a complaint,FEEDBACK,complaint
BSL,I need help tracking my purchase,ORDER,track_order
BLQC,"i got an error when i tried to make a payment, but my card was charged anyway, i need help reporting it",PAYMENT,payment_issue
BILQ,can I check the status of my purchase?,ORDER,track_order
BLQC,I ordered an item and I want to change my purchase,ORDER,change_order
BSLC,"I don't like the service, I need help making a complaint",FEEDBACK,complaint
BILC,"i have an issue when trying to pay with card, how can i inform of it?",PAYMENT,payment_issue
BILQC,"i have an issue paying for my online order, can u help me?",PAYMENT,payment_issue
BIML,can you obtain some bills?,INVOICES,get_invoice
BILQC,"I changed my mind, how can I remove my user account?",ACCOUNT,delete_account
BIQC,"I want to file a complaint for a service, what should I do?",FEEDBACK,complaint
BIL,how do I modify my profile?,ACCOUNT,edit_account
BIC,"I forgot my password, how can I recover it?",ACCOUNT,recover_password
BILQ,can I inform of a problem with my payment?,PAYMENT,payment_issue
BLQZ,"i want to request a bill, tell me were to do it",INVOICES,get_invoice
BILQC,"i wanna submit a review for a service, what do i have to do?",FEEDBACK,review
BIML,where can I report issues paying?,PAYMENT,payment_issue
BLZ,I want to make a order,ORDER,place_order
BIMSL,what information do you have about seeing some bills?,INVOICES,get_invoice
BISCZ,"i didn't reecive my invoices, what can i do to check them?",INVOICES,check_invoices
BILQC,"I want to check your payment options, what do I have to do?",PAYMENT,check_payment_methods
BIMSC,"I didn't receive my invoice, can you check it?",INVOICES,check_invoices
BIMLQD,can u ask an agent how i can inform of issues with my payment?,PAYMENT,payment_issue
BLQ,I have a problem paying,PAYMENT,payment_issue
BILQC,"I need an account, can I open one?",ACCOUNT,create_account
BPLQD,"please, ask an agent how i can see my invoices",INVOICES,check_invoices
BILQC,"an error message pops when i attempt to pay for my online order, what should i do?",PAYMENT,payment_issue
BPMLQD,"ask an agent where I could inform of payment problems, please",PAYMENT,payment_issue
BPLQD,ask an agent if I could modify my purchase,ORDER,change_order
BIC,"I didn't get a payment confirmation, can you help me?",PAYMENT,payment_issue
BLQ,show me the number of Customer Service,CONTACT,contact_customer_service
BPMLQ,"i wanna know if i can register more than one user account with the same email, please",ACCOUNT,create_account
BILQCZ,"i dont want my rpofile, what can i do to cancel it?",ACCOUNT,delete_account
BILCZ,"I got an error when I attempted to make a payment, but I was charged anyway, what should I do ?",PAYMENT,payment_issue
BIML,can you tell me how to download some invoices?,INVOICES,get_invoice
BSLQCZ,"I can't find my invoices , help me see them",INVOICES,check_invoices
BMZ,information about the delivery period formy tickets,DELIVERY,delivery_period
BILQC,"I got an error message when I tried to make a payment, but I was charged anyway, what should I do to notify it?",PAYMENT,payment_issue
BIPLDZ,could youask an agent what's the cancellation penalty?,CANCELLATION_FEE,check_cancellation_fee
BILQC,"i need information, how do i speak with client service?",CONTACT,contact_customer_service
BML,"I want to obtain some invoices, can you show me some information?",INVOICES,get_invoice
BIM,can you give me information about my invoice?,INVOICES,check_invoices
BLQC,"I have an issue when trying to make a payment, help me report it",PAYMENT,payment_issue
BIMLCZ,"I want to view my invoice, hwat do I have to do?",INVOICES,check_invoices
BILC,"i got an error when i attempted to pay, but my card was charged anyway, what should i do to notify it?",PAYMENT,payment_issue
BIPLQDW,"please, could u ask an agent what your fucking payment options are?",PAYMENT,check_payment_methods
BILC,"the concert was cancelled, how can I obtain a reimbursement?",REFUNDS,get_refund
BILQD,can you ask an agent where to see a bill?,INVOICES,get_invoice
BLQ,i want to know if i can register two online accounts with the same email,ACCOUNT,create_account
BPCZ,I don'r understand you and I'd like to contact a human agent,CONTACT,contact_human_agent
BLC,"i got an error when i tried to make a payment, but i was charged anyway, i need help informing of it",PAYMENT,payment_issue
BILQC,"i cant understand you, what should i do to contact a human?",CONTACT,contact_human_agent
BL,I have problems creating an account,ACCOUNT,registration_problems
BILQC,"I have a question, can I talk to Customer Service?",CONTACT,contact_customer_service
BIPLC,"I have a problem when trying to pay for my order, can you inform of it, please?",PAYMENT,payment_issue
BILQCZ,"I got an error when I tried to pay , but my card was charged anyway, how can I inform of it?",PAYMENT,payment_issue
BILQC,"I want information, how can I call Client Service?",CONTACT,contact_customer_service
BIMLQ,can you tell me if I can create more than one online account with the same email?,ACCOUNT,create_account
BL,help me remove my user account,ACCOUNT,delete_account
BLQC,i bought a product and i wanna change my purchase,ORDER,change_order
BLQ,I need information about the status of my purchase,ORDER,track_order
BILCZ,"you're not hepling , how can I speak with a human?",CONTACT,contact_human_agent
BLZ,tell me wht the email address to contact Client Service is,CONTACT,contact_customer_service
BILQC,"i havent got an online account, how do i create one?",ACCOUNT,create_account
BLQ,I wanna know where to track my shipment,ORDER,track_order
BCZ,I don't know anything about your rfund policy and I want information about it,REFUNDS,check_refund_policy
BIL,where do I check the ticket delivery options?,DELIVERY,delivery_options
BL,i want to leave an opinion,FEEDBACK,review
BILQZ,can you tell me the nbumber of client service?,CONTACT,contact_customer_service
BIPLQD,"please, can you ask an agent how to change my purchase?",ORDER,change_order
BILQCZ,"I want tyo notify a problem paying, what should I do?",PAYMENT,payment_issue
BIMLC,"I want to view cancellation penalties, what can I do?",CANCELLATION_FEE,check_cancellation_fee
BL,i want to see the email of client service,CONTACT,contact_customer_service
BIMSLC,"I can't find my bill, what do I have to do to check it?",INVOICES,check_invoices
BILQC,"i want to cancel a purchase, can u help me?",ORDER,cancel_order
BILQC,"I purchased a product, how can I change my purchase?",ORDER,change_order
BSLQ,I need help switching to another profile,ACCOUNT,switch_account
BPLZ,"help mew switch to another online account, please",ACCOUNT,switch_account
BILC,"I can't remember my password, how do I reset it?",ACCOUNT,recover_password
BLC,"you're not helping, speak with a human agent",CONTACT,contact_human_agent
BILQD,can u ask an agent to inform of an issue with my payment?,PAYMENT,payment_issue
BILC,"i got an error when i tried to pay, but i was charged anyway, what can i do to notify it?",PAYMENT,payment_issue
BILCZ,"i get an error message when i attempt to pay with card, what should i do ?",PAYMENT,payment_issue
BIPLDW,could you ask an agent how to see my fucking invoices?,INVOICES,check_invoices
BIPLQW,could I remove my fucking profile?,ACCOUNT,delete_account
BILZ,acn you download a bill?,INVOICES,get_invoice
BL,tell me if I can pay with Visa,PAYMENT,check_payment_methods
BLQ,i want to contact customer support,CONTACT,contact_customer_service
BIPLD,"please, could you ask an agent how I can switch to another online account?",ACCOUNT,switch_account
BILW,can I inform of a fucking issue with my payment?,PAYMENT,payment_issue
BILC,"I'm happy with the service, what should I do to submit an opinion?",FEEDBACK,review
BILQC,"I have a question, what do I have to do to speak with Customer Support?",CONTACT,contact_customer_service
BLC,I have an issue paying for my order and I want to inform of it,PAYMENT,payment_issue
BL,where to edit my shipping address,SHIPPING,change_shipping_address
BPLD,"ask an agent to check their money back policy, please",REFUNDS,check_refund_policy
BILC,"I haven't got an online account, what should I do to create one?",ACCOUNT,create_account
BIL,where do I lodge a complaint for a service?,FEEDBACK,complaint
BILQC,"I have an issue when trying to make a payment with card, how do I notify it?",PAYMENT,payment_issue
BLQC,"i got an error when i tried to pay, but my card was charged anyway and i wanna inform of it",PAYMENT,payment_issue
BILQC,"i bought an item, can i modify my purchase?",ORDER,change_order
BLC,"I've got no account, register",ACCOUNT,create_account
BIPLQC,"id like to submit a consumer complaint for a service, what do i have to do?",FEEDBACK,complaint
BLQZ,I get a error when I try to make an payment for my online order,PAYMENT,payment_issue
BLD,ask an agent how i can view the status of my refund,REFUNDS,track_refund
BIL,where can i inform of an issue with my payment?,PAYMENT,payment_issue
BPLCZ,"I got an error message whne I attempted to pay, but mh card was charged anyway, inform of it, please",PAYMENT,payment_issue
BILC,"my profile's been hacked, what can I do?",ACCOUNT,recover_password
BIQC,"I want a refund, can I get one?",REFUNDS,get_refund
BILQC,"the event was cancelled, what should I do to obtain a refund?",REFUNDS,get_refund
BILC,"I have a question, how can I talk to Client Service?",CONTACT,contact_customer_service
BIPLQD,could u ask an agent how to see my invoices?,INVOICES,check_invoices
BLC,"my account's been hacked, help me recover it",ACCOUNT,recover_password
BILC,"I want to file an opinion, what can I do?",FEEDBACK,review
BPLD,"please, ask an agent to check their payment options",PAYMENT,check_payment_methods
BMQ,I want to know how to get some invoices,INVOICES,get_invoice
BML,tell me where to track my shipments,ORDER,track_order
BLC,"I can't understand you, speak with someone",CONTACT,contact_human_agent
B,how to delete my account,ACCOUNT,delete_account
BML,how to track my deliveries,ORDER,track_order
BSLQ,I wanna ask for information about obtaining a bill,INVOICES,get_invoice
BSLQC,"I bought an item, I need help changing my purchase",ORDER,change_order
BPLD,"ask an agent when I will get a reimbursement, please",REFUNDS,get_refund
BIMLQZ,can you tell me if I can rceate more than one account with a single email address?,ACCOUNT,create_account
BQC,i cant remember my password and i want to recover it,ACCOUNT,recover_password
BMSL,I want to know something about requesting some invoices,INVOICES,get_invoice
BIZ,where can I subscribe to the newsletter ?,NEWSLETTER,newsletter_subscription
BIPMLQD,could u ask an agent how i could see my bill?,INVOICES,check_invoices
BILQD,can u ask an agent where to cancel my profile?,ACCOUNT,delete_account
BIQC,"i dont understand you, can i contact a human agent?",CONTACT,contact_human_agent
BL,help me open a user account,ACCOUNT,create_account
BLQD,ask an agent if i can obtain a reimbursement,REFUNDS,get_refund
BILQC,"I want information, what can I do to contact Customer Support?",CONTACT,contact_customer_service
BIPLC,"I got an error when I tried to make a payment, but I was charged anyway, could you notify it?",PAYMENT,payment_issue
BLZ,tell me if  can register several accounts with the same email address,ACCOUNT,create_account
BLC,"someone stole my password, help me retrieve it",ACCOUNT,recover_password
BSLQC,"I want information, I need help sending an email to Client Service",CONTACT,contact_customer_service
BILC,"I got an error when I tried to make a payment, but my card was charged anyway, can I report it?",PAYMENT,payment_issue
BILQC,"i need a user account, can u open one?",ACCOUNT,create_account
BILCZ,"I want to use mmy other user account, how do I change them?",ACCOUNT,switch_account
BSLC,"I made a mistake, I need help modifying my order",ORDER,change_order
BMLQD,ask an agent if i can report payment problems,PAYMENT,payment_issue
BSLCZ,"I have no user account, I need help pening one",ACCOUNT,create_account
BIML,where can i inform of issues making a payment?,PAYMENT,payment_issue
BILCZ,"i have a problem when trying to pay for my order, how do i notify it ?",PAYMENT,payment_issue
BILC,"the concert was postponed, can i obtain a refund?",REFUNDS,get_refund
BILQCZ,"i got an err when i tried to pay, but i was charged anyway, can i inform of it?",PAYMENT,payment_issue
BILC,"I don't want my account, can you remove it?",ACCOUNT,delete_account
BL,help me contact someone,CONTACT,contact_human_agent
BILC,"I want to reset my account password, can you help me?",ACCOUNT,recover_password
BIMLQ,where do I see the cancellation penalties?,CANCELLATION_FEE,check_cancellation_fee
BSLC,"I've got no online account, I need help creating one",ACCOUNT,create_account
BIPSC,"I didn't receive my invoices, could you check them, please?",INVOICES,check_invoices
BILC,"I got an error when I tried to make a payment, but I was charged anyway, what can I do to report it?",PAYMENT,payment_issue
BILCZ,"I've got no online account, what do I have to doo to create one?",ACCOUNT,create_account
BIPL,"please, could you tell me how to request an invoice?",INVOICES,get_invoice
BLQC,"I wanna change my purchase, tell me how I can do it",ORDER,change_order
BMLZ,where toreport issues paying,PAYMENT,payment_issue
BML,"I want to download some invoices, can you show me some information?",INVOICES,get_invoice
BPLQCZ,"I bought something and Id like to change my purchase, plezse",ORDER,change_order
BLC,I have a question and I want to call Customer Service,CONTACT,contact_customer_service
BLC,"I haven't got an account, open one",ACCOUNT,create_account
BIMLQC,"i wanna view cancellation fees, what can i do?",CANCELLATION_FEE,check_cancellation_fee
BISLC,"I can't find my bills, what do I have to do to check them?",INVOICES,check_invoices
BIQD,can u ask an agent if i can change to another account?,ACCOUNT,switch_account
BLQC,"i got an error message when i attempted to make a payment, but my card was charged anyway, inform of it",PAYMENT,payment_issue
BLQC,"I want to modify my purchase, can you show me some information?",ORDER,change_order
BM,I found a problem while registering,ACCOUNT,registration_problems
BILQC,"I changed my mind, how can I delete my profile?",ACCOUNT,delete_account
BLCZ,I don't want my accvount and I want to close it,ACCOUNT,delete_account
BL,I have problems creating a profile,ACCOUNT,registration_problems
BSL,I need help reporting an issue paying,PAYMENT,payment_issue
BILQC,"I got an error when I attempted to pay, but my card was charged anyway, what can I do?",PAYMENT,payment_issue
BILZ,how do I view out reimbursement policy?,REFUNDS,check_refund_policy
BSLCZ,"I want to use my other online account, I neerd help changing them",ACCOUNT,switch_account
BMSLQC,I lost my bill and I want to view it,INVOICES,check_invoices
BLQC,"i got an error when i tried to pay, but i was charged anyway and i wanna inform of it",PAYMENT,payment_issue
BIL,what's the number to contact Client Service?,CONTACT,contact_customer_service
BIPMLQDW,could u ask an agent to show me information about the fucking cancellation penalties?,CANCELLATION_FEE,check_cancellation_fee
BIPLZ,could I view yoru payment options?,PAYMENT,check_payment_methods
BI,can you tell me how I can know where my order is?,ORDER,track_order
BILQC,"I purchased something, can I modify my order?",ORDER,change_order
BILC,"I got an error message when I tried to make a payment, but I was charged anyway, can I notify it?",PAYMENT,payment_issue
BML,where to report problems paying,PAYMENT,payment_issue
BPMLWZ,"please , i want to know if i can register more than one fucking jser account with the same email",ACCOUNT,create_account
BPLQD,ask an agent if I could delete my user account,ACCOUNT,delete_account
BILC,"I purchased an item, how do I change my order?",ORDER,change_order
BIQD,can u ask an agent if i can set up my shipping address?,SHIPPING,set_up_shipping_address
BSLC,"I don't want my user account, I need help removing it",ACCOUNT,delete_account
BILQCZ,"my account's been hacked , how can I get it back?",ACCOUNT,recover_password
BILQCZ,"i dont understand you, how can i talk to a human ?",CONTACT,contact_human_agent
BILC,"I want information, what can I do to speak with Customer Support?",CONTACT,contact_customer_service
BIPMLD,can you ask an agent if I could notify payment issues?,PAYMENT,payment_issue
BLZ,where to check yourpayment options,PAYMENT,check_payment_methods
BLC,"I want to change my purchase, tell me where to do it",ORDER,change_order
BIPLD,"please, could you ask an agent where I could file a consumer complaint for a service?",FEEDBACK,complaint
BMLQ,I want to check my bill,INVOICES,check_invoices
BQ,I want to get an invoice,INVOICES,get_invoice
BILQC,"im discontent with the service, what should i do to submit a consumer complaint?",FEEDBACK,complaint
BL,help me report a problem paying,PAYMENT,payment_issue
BILC,"i bought an item, what should i do to modify my purchase?",ORDER,change_order
BMSLQ,I need help obtaining some invoices,INVOICES,get_invoice
BILC,"I haven't got an online account, can you help me?",ACCOUNT,create_account
BILQ,"I want to see an invoice, can you tell me how to do it?",INVOICES,get_invoice
BIPLQDZ,"can u ask an agent how i could mje a complaint, please?",FEEDBACK,complaint
BILCZ,"I'm not happy with the service, what can I do to submit a cvomplaint?",FEEDBACK,complaint
BSLQC,"I need information, I need help sending an email to Customer Support",CONTACT,contact_customer_service
BPLC,"I have an issue when trying to make a payment with card and I'd like to notify it, please",PAYMENT,payment_issue
BLQC,"i want a user account, open one",ACCOUNT,create_account
BIMSLC,"i didn't receive my bill, what should i do to see it?",INVOICES,check_invoices
BIL,can you show me information about the email address of the Client Service?,CONTACT,contact_customer_service
BILQC,"I have a problem making a payment with card, what should I do to report it?",PAYMENT,payment_issue
BILC,"I have no user account, can I register?",ACCOUNT,create_account
BILQC,"I got an error when I attempted to pay, but my card was charged anyway, what do I have to do to inform of it?",PAYMENT,payment_issue
BSLQC,"I want information, I need help speaking with Customer Support",CONTACT,contact_customer_service
BSL,I need help viewing your refund policy,REFUNDS,check_refund_policy
BLCZ,i have an issue when trying to mke an payment with card and i want to inform of it,PAYMENT,payment_issue
BLC,I don't want my online account and I want to cancel it,ACCOUNT,delete_account
BILQC,"I lost my account password, how can I recover it?",ACCOUNT,recover_password
BILQC,"I want to check your money back guarantee, what do I have to do?",REFUNDS,check_refund_policy
BIMLQD,can u ask an agent if i can notify payment issues?,PAYMENT,payment_issue
BILQ,where do I view the ticket delivery options?,DELIVERY,delivery_options
BILQC,"the game was postponed, what do i have to do to get a reimbursement?",REFUNDS,get_refund
BMLQ,I want to request some invoices,INVOICES,get_invoice
BILQC,"I get an error when I try to make a payment for my online order, what should I do?",PAYMENT,payment_issue
BILQC,"i wanna check your money back policy, what should i do?",REFUNDS,check_refund_policy
B,how to file a complaint,FEEDBACK,complaint
BILQC,"an error pops when I try to make a payment with card, what can I do?",PAYMENT,payment_issue
BILQC,"i get an error message when i attempt to pay with card, can u help me?",PAYMENT,payment_issue
BL,i want to know if i can create two profiles with the same email address,ACCOUNT,create_account
BLZ,tell me wha the email to contact Client Service is,CONTACT,contact_customer_service
BILQCZ,"I want to notify a problem with my oayment, what do I have to do?",PAYMENT,payment_issue
BILC,"I don't understand you, what can I do to talk to a human agent?",CONTACT,contact_human_agent
BLCZ,I'm nor happy with the serviceand I want to submit a consumer complaint,FEEDBACK,complaint
BMLQD,ask an agent to inform of payment issues,PAYMENT,payment_issue
BL,I get an error when I try to make a payment for my order,PAYMENT,payment_issue
BIPMLW,"i'd like to download some fucking bills, could you tell me how to do it?",INVOICES,get_invoice
BIQC,"i cant pay, can u help me?",PAYMENT,payment_issue
BILCZ,"an erorr pops when  I try to make a payment with card, what should I do?",PAYMENT,payment_issue
BSLQC,"I didn't receive my bills, show them",INVOICES,check_invoices
BPLD,"ask an agent how I could see their reimbursement policy, please",REFUNDS,check_refund_policy
B,i want information about your payment methods,PAYMENT,check_payment_methods
BLQ,i wanna see the mail to contact Client Service,CONTACT,contact_customer_service
BLQD,ask an agent where i can see their reimbursement policy,REFUNDS,check_refund_policy
BILQD,can u ask an agent where to obtain a refund?,REFUNDS,get_refund
BIQC,"I want to create an account, what can I do?",ACCOUNT,create_account
BILQCZ,"im not happy with the service , what can i do to submit an complaint?",FEEDBACK,complaint
BILQDZ,can u ask an agent if i can trcak my shipment?,ORDER,track_order
BSLQ,I need help seeing the cancellation fee,CANCELLATION_FEE,check_cancellation_fee
BL,I had issues creating a profile,ACCOUNT,registration_problems
BMSL,I want to know something about obtaining some invoices,INVOICES,get_invoice
BMD,ask an agent how i can solve payment issues,PAYMENT,payment_issue
BILC,"the game was cancelled, what should I do to obtain a refund?",REFUNDS,get_refund
BIMSLC,"I lost my invoice, can you show it?",INVOICES,check_invoices
BL,i get an error when i attempt to make a payment for my order,PAYMENT,payment_issue
BIQD,can u ask an agent how i can solve an issue with my payment?,PAYMENT,payment_issue
BILQC,"the game was postponed, what can I do to get a reimbursement?",REFUNDS,get_refund
BILQCZ,"I want a refund, what do I have to do to request one ?",REFUNDS,get_refund
BIPQDW,"please, can u ask an agent how I can change my fucking order?",ORDER,change_order
BILC,"I don't know anything about your money back policy, can you tell me about it?",REFUNDS,check_refund_policy
BPLQWC,"I ordered an item and Id like to modify my fucking order, please",ORDER,change_order
B,you're not helping,CONTACT,contact_human_agent
BILQC,"I got an error when I attempted to make a payment, but I was charged anyway, what should I do to inform of it?",PAYMENT,payment_issue
BLQZ,i want to send a email to client service,CONTACT,contact_customer_service
BILQC,"my user account was hacked, what do i have to do to get it back?",ACCOUNT,recover_password
BLDZ,ask an agent fi i can lodge a complaint for a service,FEEDBACK,complaint
BIPLQDW,"please, could u ask an agent where i could check my fucking bills?",INVOICES,check_invoices
BL,tell me where I can download an invoice,INVOICES,get_invoice
BIC,"I don't like the service, what should I do to file a complaint?",FEEDBACK,complaint
BIPLQWC,"i dont want my fucking online account, could u cancel it?",ACCOUNT,delete_account
BPSLEQC,"i dont have a user account, i need help registering, please",ACCOUNT,create_account
BMDW,ask an agent if my fucking orders are out for delivery,ORDER,track_order
BIPLDW,"please, could you ask an agent where I could view the status of my fucking purchase?",ORDER,track_order
BLC,"the game was postponed, help me request a refund",REFUNDS,get_refund
BIPQW,how could I leave a fucking review?,FEEDBACK,review
BILQC,"the concert was postponed, what do i have to do to get a refund?",REFUNDS,get_refund
BIPMLQD,could u ask an agent where i can see my bill?,INVOICES,check_invoices
BIML,can you tell me if I can register more than one profile with the same email address?,ACCOUNT,create_account
BL,I'm having problems creating an account,ACCOUNT,registration_problems
BILZ,can you tell me if i can create several online accounts with an single email?,ACCOUNT,create_account
BLD,ask an agent how to switch to another account,ACCOUNT,switch_account
BILQC,"i have a problem paying with card, how do i report it?",PAYMENT,payment_issue
BILC,"the game was cancelled, what do i have to do to obtain a refund?",REFUNDS,get_refund
BILQ,can you tell me the number to contact customer support?,CONTACT,contact_customer_service
BIPLQDZ,can u ask an agent howi could send an email to client service?,CONTACT,contact_customer_service
BILC,"I changed my mind, how do I delete my user account?",ACCOUNT,delete_account
BIL,what's the email of the Customer Support?,CONTACT,contact_customer_service
BML,help me inform of payment problems,PAYMENT,payment_issue
BLZ,I want to check your money bck policy,REFUNDS,check_refund_policy
BILQC,"I have a problem when trying to pay with card, what should I do to report it?",PAYMENT,payment_issue
BML,i want to know where to check my orders,ORDER,track_order
BL,I want to know what the number to contact Customer Support is,CONTACT,contact_customer_service
BL,tell me if I can create several accounts with a single email,ACCOUNT,create_account
BSLQC,"i need information, i need help calling customer service",CONTACT,contact_customer_service
BILC,"I don't have a profile, what do I have to do?",ACCOUNT,create_account
BMSLQZ,I need helptracking myu deliveries,ORDER,track_order
BIP,"could you tell me how I could get an invoice, please?",INVOICES,get_invoice
BISLQC,"i can't find my invoices, can u view them?",INVOICES,check_invoices
BLQ,i wanna know how I can see an invoice,INVOICES,get_invoice
BIL,can i update the information on my profile?,ACCOUNT,edit_account
BIQ,where do i file a complaint?,FEEDBACK,complaint
BILQZ,can I cancel my user acciunt ?,ACCOUNT,delete_account
BL,I want information about your payment options,PAYMENT,check_payment_methods
BSLC,"I'm happy with the service, I need help making an opinion",FEEDBACK,review
BIPL,"can you tell me if I could create two profiles with a single email address, please?",ACCOUNT,create_account
BILC,"I have a problem paying for my online order, what do I have to do to report it?",PAYMENT,payment_issue
BILC,"you aren't helping, how do I talk to a person?",CONTACT,contact_human_agent
BILC,"I have a question, can you speak with Customer Support?",CONTACT,contact_customer_service
BQD,ask an agent about the options for delivery,DELIVERY,delivery_options
BSLQ,i want to know about receiving the newsletter,NEWSLETTER,newsletter_subscription
BIPC,"I'd like to check the cancellation fee, what can I do?",CANCELLATION_FEE,check_cancellation_fee
BIMLQZ,where do i view the cancelltion fees?,CANCELLATION_FEE,check_cancellation_fee
BILQZ,can I innform of a problem paying?,PAYMENT,payment_issue
BILC,"I don't understand you, can I speak with a human agent?",CONTACT,contact_human_agent
BC,"i have an issue paying for my order, i need help reporting it",PAYMENT,payment_issue
BILQC,"I need a reimbursement, can I request one?",REFUNDS,get_refund
BILC,"I have a question, how can I speak with Customer Support?",CONTACT,contact_customer_service
BIL,where do I view my bills?,INVOICES,check_invoices
BILQC,"I want to check my order, can you tell me how to do it?",ORDER,track_order
BILQC,"someone stole my password, what should I do to retrieve it?",ACCOUNT,recover_password
BIPLC,"I forgot my account password, can you recover it, please?",ACCOUNT,recover_password
BILZ,can you request an invoice ?,INVOICES,get_invoice
BLD,ask an agent to inform of a problem with my payment,PAYMENT,payment_issue
BL,where to see the options for delivery,DELIVERY,delivery_options
BILQ,can i register several accounts with a single email address?,ACCOUNT,create_account
BLCZ,I yave an issue when trying to make a payment with card and I want to notify it,PAYMENT,payment_issue
BILQCZ,"I got an error whenI tried to pay, but my card was charged anyway, how do I notify it?",PAYMENT,payment_issue
BLQD,ask an agent what the hours of customer support are,CONTACT,contact_customer_service
BIPLWC,"I'm discontent with the service, could you lodge a fucking complaint, please?",FEEDBACK,complaint
BLQ,i wanna write a comment,FEEDBACK,review
BIPLC,"I've got no online account, could you open one, please?",ACCOUNT,create_account
BIQC,"i have an issue paying, can i report it?",PAYMENT,payment_issue
BILQ,can you tell me if i can create several user accounts with a single email address?,ACCOUNT,create_account
BL,i want to speak with client service,CONTACT,contact_customer_service
BMQ,I want to know if I get a full refund in case I cancel my tickets,REFUNDS,check_refund_policy
BILC,"I want to know the status of my reimbursement, can you help me?",REFUNDS,track_refund
BML,I'm having an issue creating a profile,ACCOUNT,registration_problems
BLC,"I got an error message when I tried to make a payment, but I was charged anyway and I want to report it",PAYMENT,payment_issue
BIPMLD,"could you ask an agent if I could inform of issues with my payment, please?",PAYMENT,payment_issue
BIQC,"I changed my mind, can I delete my account?",ACCOUNT,delete_account
BIL,how do i change to another profile?,ACCOUNT,switch_account
BLQ,i wanna know if you have a newsletter I can receive,NEWSLETTER,newsletter_subscription
BILQC,"i wanna open an online account, what do i have to do?",ACCOUNT,create_account
BIPLQC,"i have no user account, can u open one, please?",ACCOUNT,create_account
BLQ,i wanna check my bills,INVOICES,check_invoices
BSLQ,i need help retrieving my account password,ACCOUNT,recover_password
BIQC,"i wanna check your payment methods, what should i do?",PAYMENT,check_payment_methods
BL,where to change to another online account,ACCOUNT,switch_account
BILQC,"i havent got a user account, can u register?",ACCOUNT,create_account
BIL,how do I make a purchase?,ORDER,place_order
BILQC,"I got an error when I tried to make a payment, but I was charged anyway, what do I have to do to inform of it?",PAYMENT,payment_issue
BIMLQ,how do I notify payment problems?,PAYMENT,payment_issue
BIPMQDW,"could u ask an agent how to solve fucking payment issues, please?",PAYMENT,payment_issue
BLQ,i wanna view the status of my order,ORDER,track_order
BIPMLQD,"could u ask an agent how i can report problems with my payment, please?",PAYMENT,payment_issue
BIPMLQD,"please, could u ask an agent if i can report payment problems?",PAYMENT,payment_issue
BLC,"I can't remember my account password, reset it",ACCOUNT,recover_password
BILC,"I want to see my bills, can you help me?",INVOICES,check_invoices
BILQD,can u ask an agent to speak with client service?,CONTACT,contact_customer_service
BILCZ,"I don't understand you, what should I do to contact a person ?",CONTACT,contact_human_agent
BPLQ,"please, i want to know if i could create two user accounts with a single email",ACCOUNT,create_account
BLQ,I want to know if I can create several user accounts with the same email address,ACCOUNT,create_account
BL,where to modify my purchase,ORDER,change_order
BILQC,"I bought something, how do I change my order?",ORDER,change_order
BLC,I'm discontent with the service and I want to file a complaint,FEEDBACK,complaint
BLQC,"I have an issue making a payment with card, inform of it",PAYMENT,payment_issue
BSQ,I want to know about changing my order,ORDER,change_order
BPLDZ,ask an agnet how i could update my profile,ACCOUNT,edit_account
BILQCZ,"i want to obtain a refund, what should i do ?",REFUNDS,get_refund
BD,ask an agent where i can create an account,ACCOUNT,create_account
BL,help me see your payment options,PAYMENT,check_payment_methods
BISLQC,"I can't find my invoices, what do I have to do to view them?",INVOICES,check_invoices
BIPLQC,"i wanna close my online account, how could i do it?",ACCOUNT,delete_account
BILCZ,"I have an issue paying for my online order, what ahould I do to notify it?",PAYMENT,payment_issue
BL,i need information about the status of my reimbursement,REFUNDS,track_refund
BILC,"I have a question, can you call Client Service?",CONTACT,contact_customer_service
BIML,where can I view my invoice?,INVOICES,check_invoices
BPLEC,I do not understand you and I'd like to contact a person,CONTACT,contact_human_agent
BILQC,"I got an error message when I attempted to make a payment, but my card was charged anyway, what do I have to do to notify it?",PAYMENT,payment_issue
BLCZ,I changed my mind aznd I want to delete my user account,ACCOUNT,delete_account
BIPSD,do you mind asking an agent if I could track my order?,ORDER,track_order
BIPLQD,could u ask an agent what i could request a refund for?,REFUNDS,get_refund
BIC,"i have an issue paying for my order, how can i report it?",PAYMENT,payment_issue
BILQCZ,"i got an error message when i tried o make a payment, but my card was charged anyway , how do i report it?",PAYMENT,payment_issue
BZ,where to leave a rreview for a service,FEEDBACK,review
BIPLC,"I'd like a refund, how do I request one?",REFUNDS,get_refund
B,where to track my order,ORDER,track_order
BLQ,i wanna know if i can change my purchase,ORDER,change_order
BLQD,ask an agent to delete my profile,ACCOUNT,delete_account
BLQD,ask an agent where i can report an issue paying,PAYMENT,payment_issue
BML,how to inform of problems making a payment,PAYMENT,payment_issue
BILQC,"I want to update my profile, how can I do it?",ACCOUNT,edit_account
BSL,I need help reporting a problem making a payment,PAYMENT,payment_issue
BILQC,"i havent got an account, what can i do to register?",ACCOUNT,create_account
BIPLQDW,could u ask an agent how i could inform of a fucking payment problem?,PAYMENT,payment_issue
BIPQD,"please, could u ask an agent where i can report an issue with my payment?",PAYMENT,payment_issue
BL,how to write a comment,FEEDBACK,review
BSLQC,"i bought an item, I need help modifying my purchase",ORDER,change_order
BILQ,where can i inform of a payment problem?,PAYMENT,payment_issue
BILQCZ,"the event was postponed , what do i have to do to obtain a reimbursement ?",REFUNDS,get_refund
BIMLQ,where can I inform of problems making a payment?,PAYMENT,payment_issue
BILC,"I got an error when I attempted to pay, but I was charged anyway, can you report it?",PAYMENT,payment_issue
BIPQC,"id like to subscribe to the newsletter, can you tell me how I can do it?",NEWSLETTER,newsletter_subscription
BILCZ,"I want to create a online accountg, can you help me?",ACCOUNT,create_account
BLQC,the concert was postponed and i wanna request a refund,REFUNDS,get_refund
BILQD,can u ask an agent to write a review for a service?,FEEDBACK,review
BLQC,"I got an error when I attempted to pay, but I was charged anyway",PAYMENT,payment_issue
BIPLD,"could you ask an agent if I can lodge a complaint for a service, please?",FEEDBACK,complaint
BLQ,i want to know what the mail of Customer Service is,CONTACT,contact_customer_service
BIL,how do I see a bill?,INVOICES,get_invoice
BIC,"I want to update my shipping address, what should I do?",SHIPPING,change_shipping_address
BML,where to inform of payment issues,PAYMENT,payment_issue
BPLD,"please, ask an agent if i could create a profile",ACCOUNT,create_account
BILC,"I want a refund, how can I request one?",REFUNDS,get_refund
BMSLZ,I need hlp requesting somr bills,INVOICES,get_invoice
BI,can you tell me what the phone number of Customer Service is?,CONTACT,contact_customer_service
BILC,"I want a profile, can I create one?",ACCOUNT,create_account
BILQCZ,"I want information, what should I do to talk to ClientService?",CONTACT,contact_customer_service
BILQZ,can you tell me the free phone number if Customer Support?,CONTACT,contact_customer_service
BIML,how can I notify payment issues?,PAYMENT,payment_issue
BILQCZ,"i rodered a product, howcan i modify my order?",ORDER,change_order
BILC,"I can't remember my account password, how can I recover it?",ACCOUNT,recover_password
BILQC,"I want to close my profile, how can I do it?",ACCOUNT,delete_account
BIL,can you tell me what the mail of Customer Service is?,CONTACT,contact_customer_service
BILQ,how do I cancel my profile?,ACCOUNT,delete_account
BIMLQD,can u ask an agent to show me the cancellation penalties?,CANCELLATION_FEE,check_cancellation_fee
BL,"I want to request an invoice, tell me where to do it",INVOICES,get_invoice
BLQC,"youre not helping, help me speak with a person",CONTACT,contact_human_agent
BILC,"I can't understand you, how do I speak with a human?",CONTACT,contact_human_agent
BILQD,can u ask an agent to report an issue paying?,PAYMENT,payment_issue
BILZ,was my reimbursement processed ?,REFUNDS,track_refund
BILC,"I changed my mind, what should I do to delete my user account?",ACCOUNT,delete_account
BIL,is there a newsletter to stay up-to-date?,NEWSLETTER,newsletter_subscription
BLC,"the show was cancelled, help me request a reimbursement",REFUNDS,get_refund
BIPLD,"please, can you ask an agent what the free number to contact Customer Service is?",CONTACT,contact_customer_service
BL,help me check my package,ORDER,track_order
BIPLD,"could you ask an agent if I can view the cancellation penalty, please?",CANCELLATION_FEE,check_cancellation_fee
BLQC,I ordered something and I wanna change my order,ORDER,change_order
BILQC,"i dont want my user account, what do i have to do to remove it?",ACCOUNT,delete_account
BIPLQC,"the show was postponed, could i obtain a reimbursement, please?",REFUNDS,get_refund
BIL,can you tell me what the free phone number to contact customer service is?,CONTACT,contact_customer_service
BILC,"I don't understand you, can I talk to someone?",CONTACT,contact_human_agent
BILQD,can u ask an agent what the email to contact customer service is?,CONTACT,contact_customer_service
BLQC,"i got an error message when i attempted to pay, but i was charged anyway and i wanna inform of it",PAYMENT,payment_issue
BL,I want to know if I can create two accounts with the same email,ACCOUNT,create_account
BILQC,"I got an error message when I attempted to pay, but I was charged anyway, how can I report it?",PAYMENT,payment_issue
BILC,"I forgot my account password, can I reset it?",ACCOUNT,recover_password
BILC,"I have a problem paying, how can I report it?",PAYMENT,payment_issue
BPSLEQC,"u are not helping, i need help contacting a human, please",CONTACT,contact_human_agent
BIMSLQC,"I didn't receive my bill, how do I check it?",INVOICES,check_invoices
BPLD,"ask an agent what i can get a reimbursement for, please",REFUNDS,get_refund
BIMSQC,"I can't find my invoice, how do I check it?",INVOICES,check_invoices
BLDZ,ask an agent how to inform of an isue paying,PAYMENT,payment_issue
BILQC,"someone stole my password, can u retrieve it?",ACCOUNT,recover_password
BIPLDWZ,"please, can yu ask an agent if I can write a ficking review?",FEEDBACK,review
BPLQW,"please, i want to know how I can modify my fucking order",ORDER,change_order
BIL,can you show me the email address of Customer Support?,CONTACT,contact_customer_service
BL,I want to see the email to contact Customer Service,CONTACT,contact_customer_service
BIPLQCZ,"i have a problem when trying to make a payment with card, could u inform of it , please?",PAYMENT,payment_issue
BILC,"I want to notify an issue with my payment, can you help me?",PAYMENT,payment_issue
BLC,"I need information, help me call Customer Support",CONTACT,contact_customer_service
BLC,i have an issue when trying to pay with card and i want to notify it,PAYMENT,payment_issue
B,I need information about the status of my refund,REFUNDS,track_refund
BIMLQ,can you tell me if i can obtain some bills?,INVOICES,get_invoice
BILQC,"the show was postponed, how do I get a refund?",REFUNDS,get_refund
B,tell me how I can subscribe to the newsletter,NEWSLETTER,newsletter_subscription
BILQD,can u ask an agent how i can report an issue paying?,PAYMENT,payment_issue
BILQ,where can I check my delivery?,ORDER,track_order
BILC,"I don't want my profile, what do I have to do to cancel it?",ACCOUNT,delete_account
BI,can I get an invoice?,INVOICES,get_invoice
BILC,"an error pops when I try to make a payment for my order, what can I do?",PAYMENT,payment_issue
BILC,"I want to view your money back policy, can you help me?",REFUNDS,check_refund_policy
BL,help me view your payment options,PAYMENT,check_payment_methods
BILZ,can you show me the email to contact Customer Sevrice ?,CONTACT,contact_customer_service
BILQ,can I create two online accounts with the same email?,ACCOUNT,create_account
BILQCZ,"i want information, can i contact customre support?",CONTACT,contact_customer_service
BILW,how can I notify a fucking issue making a payment?,PAYMENT,payment_issue
BILC,"I got an error message when I attempted to pay, but my card was charged anyway, can you inform of it?",PAYMENT,payment_issue
BILQC,"my profile was hacked, what can I do to recover it?",ACCOUNT,recover_password
BILQZ,can i open an accxount?,ACCOUNT,create_account
BIMLWC,"I want to track my fucking shipments, can you tell me how I can do it?",ORDER,track_order
BILQCZ,"the show was  cancelled, what can I do to request a reimbursement?",REFUNDS,get_refund
BILC,"I got an error message when I attempted to make a payment, but I was charged anyway, can you report it?",PAYMENT,payment_issue
BLQCZ,"i have a uqestion, call customer serice",CONTACT,contact_customer_service
BSLQC,I lost my invoices and I want to view them,INVOICES,check_invoices
BPLQ,"please, I want to know what the email to contact Client Service is",CONTACT,contact_customer_service
BILQC,"I want to see the ticket delivery options, what should I do?",DELIVERY,delivery_options
BILCZ,"I got a error when I tried to pay, but I was charged anyway, what should I do to notify it?",PAYMENT,payment_issue
BLC,"I want to check my shipment, tell me how I can do it",ORDER,track_order
BPLQDZ,ask an agent if i could rtetrieve my password,ACCOUNT,recover_password
BIL,can I have more than one online account?,ACCOUNT,create_account
BPLQD,"please, ask an agent how to reset my password",ACCOUNT,recover_password
BIL,what's the mail of the Customer Support?,CONTACT,contact_customer_service
BILC,"I want to get a reimbursement, can you help me?",REFUNDS,get_refund
BIL,how can I see your money back guarantee?,REFUNDS,check_refund_policy
BILC,"I haven't got a user account, can you help me?",ACCOUNT,create_account
BSLZ,information about midifying y purchase,ORDER,change_order
BML,help me see some invoices,INVOICES,get_invoice
BIC,"i need a refund, what should i do to get one?",REFUNDS,get_refund
BL,help me change to another profile,ACCOUNT,switch_account
BLQ,i want to know if i can create two accounts with the same email address,ACCOUNT,create_account
BIMLQD,can u ask an agent if i can check my shipments?,ORDER,track_order
BILC,"I get an error message when I attempt to pay for my order, what can I do?",PAYMENT,payment_issue
BLDZ,ask an agent how to file an consumer complaint,FEEDBACK,complaint
BIM,how do I check my invoice?,INVOICES,check_invoices
BLQD,ask an agent how to see their reimbursement policy,REFUNDS,check_refund_policy
BMSL,I want to know something about getting some bills,INVOICES,get_invoice
BSQ,I need help cancelling an order,ORDER,cancel_order
BILC,"I have a question, how do I call Customer Service?",CONTACT,contact_customer_service
BIPQD,"can u ask an agent where i could set up my shipping address, please?",SHIPPING,set_up_shipping_address
BIMLQ,how can i solve problems paying?,PAYMENT,payment_issue
BILQC,"I have no account, what should I do to open one?",ACCOUNT,create_account
BLC,"I want to check my shipment, tell me how to do it",ORDER,track_order
BIMSLQCZ,"I didn't receve my bill, hwat do I have to do to check it?",INVOICES,check_invoices
BSLC,"i have a question, i need help talking to customer support",CONTACT,contact_customer_service
BL,where to write an opinion for a service,FEEDBACK,review
BISC,"i didn't receive my invoices, can i check them?",INVOICES,check_invoices
BIPLQDZ,could you ask an agent how to get an bill?,INVOICES,get_invoice
BM,I want to solve payment issues,PAYMENT,payment_issue
BILQC,"i purchased an item, how do I change my purchase?",ORDER,change_order
BIML,where do i inform of issues making a payment?,PAYMENT,payment_issue
BILC,"i have an issue when trying to make a payment, what can i do?",PAYMENT,payment_issue
BSLQC,"I bought an item, I need help modifying my purchase",ORDER,change_order
BILQC,"I have no online account, what should I do to register?",ACCOUNT,create_account
BILC,"I got an error message when I tried to pay, but I was charged anyway, can you notify it?",PAYMENT,payment_issue
BILQC,"i get an error message when i try to make a payment for my online order, what can i do?",PAYMENT,payment_issue
BLC,I can't understand you and I want to talk to a human,CONTACT,contact_human_agent
BIPLEC,"I do not have a shipping address, could you set it up, please?",SHIPPING,set_up_shipping_address
BILC,"I get an error message when I attempt to make a payment with card, can you help me?",PAYMENT,payment_issue
BMLQCZ,"i want to check my shipments, tgell me where to do it",ORDER,track_order
BILQC,"I have a question, how can I send an email to Client Service?",CONTACT,contact_customer_service
BILQC,"an error pops when i try to pay, can u help me?",PAYMENT,payment_issue
BIMLQC,"i want to check cancellation penalties, what should i do?",CANCELLATION_FEE,check_cancellation_fee
BIMLQC,"i wanna check cancellation penalties, what do i have to do?",CANCELLATION_FEE,check_cancellation_fee
BIQ,where can I place an order?,ORDER,place_order
BC,"my account was hacked, recover it",ACCOUNT,recover_password
BLZ,I can't remember my zccount password,ACCOUNT,recover_password
BPD,"please, ask an agent how I could know where my order is",ORDER,track_order
BILCZ,"I nede information , how can I speak with Customer Service?",CONTACT,contact_customer_service
BLQC,"I have an issue when trying to pay for my online order, notify it",PAYMENT,payment_issue
BLC,"the show was cancelled, get a reimbursement",REFUNDS,get_refund
BMLZ,i want to know if i can rergister more than one user account with an single email address,ACCOUNT,create_account
BIPQD,"please, can u ask an agent how i could solve an issue with my payment?",PAYMENT,payment_issue
BIC,"I want to subscribe to the newsletter, can you tell me how I can do it?",NEWSLETTER,newsletter_subscription
BIMSLCZ,"I can't find my invoice, can  I view it?",INVOICES,check_invoices
BPLW,"help me talk to fucking customer service, please",CONTACT,contact_customer_service
BIC,"I get an error when I try to pay for my order, can you help me?",PAYMENT,payment_issue
BILC,"I haven't got an account, can you open one?",ACCOUNT,create_account
BIQC,"I want information, can I contact Customer Service?",CONTACT,contact_customer_service
BQZ,I want to contact a human gaent,CONTACT,contact_human_agent
BILQCZ,"I got an error message when I attempted to make an payment, but my card was charged anyway, what can I do to notify it?",PAYMENT,payment_issue
BIPLD,"please, can you ask an agent how I could reset my account password?",ACCOUNT,recover_password
BIPLEQC,"my user account has been hacked, could I recover it?",ACCOUNT,recover_password
BLQC,I ordered something and i want to change my order,ORDER,change_order
BIMLQDZ,can u ask an agent to notify issues paying ?,PAYMENT,payment_issue
BLCZ,"I have a issue making a payment, I need help informing of it",PAYMENT,payment_issue
BIMLC,"I want to see cancellation fees, what do I have to do?",CANCELLATION_FEE,check_cancellation_fee
BIMLQD,can u ask an agent if i can inform of issues with my payment?,PAYMENT,payment_issue
BILC,"I got an error when I attempted to make a payment, but I was charged anyway, can you notify it?",PAYMENT,payment_issue
BLQ,I want to switch to another account,ACCOUNT,switch_account
BML,I want to know how I can get some bills,INVOICES,get_invoice
BMLD,ask an agent where I can check my deliveries,ORDER,track_order
BIPL,"could you tell me if i could create several user accounts with a single email address, please?",ACCOUNT,create_account
BILC,"I don't have a profile, what should I do?",ACCOUNT,create_account
BMSLQ,I want to request information about requesting some invoices,INVOICES,get_invoice
BMLQ,i wanna inform of problems paying,PAYMENT,payment_issue
BIMQD,can you ask an agent where to track my orders?,ORDER,track_order
BILQD,can u ask an agent how i can delete my online account?,ACCOUNT,delete_account
BIC,"I've got no account, what do I have to do to create one?",ACCOUNT,create_account
BMSLQ,I need information about obtaining some bills,INVOICES,get_invoice
BILC,"I got an error when I attempted to pay, but I was charged anyway, how do I inform of it?",PAYMENT,payment_issue
BILQD,can u ask an agent what the mail address to contact customer service is?,CONTACT,contact_customer_service
BILC,"i got an error when i attempted to make a payment, but i was charged anyway, how can i notify it?",PAYMENT,payment_issue
BILC,"I don't want my user account, how can I remove it?",ACCOUNT,delete_account
BLQC,"I ordered an item, help me modify my purchase",ORDER,change_order
BILQC,"the event was cancelled, what should i do to obtain a refund?",REFUNDS,get_refund
BIPLQD,"can u ask an agent where i could make a complaint for a service, please?",FEEDBACK,complaint
BILC,"I have no profile, what can I do?",ACCOUNT,create_account
BL,I want to know if I can register several user accounts with the same email address,ACCOUNT,create_account
BIMLZ,can i register more than one account with a single email address ?,ACCOUNT,create_account
BMLZ,i watn to know how I canget some bills,INVOICES,get_invoice
BILQC,"i changed my mind, what should i do to remove my profile?",ACCOUNT,delete_account
BILC,"I can't remember my account password, what can I do to recover it?",ACCOUNT,recover_password
BILQC,"my user account's been hacked, can I get it back?",ACCOUNT,recover_password
BILQC,"i have a problem making a payment with card, can i report it?",PAYMENT,payment_issue
BPLQC,"I want information and I want to talk to Customer Support, please",CONTACT,contact_customer_service
BIPQWCZ,"i wanna track my fucking order, could oyu tell me how yo do it, please?",ORDER,track_order
BLQC,"im happy with the service, help me submit an opinion",FEEDBACK,review
BILQC,"i wanna close my profile, how can i do it?",ACCOUNT,delete_account
BILW,how can i remove my fucking online account?,ACCOUNT,delete_account
BILCZ,"i got an error message  when i attempted to pay, but i was charged anyway, can i notiyf it?",PAYMENT,payment_issue
BS,information about changing my order,ORDER,change_order
B,help me subscribe to the newsletter,NEWSLETTER,newsletter_subscription
BILCZ,"I have a problem paying for my online order, what can I do to infomr of it?",PAYMENT,payment_issue
BILQ,can you tell me if I can own more than one user account?,ACCOUNT,create_account
BLQDZ,ask an agent hw  can check my bills,INVOICES,check_invoices
BIL,can you tell me if i can create two user accounts with a single email address?,ACCOUNT,create_account
BMLQ,i wanna know how to check my orders,ORDER,track_order
BLQCZ,idont want my user account and i want to remove it,ACCOUNT,delete_account
BIPMLQDWZ,"can u ask an agent were i could report fucking problems making a payment, please?",PAYMENT,payment_issue
BILQ,can I reset my password?,ACCOUNT,recover_password
BILCZ,"I lost my account password , what do I have to  do to recover it?",ACCOUNT,recover_password
BSLC,"I need an account, I need help opening one",ACCOUNT,create_account
BLCZ,"I have an problem paying for mny online order, help me report it",PAYMENT,payment_issue
BIML,how do I inform of payment problems?,PAYMENT,payment_issue
BPLD,"ask an agent to write a review for a service, please",FEEDBACK,review
BL,tell me what the email address to contact Customer Support is,CONTACT,contact_customer_service
BL,I want to talk to a human,CONTACT,contact_human_agent
BILQZ,how can I see y bills?,INVOICES,check_invoices
BL,help me speak with a person,CONTACT,contact_human_agent
BILQC,"I got an error message when I tried to pay, but I was charged anyway, how do I inform of it?",PAYMENT,payment_issue
BPLQD,ask an agent if I could request an invoice,INVOICES,get_invoice
BLC,I'm interested in your reimbursement policy and I need information about it,REFUNDS,check_refund_policy
BILC,"I don't have an online account, how can I create one?",ACCOUNT,create_account
BIPLDW,"please, could you ask an agent how I could view their fucking payment options?",PAYMENT,check_payment_methods
BILCZ,"I have a problem when trying to make a payment with  card, how can I notify it?",PAYMENT,payment_issue
BIL,where can I inform of a problem making a payment?,PAYMENT,payment_issue
BIMLZ,can I create more tha one user account with a single email?,ACCOUNT,create_account
BIL,can you tell me if I can track my shipment?,ORDER,track_order
BIL,"I want to obtain a bill, can you tell me how I can do it?",INVOICES,get_invoice
BD,ask an agent for information about the delivery options,DELIVERY,delivery_options
BILC,"I lost my account password, can you help me?",ACCOUNT,recover_password
BIL,can you tell me the free number of Customer Service?,CONTACT,contact_customer_service
BML,I found a problem when trying to sign up,ACCOUNT,registration_problems
BL,I want to write an opinion,FEEDBACK,review
BILEWC,"I am discontent with the service, can I make a fucking complaint?",FEEDBACK,complaint
BSLC,"I don't have an online account, I need help registering",ACCOUNT,create_account
BISL,what can you tell me about receiving the newsletter?,NEWSLETTER,newsletter_subscription
BILQCZ,"i want to inform of an issue paying, wha can i do ?",PAYMENT,payment_issue
BILCZ,"I don't like the service, can you make a consumer complaint ?",FEEDBACK,complaint
BLQC,the event was postponed and i wanna get a reimbursement,REFUNDS,get_refund
BIML,can I register more than one user account with the same email?,ACCOUNT,create_account
BILC,"I changed my mind, how can I close my profile?",ACCOUNT,delete_account
BSLCZ,"I xidn't receive my bills, help me view them",INVOICES,check_invoices
BQC,"I want an account, help me create one",ACCOUNT,create_account
B,I want to know where my order is,ORDER,track_order
BILQC,"I changed my mind, how can I cancel my user account?",ACCOUNT,delete_account
BLQD,ask an agent about the status of my purchase,ORDER,track_order
BILQC,"i want to remove my profile, where can i do it?",ACCOUNT,delete_account
BML,I'm having a problem opening an account,ACCOUNT,registration_problems
BIC,"I haven't got an account, how do I create one?",ACCOUNT,create_account
BLQ,show me the mail of customer support,CONTACT,contact_customer_service
BILC,"I don't want my profile, how do I cancel it?",ACCOUNT,delete_account
BIMLQ,where can i view my bill?,INVOICES,check_invoices
BLZ,how to report a payment rpoblem,PAYMENT,payment_issue
BL,tell me how to receive the newsletter,NEWSLETTER,newsletter_subscription
BIMSLCZ,"I lost my invocie, can I see it?",INVOICES,check_invoices
BLQ,i want to see your payment options,PAYMENT,check_payment_methods
BILCZ,"an error pops qhen I attempt to make a payment with cardf, what should I do?",PAYMENT,payment_issue
BILQCZ,"I have an issue when trying to pay, whatshould I do to inform of it?",PAYMENT,payment_issue
BLCZ,"the event was cancelled, request an reimbursement",REFUNDS,get_refund
B,how to check your refund policy,REFUNDS,check_refund_policy
BILC,"I lost my account password, can I reset it?",ACCOUNT,recover_password
BILQ,how can I speak with a human?,CONTACT,contact_human_agent
BPMLDZ,"ask an agent how I can inform of issues with my apyment, please",PAYMENT,payment_issue
BL,my profile was hacked,ACCOUNT,recover_password
BILC,"I want information, what do I have to do to speak with Client Service?",CONTACT,contact_customer_service
BIML,can you tell me if I can request some invoices?,INVOICES,get_invoice
BIMQ,can u show me information about my invoice?,INVOICES,check_invoices
BLQ,I want to know if I can create two online accounts with a single email address,ACCOUNT,create_account
BILQC,"I want to notify a problem with my payment, what should I do?",PAYMENT,payment_issue
BIPQD,"please, could u ask an agent where i could file a complaint?",FEEDBACK,complaint
BIPMLQDW,could u ask an agent how i could report fucking problems paying?,PAYMENT,payment_issue
B,my card was declined,PAYMENT,payment_issue
BILQC,"I want to inform of a payment issue, what do I have to do?",PAYMENT,payment_issue
BILC,"I have a question, can you send an email to Customer Support?",CONTACT,contact_customer_service
BILC,"I got an error message when I attempted to pay, but my card was charged anyway, how do I notify it?",PAYMENT,payment_issue
BMSQ,I need help checking the cancellation fees,CANCELLATION_FEE,check_cancellation_fee
BM,tell me how long it takes for tickets to arrive,DELIVERY,delivery_period
BILC,"the show was cancelled, what do i have to do?",REFUNDS,get_refund
BILQ,where can I edit my shipping address?,SHIPPING,change_shipping_address
BSLQ,I need help making changes to my shipping address,SHIPPING,change_shipping_address
BIC,"i have an issue when trying to pay, can i report it?",PAYMENT,payment_issue
BIL,can I create two user accounts with a single email?,ACCOUNT,create_account
BI,can you show me the email address of the Customer Service?,CONTACT,contact_customer_service
BLZ,were to see the ticket delivery options,DELIVERY,delivery_options
BILQC,"I made a mistake, what should I do to change my purchase?",ORDER,change_order
BILC,"you aren't helping, can you talk to a human agent?",CONTACT,contact_human_agent
BILC,"I don't have an online account, what should I do to create one?",ACCOUNT,create_account
BLQC,"I got an error message when I attempted to make a payment, but I was charged anyway, I need help reporting it",PAYMENT,payment_issue
BSL,I want to get information about downloading an invoice,INVOICES,get_invoice
BLQ,"I want to get a bill, tell me how I can do it",INVOICES,get_invoice
BL,I want to know if I can create several user accounts with a single email,ACCOUNT,create_account
BML,tell me if I can create more than one profile with the same email,ACCOUNT,create_account
BIL,how can i check the status of my reimbursement?,REFUNDS,track_refund
BI,can you find information about your refund policy?,REFUNDS,check_refund_policy
BLQC,"I got an error message when I attempted to make a payment, but I was charged anyway, report it",PAYMENT,payment_issue
BIQZ,how can I report an issue with my payment ?,PAYMENT,payment_issue
BLC,I don't understand you and I want to talk to a human,CONTACT,contact_human_agent
BILQC,"I purchased an item, can I change my purchase?",ORDER,change_order
BL,where to remove my user account,ACCOUNT,delete_account
B,I want to know how long it takes for a ticket to arrive,DELIVERY,delivery_period
BILZ,can you tel me what the free no of Client Service is?,CONTACT,contact_customer_service
BIQC,"I want to recover my password, what can I do?",ACCOUNT,recover_password
BIPSLQC,"I can't find my bills, could I see them?",INVOICES,check_invoices
BILC,"the event was cancelled, what do I have to do to get a reimbursement?",REFUNDS,get_refund
BILC,"I want to create an online account, what do I have to do?",ACCOUNT,create_account
BL,tell me how to download a bill,INVOICES,get_invoice
BSLQC,"I didn't receive my invoices, I need help seeing them",INVOICES,check_invoices
BML,i want to know if i can have several accounts,ACCOUNT,create_account
BIL,how do I check the status of my purchase?,ORDER,track_order
BILQC,"the concert was postponed, what should i do to get a reimbursement?",REFUNDS,get_refund
B,how to edit my profile,ACCOUNT,edit_account
BILQDW,can u ask an agent how to modify my fucking profile?,ACCOUNT,edit_account
BLCZ,"I don't know anything about your reimbursement policy , tell me about it",REFUNDS,check_refund_policy
BILQC,"i wanna notify an issue making a payment, what do i have to do?",PAYMENT,payment_issue
BPSQW,"please, i wanna get information about subscribing to the fucking newsletter",NEWSLETTER,newsletter_subscription
BML,tell me if my packages are on their way,ORDER,track_order
BILC,"you aren't helping, how do I talk to a human agent?",CONTACT,contact_human_agent
BIMSLC,"I can't find my bill, can I view it?",INVOICES,check_invoices
BMQ,i want to know how fast i can expect my tickets to arrive,DELIVERY,delivery_period
BIL,what's the cancellation penalty?,CANCELLATION_FEE,check_cancellation_fee
BIML,how do I see some bills?,INVOICES,get_invoice
BLQ,"I want to download a bill, tell me how I can do it",INVOICES,get_invoice
BIL,how can I view your payment methods?,PAYMENT,check_payment_methods
BL,help me make a consumer complaint for a service,FEEDBACK,complaint
BIL,can you tell me the mail to contact Client Service?,CONTACT,contact_customer_service
BLC,you aren't helping and I want to talk to a human agent,CONTACT,contact_human_agent
BLQC,"I have a question, help me call Client Service",CONTACT,contact_customer_service
BILQC,"i get an error message when i try to pay for my online order, can u help me?",PAYMENT,payment_issue
BILCZ,"I don't want ky online account , how do I delete it?",ACCOUNT,delete_account
BPLQD,"please, ask an agent if i could make a purchase",ORDER,place_order
BILQC,"I want to solve a payment problem, what can I do?",PAYMENT,payment_issue
BIQC,"i wanna update my shipping address, what can i do?",SHIPPING,change_shipping_address
BILQC,"I changed my mind, how can I close my account?",ACCOUNT,delete_account
BISLQC,"I didn't receive my bills, how can I view them?",INVOICES,check_invoices
BILQD,can u ask an agent how to obtain an invoice?,INVOICES,get_invoice
BIPLQDW,"could u ask an agent how to notify a fucking issue making a payment, please?",PAYMENT,payment_issue
BILQC,"i wanna create a profile, what do i have to do?",ACCOUNT,create_account
BL,show me the mail address of the Customer Service,CONTACT,contact_customer_service
BSLQ,I want to ask for information about modifying my order,ORDER,change_order
BIMSLQC,"I didn't receive my bill, how do I see it?",INVOICES,check_invoices
BIPMQD,"can u ask an agent for information about the cancellation fees, please?",CANCELLATION_FEE,check_cancellation_fee
BLQC,i cant remember my password and i want to reset it,ACCOUNT,recover_password
BILC,"I haven't got an online account, how do I create one?",ACCOUNT,create_account
BIPL,could you tell me if i could create several online accounts with the same email?,ACCOUNT,create_account
BIPLDW,"please, can you ask an agent if I could lodge a fucking consumer complaint?",FEEDBACK,complaint
BMSLQWC,i lost my fucking bill and i wanna view it,INVOICES,check_invoices
BLC,"I got an error when I attempted to pay, but my card was charged anyway, I need help informing of it",PAYMENT,payment_issue
BILCZ,"I got a error message when I attempted to pay, but my card was charged anyway, what do I have to do?",PAYMENT,payment_issue
BILQC,"i want to open a user account, what can i do?",ACCOUNT,create_account
BILQC,"i wanna see my bills, what can i do?",INVOICES,check_invoices
BILC,"i want information, how do i talk to customer service?",CONTACT,contact_customer_service
BILC,"I want to check your money back guarantee, can you help me?",REFUNDS,check_refund_policy
BIL,how can I change to another user account?,ACCOUNT,switch_account
BLQZ,I want to request an nivoice,INVOICES,get_invoice
BILC,"I haven't got an account, can I register?",ACCOUNT,create_account
BIPLDW,"please, can you ask an agent how I can report a fucking issue making a payment?",PAYMENT,payment_issue
BILC,"I'm discontent with the service, can you submit a consumer complaint?",FEEDBACK,complaint
BILWC,"i ordered something, what should i do to modify my fucking purchase?",ORDER,change_order
BML,I found a problem while creating an account,ACCOUNT,registration_problems
BLQ,I need information about the options for ticket delivery,DELIVERY,delivery_options
BL,I want to know if I can make a payment with Master Card,PAYMENT,check_payment_methods
BL,tell me what the free number of Client Service is,CONTACT,contact_customer_service
BIM,how long does it take for tickets to arrive?,DELIVERY,delivery_period
BIPQC,"id like an account, could i create one?",ACCOUNT,create_account
BLQ,I need information about your money back policy,REFUNDS,check_refund_policy
BILC,"I want to file an opinion for a service, what should I do?",FEEDBACK,review
BIL,can you tell me how I can receive the newsletter?,NEWSLETTER,newsletter_subscription
BIMSLC,"I didn't receive my bill, can you show it?",INVOICES,check_invoices
BIMSLC,"I lost my bill, what can I do to check it?",INVOICES,check_invoices
BILZ,can you see an invoice ?,INVOICES,get_invoice
BQZ,I ant to recover my password,ACCOUNT,recover_password
BC,"I got an error when I tried to pay, but I was charged anyway, report it",PAYMENT,payment_issue
BILQC,"i have a problem when trying to make a payment with card, what do i have to do to notify it?",PAYMENT,payment_issue
BLQ,I want to know if i can see a bill,INVOICES,get_invoice
BILC,"i need information, how do i send an email to customer support?",CONTACT,contact_customer_service
BSLQ,i wanna know about modifying my order,ORDER,change_order
BILQD,can u ask an agent to talk to customer support?,CONTACT,contact_customer_service
BILC,"I can't remember my account password, how can I reset it?",ACCOUNT,recover_password
BILD,can you ask an agent where I can check my package?,ORDER,track_order
BILQCZ,"i wana cancel my profile, how can i  do it?",ACCOUNT,delete_account
BILQC,"i havent got a profile, what should i do?",ACCOUNT,create_account
BIL,how can I track my reimbursement?,REFUNDS,track_refund
BILQC,"I have an issue making a payment with card, can I notify it?",PAYMENT,payment_issue
BILC,"I can't understand you, what should I do to contact a person?",CONTACT,contact_human_agent
BIPQD,"please, can u ask an agent how i could solve a payment issue?",PAYMENT,payment_issue
BIL,what's the mail of Customer Support?,CONTACT,contact_customer_service
BILCZ,"I want to lodge an complaint, can you help me?",FEEDBACK,complaint
BIMLQC,"I want to see cancellation penalties, what do I have to do?",CANCELLATION_FEE,check_cancellation_fee
BILQ,can i leave an opinion for a service?,FEEDBACK,review
BIC,"I want to check the options for delivery, what can I do?",DELIVERY,delivery_options
BPLQDW,"ask an agent where I could report a fucking problem making a payment, please",PAYMENT,payment_issue
BILC,"I got an error when I tried to make a payment, but my card was charged anyway, what do I have to do to report it?",PAYMENT,payment_issue
BILC,"I'm not happy with the service, what should I do to make a consumer complaint?",FEEDBACK,complaint
BLQ,show me the email address to contact customer support,CONTACT,contact_customer_service
BIPMLQD,"can u ask an agent how to request some invoices, please?",INVOICES,get_invoice
BP,I'd like to see the email address of the Customer Service,CONTACT,contact_customer_service
BLQ,I want to know if I can make a payment with Visa,PAYMENT,check_payment_methods
BPLEQC,"i made a mistake and I would like to modify my purchase, please",ORDER,change_order
BIPLD,could you ask an agent how to write an opinion?,FEEDBACK,review
BMSL,information about requesting some invoices,INVOICES,get_invoice
BILQC,"I want to track my reimbursement, what should I do?",REFUNDS,track_refund
BILC,"I have a question, how can I call Customer Support?",CONTACT,contact_customer_service
BSCZ,"someone stole my pssword , I need help recovering it",ACCOUNT,recover_password
BIPLQC,"i have a question, could u send an email to customer support, please?",CONTACT,contact_customer_service
BILCZ,"I waant to inform of a problem with my payment, cqn you help me?",PAYMENT,payment_issue
BIPLQ,"can u give me information about the email address of the Customer Service, please?",CONTACT,contact_customer_service
BL,i want information about your reimbursement policy,REFUNDS,check_refund_policy
BL,contact a human,CONTACT,contact_human_agent
BILQC,"I purchased an item, how do I change my purchase?",ORDER,change_order
BILCZ,"I want to submit a review, can you helpo me?",FEEDBACK,review
B,where to subscribe to the newsletter,NEWSLETTER,newsletter_subscription
BILCZ,"I need information, can I talkto Customer Service?",CONTACT,contact_customer_service
BQC,"i want to subscribe to the newsletter, tell me how I can do it",NEWSLETTER,newsletter_subscription
BILQC,"I bought a product, how can I change my purchase?",ORDER,change_order
BMLQ,I want to know where I can check my shipments,ORDER,track_order
BPQD,"ask an agent if I could change to another account, please",ACCOUNT,switch_account
BIL,can you find information about the mail address of the Client Service?,CONTACT,contact_customer_service
BIPDW,"please, could you ask an agent if I could solve a fucking issue with my payment?",PAYMENT,payment_issue
BILCZ,"you're not helping, what should I  do to talk to a human agent?",CONTACT,contact_human_agent
BI,is there any human agent available?,CONTACT,contact_human_agent
BLQC,I purchased an item and I want to change my purchase,ORDER,change_order
BILC,"I have a problem when trying to make a payment, can you notify it?",PAYMENT,payment_issue
BIL,can you find information about the email address of the Customer Support?,CONTACT,contact_customer_service
BILC,"I need information, what should I do to send an email to Customer Support?",CONTACT,contact_customer_service
BLQC,"i dont like the service, lodge a consumer complaint",FEEDBACK,complaint
BLC,"I have a question, help me send an email to Customer Service",CONTACT,contact_customer_service
BML,I want to report problems with my payment,PAYMENT,payment_issue
BILC,"I purchased a product, what should I do to change my purchase?",ORDER,change_order
BIC,"I want to solve an issue with my payment, what can I do?",PAYMENT,payment_issue
BIPQDZ,"can u ask an agent if i could check ym inovices, please?",INVOICES,check_invoices
BILQC,"I want to notify an issue with my payment, what can I do?",PAYMENT,payment_issue
BIL,where do I modify my purchase?,ORDER,change_order
BL,help me leave an opinion,FEEDBACK,review
BIMSLC,"i can't find my bill, what do i have to do to see it?",INVOICES,check_invoices
BILQC,"i wanna reset my account password, how can i do it?",ACCOUNT,recover_password
BPLWC,"the fucking show was postponed and I'd like to obtain a reimbursement, please",REFUNDS,get_refund
BLQC,"I have a problem when trying to pay with card, I need help reporting it",PAYMENT,payment_issue
BIPLQC,"i have a problem when trying to pay for my order, could u inform of it?",PAYMENT,payment_issue
BILQC,"my online account was hacked, what do I have to do to recover it?",ACCOUNT,recover_password
BILQ,can u show me information about your payment methods?,PAYMENT,check_payment_methods
BILQC,"my online account's been hacked, how do I recover it?",ACCOUNT,recover_password
BILC,"you're not helping, can I talk to a human agent?",CONTACT,contact_human_agent
BILC,"I get an error when I attempt to make a payment with card, what should I do?",PAYMENT,payment_issue
BIPLQ,"can you tell me if i could register several user accounts with the same email, please?",ACCOUNT,create_account
BSLCZ,"I'm discontent with the service , I need help makign a consumer complaint",FEEDBACK,complaint
BLQ,I want to see the status of my refund,REFUNDS,track_refund
BIL,how can I report an issue making a payment?,PAYMENT,payment_issue
BLQ,"I want to download a bill, tell me how to do it",INVOICES,get_invoice
BILQ,how can i cancel my online account?,ACCOUNT,delete_account
BILQC,"someone stole my account password, how can I reset it?",ACCOUNT,recover_password
BPLQDWZ,"ask an agent if I could report a fucking problem paiyng, please",PAYMENT,payment_issue
BILQ,how can I view my bills?,INVOICES,check_invoices
BIMLQ,can i create more than one online account with the same email address?,ACCOUNT,create_account
BLQ,an error message pops when I try to make a payment with card,PAYMENT,payment_issue
BLQ,how to send an email to Client Service,CONTACT,contact_customer_service
BLQCZ,I changed my mind and I want to remove myonoine account,ACCOUNT,delete_account
BPLQC,"the show was postponed and i wanna obtain a refund, please",REFUNDS,get_refund
BILC,"you're not helping, what should I do to talk to a human?",CONTACT,contact_human_agent
BIPL,"please, could you show me my bills?",INVOICES,check_invoices
BMLQ,I want to know where to check my packages,ORDER,track_order
BILQC,"an error message pops when I attempt to make a payment with card, what do I have to do?",PAYMENT,payment_issue
BPLD,"ask an agent how i can make a consumer complaint, please",FEEDBACK,complaint
BIPLQDW,"could u ask an agent to give me information about the fucking delivery options, please?",DELIVERY,delivery_options
BLQ,"i want to request a bill, tell me how to do it",INVOICES,get_invoice
BLQC,im not happy with the service and i wanna lodge a consumer complaint,FEEDBACK,complaint
BL,i want to check your reimbursement policy,REFUNDS,check_refund_policy
BILQC,"i wanna notify a payment issue, can u help me?",PAYMENT,payment_issue
BILQZ,is there a free phone no to contact Customer Support?,CONTACT,contact_customer_service
BL,show me the free number of Client Service,CONTACT,contact_customer_service
BSLC,"I don't understand you, I need help talking to a human",CONTACT,contact_human_agent
BILC,"I got an error when I tried to make a payment, but I was charged anyway, how do I notify it?",PAYMENT,payment_issue
BIL,"I want to see a bill, can you tell me how I can do it?",INVOICES,get_invoice
BILQ,can you tell me what the phone number of client service is?,CONTACT,contact_customer_service
BL,I want to contact Client Service,CONTACT,contact_customer_service
BIPL,"please, could you tell me if I can create several user accounts with a single email?",ACCOUNT,create_account
BL,how to call Client Service,CONTACT,contact_customer_service
BIL,how do i see my bills?,INVOICES,check_invoices
BILQC,"I have an issue when trying to make a payment with card, can I notify it?",PAYMENT,payment_issue
BLQC,"i have a problem paying with card, i need help notifying it",PAYMENT,payment_issue
BSLQC,"I can't find my bills, help me see them",INVOICES,check_invoices
BSQ,i need help checking your refund policy,REFUNDS,check_refund_policy
BL,I want to use my other profile,ACCOUNT,switch_account
BILCZ,"I have a problem paying for my order , can you help me?",PAYMENT,payment_issue
BIMLQ,can I check the cancellation penalties?,CANCELLATION_FEE,check_cancellation_fee
BPMLZ,"tell me if Ican register more than one user account with a single email address, please",ACCOUNT,create_account
B,help me delete my account,ACCOUNT,delete_account
BLQC,"i have an issue when trying to pay, inform of it",PAYMENT,payment_issue
BILCZ,"I got a error when I attempted to pay, but I was charged anyway, how can I inform of it?",PAYMENT,payment_issue
BILQC,"I have a question, how can I talk to Customer Service?",CONTACT,contact_customer_service
BILQ,can you tell me if I can create two online accounts with a single email address?,ACCOUNT,create_account
BLQ,I want to delete my user account,ACCOUNT,delete_account
BLEQ,i wanna know if there is a newsletter to stay up-to-date,NEWSLETTER,newsletter_subscription
BML,tell me if I can download some bills,INVOICES,get_invoice
BILQC,"I got an error message when I tried to make a payment, but I was charged anyway, can I report it?",PAYMENT,payment_issue
BILC,"I have a problem when trying to pay for my online order, what should I do to report it?",PAYMENT,payment_issue
BILQ,can you tell me if there is a free number to contact Customer Support?,CONTACT,contact_customer_service
BLQC,"i have a question, speak with client service",CONTACT,contact_customer_service
BLQCZ,ive got no online accountand i want to create one,ACCOUNT,create_account
BILCZ,"I have a rpoblem paying for my order, what should I do to report it?",PAYMENT,payment_issue
BIMQC,"I wanna track my orders, can you tell me how I can do it?",ORDER,track_order
BPMQ,"please, I wanna know how I can track my orders",ORDER,track_order
BIPLQDZ,"can u ask an agent if i could switch to aqnother account, please?",ACCOUNT,switch_account
BLQZ,sbow me the email address to contact clent service,CONTACT,contact_customer_service
BILW,where do I see the fucking cancellation fee?,CANCELLATION_FEE,check_cancellation_fee
BSLQC,"I ordered something, I need help changing my order",ORDER,change_order
BL,help me notify a problem with my payment,PAYMENT,payment_issue
BILC,"I want to use my other online account, what should I do to change them?",ACCOUNT,switch_account
BQ,i wanna know if i can subscribe to the newsletter,NEWSLETTER,newsletter_subscription
BIL,can I update my shipping address?,SHIPPING,change_shipping_address
BIL,how can I obtain a refund?,REFUNDS,get_refund
BLC,"I haven't got a profile, help me create one",ACCOUNT,create_account
BILQC,"i wanna use my other user account, can u change them?",ACCOUNT,switch_account
BLQC,I have a question and I want to send an email to Client Service,CONTACT,contact_customer_service
BI,can you tell me if I can register two accounts with the same email?,ACCOUNT,create_account
BILQCZ,"the game was cancelled , wat do I have to do to get a refund?",REFUNDS,get_refund
BILC,"i have a problem making a payment, what do i have to do to report it?",PAYMENT,payment_issue
BLQ,I want to know if I can see a bill,INVOICES,get_invoice
BS,information about subscribing to the newsletter,NEWSLETTER,newsletter_subscription
BQZ,i want to see the phone no of Customer Service,CONTACT,contact_customer_service
BILC,"I got an error message when I attempted to make a payment, but I was charged anyway, can you inform of it?",PAYMENT,payment_issue
BI,can you check the status of my refund?,REFUNDS,track_refund
BSL,I need help removing my account,ACCOUNT,delete_account
BL,I want to view your money back policy,REFUNDS,check_refund_policy
BIPLQD,"could u ask an agent where to cancel my account, please?",ACCOUNT,delete_account
BLC,"I have a question, help me talk to Customer Support",CONTACT,contact_customer_service
BILQDZ,can u ask an agent how  to solve an issue making a payment?,PAYMENT,payment_issue
BI,can you tell me how to know where my order is?,ORDER,track_order
BLQZ,I wanna modify my order beforeyou send it,ORDER,change_order
BSLC,"I haven't got a user account, I need help registering",ACCOUNT,create_account
BILC,"you aren't helping, what do I have to do to talk to someone?",CONTACT,contact_human_agent
BILQCZ,"the show was cancelled, what should i do ot request a reimbursement?",REFUNDS,get_refund
BML,i want to solve payment problems,PAYMENT,payment_issue
BILC,"I have a problem paying, how can I notify it?",PAYMENT,payment_issue
BILCZ,"I can't understand you, what can I do to contact a human ?",CONTACT,contact_human_agent
B,where is my order?,ORDER,track_order
BILEQC,"i am happy with the service, can u file a comment?",FEEDBACK,review
BPLEC,"I got an error when I tried to make a payment, but my card was charged anyway and I would like to notify it",PAYMENT,payment_issue
BPLD,"ask an agent how I could cancel my online account, please",ACCOUNT,delete_account
BIC,"I've got no account, can I create one?",ACCOUNT,create_account
BLQC,"I need information, call Customer Support",CONTACT,contact_customer_service
BMLQ,I want to know if I can track my deliveries,ORDER,track_order
BIMSLQC,"I can't find my bill, how do I check it?",INVOICES,check_invoices
BL,help me report a problem making a payment,PAYMENT,payment_issue
BSLZ,I need help opoening an user account,ACCOUNT,create_account
BILQC,"I purchased something, how can I change my purchase?",ORDER,change_order
BL,where to track my reimbursement,REFUNDS,track_refund
BM,i want to know if i can get some invoices,INVOICES,get_invoice
BLC,I don't like the service and I want to make a consumer complaint,FEEDBACK,complaint
BIL,can I file a consumer complaint?,FEEDBACK,complaint
BILC,"I've got no user account, can you open one?",ACCOUNT,create_account
BMLQ,I want to know if my shipments are out for delivery,ORDER,track_order
BIL,where do I check the options for ticket delivery?,DELIVERY,delivery_options
BILQ,can you tell me what the phone number of Client Service is?,CONTACT,contact_customer_service
BLQ,I want to call Customer Service,CONTACT,contact_customer_service
BILCZ,"I want to create a user acount, can you help me?",ACCOUNT,create_account
BILQC,"an error pops when I try to make a payment, what do I have to do?",PAYMENT,payment_issue
BILC,"the event was postponed, how can i obtain a refund?",REFUNDS,get_refund
BLQC,the show was cancelled and I want to request a reimbursement,REFUNDS,get_refund
BILQCZ,"i wanna make a consumer complaint fror a service, can u help me?",FEEDBACK,complaint
BILC,"I don't want my online account, can I remove it?",ACCOUNT,delete_account
BIPLEC,"I would like information, can I talk to Customer Support?",CONTACT,contact_customer_service
BML,how to inform of issues paying,PAYMENT,payment_issue
BILQC,"I have a problem paying, what can I do?",PAYMENT,payment_issue
BSC,"i lost my password, i need help recovering it",ACCOUNT,recover_password
BI,how do I check the options for delivery?,DELIVERY,delivery_options
BIPLQD,"please, can u ask an agent where to leave a comment?",FEEDBACK,review
BILC,"I have a question, how do I send an email to Customer Service?",CONTACT,contact_customer_service
BILQCZ,"I purchased soemthing, can i chbange my purchase?",ORDER,change_order
BIPLC,"my user account's been hacked, how could I get it back?",ACCOUNT,recover_password
BL,I want to know if I can register several profiles with a single email address,ACCOUNT,create_account
BMLQ,I want to know if my packages are out for delivery,ORDER,track_order
BLC,"I made a mistake, modify my purchase",ORDER,change_order
BIMSLCZ,"I didn't receive my bill, what should  do to iew it?",INVOICES,check_invoices
BID,can you ask an agent if Customer Service is available?,CONTACT,contact_customer_service
BILQCZ,"I want to use my other profile, what can I do to change them ?",ACCOUNT,switch_account
BL,where to see your payment methods,PAYMENT,check_payment_methods
BLC,"my online account's been hacked, get it back",ACCOUNT,recover_password
BILQC,"i dont like the service, how can i submit a consumer complaint?",FEEDBACK,complaint
BPLQC,"you arent helping, contact someone, please",CONTACT,contact_human_agent
BLQCZ,"i got an errr when i attempted to pay, but i was charged anyway, inform of it",PAYMENT,payment_issue
BILQ,how can i talk to a human agent?,CONTACT,contact_human_agent
BIPLQ,"please, can you tell me if I can create several profiles with the same email address?",ACCOUNT,create_account
BILC,"I don't want my online account, what do I have to do to delete it?",ACCOUNT,delete_account
BLQ,I want to see the free phone number of Customer Support,CONTACT,contact_customer_service
BILCZ,"I have an issu paying for my online order, can I notify it?",PAYMENT,payment_issue
BMLZ,I wasnt to solve issues making an payment,PAYMENT,payment_issue
B,where to get an invoice,INVOICES,get_invoice
BILC,"I got an error message when I attempted to pay, but I was charged anyway, can I notify it?",PAYMENT,payment_issue
BIL,"I want to obtain an invoice, can you tell me where to do it?",INVOICES,get_invoice
BMSL,I want to request information about obtaining some invoices,INVOICES,get_invoice
B,tell me how long refunds take,REFUNDS,check_refund_policy
BQ,i want to see the delivery period,DELIVERY,delivery_period
BIPLQDW,"could u ask an agent what my order of my fucking package is, please?",ORDER,track_order
BSL,I need help creating an online account,ACCOUNT,create_account
BLQ,I want to know what the number to contact Client Service is,CONTACT,contact_customer_service
BSL,i need help recovering my account password,ACCOUNT,recover_password
BILC,"you're not helping, what should I do to speak with a human?",CONTACT,contact_human_agent
BLC,"you're not helping, talk to a person",CONTACT,contact_human_agent
BLQZ,I want to view te acncellation penalty,CANCELLATION_FEE,check_cancellation_fee
BILQD,can u ask an agent how i can inform of a problem with my payment?,PAYMENT,payment_issue
BLZ,were to check my package,ORDER,track_order
BILQ,can you tell me the mail to contact Customer Support?,CONTACT,contact_customer_service
BLC,I don't have a user account and I want to register,ACCOUNT,create_account
BLQZ,I want to know how to request an invpice,INVOICES,get_invoice
BIPLD,"please, can you ask an agent where I can receive a refund?",REFUNDS,get_refund
BLC,"I don't understand you, help me speak with a human agent",CONTACT,contact_human_agent
BILQC,"I ordered a product, how can I modify my purchase?",ORDER,change_order
BILCZ,"I don'tunderstand you, can I contact a person ?",CONTACT,contact_human_agent
BILC,"I don't understand you, can you talk to a human?",CONTACT,contact_human_agent
BIML,can you see some bills?,INVOICES,get_invoice
BILC,"I can't remember my account password, can you help me?",ACCOUNT,recover_password
BILQC,"I ordered something, what should I do to modify my purchase?",ORDER,change_order
BILQ,can i change to another user account?,ACCOUNT,switch_account
BILQC,"my profile was hacked, how can i get it back?",ACCOUNT,recover_password
BPLQD,"ask an agent where to report an issue paying, please",PAYMENT,payment_issue
B,I want to place an order,ORDER,place_order
BIPL,"can you tell me if i can create two accounts with the same email, please?",ACCOUNT,create_account
BLQC,the show was postponed and I want to get a reimbursement,REFUNDS,get_refund
BILQD,can u ask an agent where i can make an order?,ORDER,place_order
BQ,I want to check the delivery options,DELIVERY,delivery_options
BLEQC,"i am happy with the service, help me lodge a comment",FEEDBACK,review
BILQ,can I have more than one account?,ACCOUNT,create_account
BLC,"I don't have an account, help me register",ACCOUNT,create_account
BIPLEC,"I do not understand you, could you talk to a person?",CONTACT,contact_human_agent
BIL,how do I view your payment options?,PAYMENT,check_payment_methods
BLQC,"I ordered an item, help me modify my order",ORDER,change_order
BILQC,"i got an error when i attempted to make a payment, but my card was charged anyway, what can i do to notify it?",PAYMENT,payment_issue
BILC,"I got an error message when I attempted to pay, but I was charged anyway, can you inform of it?",PAYMENT,payment_issue
BLDWZ,ask an agent hoe i can notify a fucking problem with my payment,PAYMENT,payment_issue
BLQDWZ,ask an agent  how to inform of a fucking problem paying,PAYMENT,payment_issue
BILQ,where do I check my shipment?,ORDER,track_order
BIL,can I contact someone?,CONTACT,contact_human_agent
BIPMSLD,do you mind asking an agent how I could request some invoices?,INVOICES,get_invoice
BILC,"I have a problem paying for my order, how do I notify it?",PAYMENT,payment_issue
BILQC,"im discontent with the service, can i file a consumer complaint?",FEEDBACK,complaint
BILQ,how do I remove my online account?,ACCOUNT,delete_account
BIL,can you tell me if I can check my package?,ORDER,track_order
BILQC,"I need a reimbursement, how do I get one?",REFUNDS,get_refund
BLC,"i got an error when i attempted to make a payment, but i was charged anyway, report it",PAYMENT,payment_issue
BILQC,"the game was postponed, can u help me?",REFUNDS,get_refund
BILC,"i changed my mind, what can i do to delete my online account?",ACCOUNT,delete_account
BIQD,can u ask an agent if i can get a refund?,REFUNDS,get_refund
BIMLQ,can you tell me if i can own several user accounts?,ACCOUNT,create_account
BILQ,how can I view your money back guarantee?,REFUNDS,check_refund_policy
BLD,ask an agent how to see the status of my purchase,ORDER,track_order
BZ,tell me where I can gt an invoice,INVOICES,get_invoice
BIPLQD,"could u ask an agent where i can close my profile, please?",ACCOUNT,delete_account
BLQC,"I want information, talk to Customer Service",CONTACT,contact_customer_service
BILCZ,"I want to file an opinion for a service, what do I have to do ?",FEEDBACK,review
BL,download an invoice,INVOICES,get_invoice
BILQC,"I have an issue paying for my online order, what can I do to notify it?",PAYMENT,payment_issue
BILQC,"I have an issue when trying to pay, how can I notify it?",PAYMENT,payment_issue
BML,help me notify issues making a payment,PAYMENT,payment_issue
BSLC,"I've got no online account, I need help opening one",ACCOUNT,create_account
BIPMDW,could you ask an agent how I can report fucking issues with my payment?,PAYMENT,payment_issue
BIPLQDW,"can u ask an agent to cancel a fucking purchase, please?",ORDER,cancel_order
BILC,"I don't want my profile, how do I delete it?",ACCOUNT,delete_account
BILC,"I don't have an online account, how do I open one?",ACCOUNT,create_account
BI,"I want to get an invoice, can you tell me how I can do it?",INVOICES,get_invoice
BL,I want to change my purchase before you send it,ORDER,change_order
BIPLW,"can you talk to fucking Client Service, please?",CONTACT,contact_customer_service
BILC,"I don't want my profile, what should I do to cancel it?",ACCOUNT,delete_account
BILQZ,can I make an payment with Master Card?,PAYMENT,check_payment_methods
BIMLQ,where can I view the cancellation penalties?,CANCELLATION_FEE,check_cancellation_fee
BILC,"I want to make a review for a service, can you help me?",FEEDBACK,review
BI,can you tell me where to change my order?,ORDER,change_order
BLC,I don't have an account and I want to open one,ACCOUNT,create_account
BL,check my shipment,ORDER,track_order
BSL,I want information about receiving the newsletter,NEWSLETTER,newsletter_subscription
BLC,"i have an issue when trying to pay for my order, help me notify it",PAYMENT,payment_issue
BLQZ,i  wanna speak with customer support,CONTACT,contact_customer_service
BIL,can you tell me if I can create two accounts with the same email address?,ACCOUNT,create_account
BLC,"I have an issue when trying to make a payment, help me inform of it",PAYMENT,payment_issue
BILQ,how can I see the status of my purchase?,ORDER,track_order
BILQC,"I want to lodge an opinion, what should I do?",FEEDBACK,review
BLQ,I have a problem paying with card,PAYMENT,payment_issue
BILQCZ,"I change my mind, what should I do to delete my online account?",ACCOUNT,delete_account
BILQC,"I need information, what do I have to do to speak with Customer Support?",CONTACT,contact_customer_service
BILC,"you aren't helping, how do I talk to a human?",CONTACT,contact_human_agent
BIPLQD,could u ask an agent how i can request a reimbursement?,REFUNDS,get_refund
BILC,"I haven't got an online account, can I register?",ACCOUNT,create_account
BMLQ,I want to know if I can check my packages,ORDER,track_order
BL,where to switch to another user account,ACCOUNT,switch_account
BILW,how do I solve a fucking problem paying?,PAYMENT,payment_issue
BIL,can I register two accounts with a single email?,ACCOUNT,create_account
BIPLQDWZ,can u ask an agent where  i could check my fucking bills?,INVOICES,check_invoices
BI,can you tell me about the delivery period for my ticket?,DELIVERY,delivery_period
BLZ,I want to know if my padkage is out for delivery,ORDER,track_order
B,how can I see your refund policy?,REFUNDS,check_refund_policy
B,how to solve a payment issue,PAYMENT,payment_issue
BLQCZ,I loxt my account password and I want to retrieve it,ACCOUNT,recover_password
BPLW,"i want to know if i could create two fucking online accounts with a single email, please",ACCOUNT,create_account
BILQ,can you tell me the phone number of customer support?,CONTACT,contact_customer_service
BILQC,"my user account's been hacked, can I recover it?",ACCOUNT,recover_password
BLQC,"im happy with the service, help me lodge an opinion",FEEDBACK,review
BILQ,can u show me the number of Customer Service?,CONTACT,contact_customer_service
BLQ,i wanna know what the mail of client service is,CONTACT,contact_customer_service
BLC,I purchased an item and I want to change my order,ORDER,change_order
BILC,"an error pops when I attempt to pay for my online order, what do I have to do?",PAYMENT,payment_issue
BILQC,"i bought a product, can I change my order?",ORDER,change_order
BILC,"i want to report an issue making a payment, what can i do?",PAYMENT,payment_issue
BILC,"I have no online account, can you create one?",ACCOUNT,create_account
BIMLQCZ,"i  want to see my invoice, whaty should i do?",INVOICES,check_invoices
BIPLWCZ,"the show was postponed, could I request a fuckingreimbursement?",REFUNDS,get_refund
BIPLD,"please, can you ask an agent to notify a problem with my payment?",PAYMENT,payment_issue
BLQDWZ,ask an agent how I can make an fucking complant,FEEDBACK,complaint
BML,tell me if I can register more than one user account with the same email,ACCOUNT,create_account
BILQC,"I bought a product, what can I do to change my purchase?",ORDER,change_order
BILQC,"I want to delete my profile, how can I do it?",ACCOUNT,delete_account
BIQD,can u ask an agent where i can report an issue with my payment?,PAYMENT,payment_issue
BLQDZ,ask an agent if i canobtain a bill,INVOICES,get_invoice
BSCZ,"I have a question , I need help contacting Customer Service",CONTACT,contact_customer_service
BLQC,"I have a problem making a payment, notify it",PAYMENT,payment_issue
BILC,"I don't have an online account, can I register?",ACCOUNT,create_account
BILC,"I lost my account password, what do I have to do to reset it?",ACCOUNT,recover_password
BIL,is it possible to request a bill?,INVOICES,get_invoice
BPMLD,"ask an agent if i can inform of issues paying, please",PAYMENT,payment_issue
BC,"I got an error when I tried to pay, but my card was charged anyway, I need help reporting it",PAYMENT,payment_issue
BLC,"I purchased an item, help me change my order",ORDER,change_order
BILC,"i want to notify an issue making a payment, what should i do?",PAYMENT,payment_issue
BIPLQDWZ,"please, could  u ask an agent to solve a fucking problem making a payment?",PAYMENT,payment_issue
BPLD,"ask an agent if i can solve a problem with my payment, please",PAYMENT,payment_issue
BIL,how can i report an issue making a payment?,PAYMENT,payment_issue
BML,where to inform of issues making a payment,PAYMENT,payment_issue
BLC,"i need information, call customer service",CONTACT,contact_customer_service
BILQ,can I check my package?,ORDER,track_order
BILC,"I don't understand you, can you talk to a human agent?",CONTACT,contact_human_agent
BILQCZ,"I want to view my invoices, what ddo I have to do?",INVOICES,check_invoices
BIQ,where can i check your payment methods?,PAYMENT,check_payment_methods
BMLZ,I want to check my deliveriers,ORDER,track_order
BILQ,can I register several online accounts with a single email address?,ACCOUNT,create_account
BPLQWCZ,"ive got no fucking online account, open one , please",ACCOUNT,create_account
BILQ,can I close my profile?,ACCOUNT,delete_account
BILQC,"I have a problem paying for my online order, how can I report it?",PAYMENT,payment_issue
BIPLQ,"can u call customer service, please?",CONTACT,contact_customer_service
BILQD,can u ask an agent how to inform of an issue paying?,PAYMENT,payment_issue
BILQD,can u ask an agent how i can inform of a payment issue?,PAYMENT,payment_issue
BIQC,"i have an issue when trying to pay with card, what do i have to do?",PAYMENT,payment_issue
BPLQWCZ,i want information and id like to send a email to fucking customerservice,CONTACT,contact_customer_service
BIL,how do i see the options for delivery?,DELIVERY,delivery_options
BI,can i file a complaint?,FEEDBACK,complaint
BZ,ho to leave a review,FEEDBACK,review
BLZ,I want information about the mail address  of the Customer Service,CONTACT,contact_customer_service
BIMC,"I want to track my orders, can you tell me how to do it?",ORDER,track_order
BL,I want to know how I can track my shipment,ORDER,track_order
BIL,can you show me the mail address of the Customer Support?,CONTACT,contact_customer_service
BSLC,"I want a user account, I need help opening one",ACCOUNT,create_account
BILQC,"I have a problem paying with card, how do I inform of it?",PAYMENT,payment_issue
BILQC,"I changed my mind, can I delete my user account?",ACCOUNT,delete_account
BILQZ,can you tell me what the free number to contact customre service is ?,CONTACT,contact_customer_service
BIMLD,can you ask an agent where I can track my packages?,ORDER,track_order
BILC,"the concert was postponed, what do I have to do to get a reimbursement?",REFUNDS,get_refund
BIC,"I changed my mind, can you delete my account?",ACCOUNT,delete_account
BL,help me notify a payment problem,PAYMENT,payment_issue
BL,where to report an issue paying,PAYMENT,payment_issue
BL,tell me if I can register several user accounts with a single email,ACCOUNT,create_account
BILQD,can u ask an agent how i can send an email to customer service?,CONTACT,contact_customer_service
BILQC,"the concert was cancelled, what do I have to do to obtain a reimbursement?",REFUNDS,get_refund
BL,I want information about the mail of the Customer Support,CONTACT,contact_customer_service
BILQD,can u ask an agent if i can view the cancellation penalty?,CANCELLATION_FEE,check_cancellation_fee
BLQD,ask an agent where to close my account,ACCOUNT,delete_account
BILCZ,"I changed my mind, what ahould I do to close my profile?",ACCOUNT,delete_account
BILC,"I don't have a shipping address, how do I set it up?",SHIPPING,set_up_shipping_address
BIL,can you tell me the email address of the Client Service?,CONTACT,contact_customer_service
BIMLDW,can you ask an agent how to solve fucking problems paying?,PAYMENT,payment_issue
BPL,"i want to see the email address to contact Customer Support, please",CONTACT,contact_customer_service
BPMLWZ,"check my fuckingbill, please",INVOICES,check_invoices
BLCZ,"the  event was cancelled , help me request a refund",REFUNDS,get_refund
BILQC,"im discontent with the service, can u make a consumer complaint?",FEEDBACK,complaint
BILQC,"im discontent with the service, how do i file a consumer complaint?",FEEDBACK,complaint
BIMLZ,can I report issues maiing a payment?,PAYMENT,payment_issue
BILCZ,"I haven't got an  account, what do I have to do to open one?",ACCOUNT,create_account
BILC,"I want to file an opinion, can you help me?",FEEDBACK,review
BIL,how do I update my shipping address?,SHIPPING,change_shipping_address
BIPLQDW,"please, can u ask an agent where i can obtain a fucking reimbursement?",REFUNDS,get_refund
BLC,"I have no user account, register",ACCOUNT,create_account
BL,I have a problem making a payment,PAYMENT,payment_issue
BILC,"I want to view the options for ticket delivery, can you help me?",DELIVERY,delivery_options
BLQD,ask an agent to switch to another profile,ACCOUNT,switch_account
BMQ,I want to know where to track my orders,ORDER,track_order
BIPLDW,"could you ask an agent how to change the information on my fucking profile, please?",ACCOUNT,edit_account
BPLQC,"youre not helping and i wanna speak with a human, please",CONTACT,contact_human_agent
BLC,"I got an error message when I tried to pay, but my card was charged anyway, help me notify it",PAYMENT,payment_issue
BLC,"I have no account, register",ACCOUNT,create_account
B,where to place an order,ORDER,place_order
BIL,how do I inform of an issue with my payment?,PAYMENT,payment_issue
BL,tell me how to track my shipment,ORDER,track_order
BZ,I  want to know what the hours of Customer Service are,CONTACT,contact_customer_service
BLDW,ask an agent where I can see their fucking money back policy,REFUNDS,check_refund_policy
BL,help me speak with Client Service,CONTACT,contact_customer_service
BPMSLQ,"i need help notifying issues making a payment, please",PAYMENT,payment_issue
BMLQ,I want to report problems making a payment,PAYMENT,payment_issue
BMLZ,Ifound an issue creating an account,ACCOUNT,registration_problems
BILQCZ,"I have an issue when trying to pay for my order, whta can I do to notify it?",PAYMENT,payment_issue
BIQC,"i wanna track my order, can u help me?",ORDER,track_order
BLQCZ,i need information and i want to spaek with client service,CONTACT,contact_customer_service
BILQCZ,"i want a refund , what can i do to obtain one?",REFUNDS,get_refund
BLD,ask an agent if i can check my package,ORDER,track_order
BPLQ,i wanna know if i could have more than one user account,ACCOUNT,create_account
BSQ,I want to get information about subscribing to the newsletter,NEWSLETTER,newsletter_subscription
BLCZ,"i got an error message when i attempted  to make a payment, but i was charged anyway and i want to inform of it",PAYMENT,payment_issue
BLQ,I have no online account,ACCOUNT,create_account
BILC,"I lost my account password, what should I do to retrieve it?",ACCOUNT,recover_password
BS,i need help filing a complaint,FEEDBACK,complaint
BILQC,"I want a refund, what can I do to obtain one?",REFUNDS,get_refund
BMLD,ask an agent for information about the cancellation penalties,CANCELLATION_FEE,check_cancellation_fee
BSL,I want information about downloading an invoice,INVOICES,get_invoice
BL,I want to notify a problem with my payment,PAYMENT,payment_issue
BL,I want to know if you have a newsletter to keep me up-to-date,NEWSLETTER,newsletter_subscription
BI,can I own more than one account?,ACCOUNT,create_account
BIPLQD,could u ask an agent to track my shipment?,ORDER,track_order
BIMSC,"I lost my invoice, what should I do to check it?",INVOICES,check_invoices
BLQCZ,"I changed my mind, help me delete my user accoint",ACCOUNT,delete_account
BMLQ,"I want to see some invoices, tell me how to do it",INVOICES,get_invoice
BILCZ,"i got a error when i attempted to pay, but my card was charged anyway, what can i do to inform of it?",PAYMENT,payment_issue
BLC,"I'm interested in your money back guarantee, tell me about it",REFUNDS,check_refund_policy
BL,I want to modify my order,ORDER,change_order
BL,I want to modify my shipping address,SHIPPING,change_shipping_address
BIMLC,"I want to see cancellation fees, can you help me?",CANCELLATION_FEE,check_cancellation_fee
BIPLD,"can you ask an agent if I can cancel my online account, please?",ACCOUNT,delete_account
BIML,how can I request some bills?,INVOICES,get_invoice
BILC,"I forgot my account password, what should I do to retrieve it?",ACCOUNT,recover_password
BSLCZ,"I'm happy with the service, I need help filing a cdomment",FEEDBACK,review
BLQC,i ordered an item and I want to modify my order,ORDER,change_order
BIPLQD,"can u ask an agent how i can cancel my profile, please?",ACCOUNT,delete_account
BLQCZ,im not happy with the servicfe and i wanna submit a complaint,FEEDBACK,complaint
BLC,"I want a profile, help me create one",ACCOUNT,create_account
BILC,"you're not helping, what can I do to contact a human?",CONTACT,contact_human_agent
BLC,I don't want my profile and I want to delete it,ACCOUNT,delete_account
BIL,is there any person available?,CONTACT,contact_human_agent
BSLC,"i can't find my invoices, show them",INVOICES,check_invoices
BML,tell me if I can track my deliveries,ORDER,track_order
BIMLQ,where can I notify issues making a payment?,PAYMENT,payment_issue
BILQC,"i wanna lodge a comment for a service, what should i do?",FEEDBACK,review
BIQD,can you ask an agent how to get an invoice?,INVOICES,get_invoice
BILZ,can you tell me how I cfan check my delivery?,ORDER,track_order
BIPLD,"please, could you ask an agent how I could reset my account password?",ACCOUNT,recover_password
BML,tell me if I can see some invoices,INVOICES,get_invoice
BISLC,"I didn't receive my invoices, can you view them?",INVOICES,check_invoices
BC,"I have an issue when trying to pay, report it",PAYMENT,payment_issue
BILC,"my account was hacked, can you get it back?",ACCOUNT,recover_password
BSLC,"you're not helping, I need help speaking with a human",CONTACT,contact_human_agent
BILQ,how can I send an email to Client Service?,CONTACT,contact_customer_service
BILC,"I got an error message when I attempted to make a payment, but I was charged anyway, can I report it?",PAYMENT,payment_issue
BILQCZ,"the game was cancellerd, what can I do?",REFUNDS,get_refund
BSLC,"I can't understand you, I need help speaking with someone",CONTACT,contact_human_agent
BLW,"I want to download a fucking bill, can you show me some information?",INVOICES,get_invoice
BSLQWC,"I want information, I need help speaking with fucking Client Service",CONTACT,contact_customer_service
BLQ,help me send an email to Client Service,CONTACT,contact_customer_service
BL,tell me if there is a free phone number to contact Customer Support,CONTACT,contact_customer_service
BILCZ,"I have an issue making a payment, can you belp me ?",PAYMENT,payment_issue
BIMSLQD,can u ask an agent for information about requesting some invoices?,INVOICES,get_invoice
BIPLDZ,"could you ask an agent if I could view my bills, please ?",INVOICES,check_invoices
BILC,"i want to modify my profile, how can i do it?",ACCOUNT,edit_account
BILQC,"i want to make a consumer complaint for a service, can u help me?",FEEDBACK,complaint
BPL,"please, tell me if i could get a bill",INVOICES,get_invoice
BIML,is it possible to obtain some invoices?,INVOICES,get_invoice
BIPLQDW,"could u ask an agent where i could obtain a fucking refund, please?",REFUNDS,get_refund
BIL,how do i call customer support?,CONTACT,contact_customer_service
BILDW,can you ask an agent where I can view the fucking cancellation fee?,CANCELLATION_FEE,check_cancellation_fee
BILQC,"the game was cancelled, can I obtain a refund?",REFUNDS,get_refund
BIM,can you get some invoices?,INVOICES,get_invoice
BPLDW,"please, ask an agent where I could report a fucking issue paying",PAYMENT,payment_issue
BILC,"the show was postponed, what do i have to do to request a reimbursement?",REFUNDS,get_refund
BML,help me view my invoice,INVOICES,check_invoices
BIL,how do I see your money back policy?,REFUNDS,check_refund_policy
BLCZ,"I got an error message when I attempted to make a payment, but my card was charged anyway , help me notify it",PAYMENT,payment_issue
BL,"I want to see a bill, can you give me some information?",INVOICES,get_invoice
BLC,"I can't remember my account password, help me recover it",ACCOUNT,recover_password
B,what is your refund policy?,REFUNDS,check_refund_policy
BIL,what's the number to contact Customer Support?,CONTACT,contact_customer_service
BML,I want to view the cancellation penalties,CANCELLATION_FEE,check_cancellation_fee
BLQ,i wanna know what the mail of the Customer Support is,CONTACT,contact_customer_service
BILC,"I have a problem when trying to make a payment, can you inform of it?",PAYMENT,payment_issue
BSLC,"I can't understand you, I need help speaking with a person",CONTACT,contact_human_agent
BILQC,"an error message pops when I attempt to pay with card, what do I have to do?",PAYMENT,payment_issue
BIPMLECZ,"ik would like to check my orders, can you tell me how I can do it, please?",ORDER,track_order
BILC,"I don't like the service, what can I do to make a complaint?",FEEDBACK,complaint
BIPLC,"I don't know anything about your money back policy, can you tell me about it, please?",REFUNDS,check_refund_policy
BL,tell me if I can register several user accounts with a single email address,ACCOUNT,create_account
BPLEC,I cannot understand you and I'd like to talk to a person,CONTACT,contact_human_agent
BSL,I need information about getting a bill,INVOICES,get_invoice
BILC,"I can't understand you, can you talk to someone?",CONTACT,contact_human_agent
B,I want to see the email address of Customer Service,CONTACT,contact_customer_service
BSLQWC,"ive got no fucking online account, i need help registering",ACCOUNT,create_account
BILC,"I want to report a problem with my payment, what can I do?",PAYMENT,payment_issue
BSL,I need help viewing my bills,INVOICES,check_invoices
BPLD,ask an agent where I could lodge a consumer complaint for a service,FEEDBACK,complaint
BILC,"I want a profile, can you create one?",ACCOUNT,create_account
BILQC,"i wanna make a review, what can i do?",FEEDBACK,review
BILQ,how do I lodge a consumer complaint for a service?,FEEDBACK,complaint
BILC,"I want a user account, can I open one?",ACCOUNT,create_account
BLQZ,I need informationn about the mail of the Client Service,CONTACT,contact_customer_service
BIPSLQC,"I can't find my invoices, how could I view them?",INVOICES,check_invoices
BI,what are the options for delivery?,DELIVERY,delivery_options
BILQ,how can I check my order?,ORDER,track_order
BIL,how do i make a complaint?,FEEDBACK,complaint
BIMSLQC,"I lost my invoice, how do I see it?",INVOICES,check_invoices
BPSLQC,"i purchased an item, i need help changing my purchase, please",ORDER,change_order
BIPQDWZ,"could u ask an agent how i can contact fucking customer service , please?",CONTACT,contact_customer_service
BILC,"I can't understand you, can I contact a person?",CONTACT,contact_human_agent
BILCZ,"I have a problem paying with card , what should I do to notify it?",PAYMENT,payment_issue
BILC,"an error message pops when i try to make a payment with card, what do i have to do?",PAYMENT,payment_issue
BL,tell me if I can create several online accounts with the same email address,ACCOUNT,create_account
BMLQ,tell me if i can track my packages,ORDER,track_order
BILC,"i got an error message when i tried to make a payment, but my card was charged anyway, how do i notify it?",PAYMENT,payment_issue
BLQ,i need information about the mail of the Client Service,CONTACT,contact_customer_service
BLEQ,tell me if there is a newsletter i can receive,NEWSLETTER,newsletter_subscription
BILQC,"the show was postponed, what should I do to obtain a reimbursement?",REFUNDS,get_refund
BILQC,"the concert was postponed, can I get a reimbursement?",REFUNDS,get_refund
BILC,"I want to check the ticket delivery options, what should I do?",DELIVERY,delivery_options
BIPLCZ,"I have n problem when trying to pay for my online order, how could I report it?",PAYMENT,payment_issue
BSLCZ,"I have an question, I need help contacting Client Service",CONTACT,contact_customer_service
BIPL,could you tell me if I can create two accounts with the same email address?,ACCOUNT,create_account
BM,I have a problem registering,ACCOUNT,registration_problems
BIPLEWC,"I would like to make a fucking order, can you help me?",ORDER,place_order
BILC,"the game was cancelled, can I request a reimbursement?",REFUNDS,get_refund
BLCZ,"I ofrgot my password, help me retrieve it",ACCOUNT,recover_password
BL,tell me where I can download a bill,INVOICES,get_invoice
BLQD,ask an agent if i can cancel my account,ACCOUNT,delete_account
BILQD,can u ask an agent where to view the options for ticket delivery?,DELIVERY,delivery_options
BSL,i need help closing my user account,ACCOUNT,delete_account
BQD,ask an agent how to change to another account,ACCOUNT,switch_account
BSLQC,"I have no online account, I need help opening one",ACCOUNT,create_account
BLQ,"i wanna request a bill, can you show me some information?",INVOICES,get_invoice
BSL,tell me about modifying my purchase,ORDER,change_order
BLQC,"im happy with the service, submit a comment",FEEDBACK,review
BIQC,"my account was hacked, what do I have to do?",ACCOUNT,recover_password
BIL,can I cancel my account?,ACCOUNT,delete_account
BPLEW,I would like to notify a fucking problem paying,PAYMENT,payment_issue
BIPLDW,"can you ask an agent how to report a fucking issue paying, please?",PAYMENT,payment_issue
BPLEC,"I do not have an online account and I would like to open one, please",ACCOUNT,create_account
BILQZ,can yuou  tell me if I can have more than one online account?,ACCOUNT,create_account
BIL,can you tell me the phone number to contact Customer Support?,CONTACT,contact_customer_service
BILC,"an error message pops when I attempt to pay for my online order, can you help me?",PAYMENT,payment_issue
BIPLEC,"I would like to notify a problem with my payment, what can I do?",PAYMENT,payment_issue
BILQC,"i have no user account, can u register?",ACCOUNT,create_account
BILQD,can u ask an agent if I can check my package?,ORDER,track_order
BIL,how do I update my profile?,ACCOUNT,edit_account
BIPLDW,"please, can you ask an agent if I could inform of a fucking issue making a payment?",PAYMENT,payment_issue
BLQ,I wanna know if my package is out for delivery,ORDER,track_order
BMLQDW,ask an agent what my packages of my fucking shipment is,ORDER,track_order
BL,speak with a human,CONTACT,contact_human_agent
BILQC,"you arent helping, what can i do to contact someone?",CONTACT,contact_human_agent
BIL,what's the mail address to contact Customer Support?,CONTACT,contact_customer_service
BLQ,I want to know how to get a bill,INVOICES,get_invoice
BILC,"I have a question, can I call Customer Support?",CONTACT,contact_customer_service
BILC,"I don't want my account, what can I do to remove it?",ACCOUNT,delete_account
BILQCZ,"I ordered a product, what do I have to do to change my rder?",ORDER,change_order
BMLQ,I want to know how to check my shipments,ORDER,track_order
BILC,"I have an issue when trying to pay with card, can you inform of it?",PAYMENT,payment_issue
BLQCZ,i want a profile and i wana create one,ACCOUNT,create_account
BIPLC,"I'm not happy with the service, could you lodge a complaint?",FEEDBACK,complaint
BIPMLD,"please, could you ask an agent to inform of problems paying?",PAYMENT,payment_issue
BIML,is it possible to get some bills?,INVOICES,get_invoice
BL,tell me if I can create two user accounts with the same email,ACCOUNT,create_account
BLQC,someone stole my account password and i want to recover it,ACCOUNT,recover_password
BIQD,can u ask an agent how to get a refund?,REFUNDS,get_refund
BSLQ,I want to ask for information about seeing a bill,INVOICES,get_invoice
BIPLDW,"please, can you ask an agent if I could reset my fucking account password?",ACCOUNT,recover_password
BQD,ask an agent what the status of my order is,ORDER,track_order
BIPLQC,"I got an error message when I tried to make a payment, but my card was charged anyway, how could I inform of it?",PAYMENT,payment_issue
BI,how long do refunds take?,REFUNDS,check_refund_policy
BILC,"I have a problem when trying to pay for my order, can you help me?",PAYMENT,payment_issue
BSLQ,I need help getting a reimbursement,REFUNDS,get_refund
BPLC,"I got an error when I tried to make a payment, but my card was charged anyway and I want to notify it, please",PAYMENT,payment_issue
BLQCZ,"i got an reror message when i tried to make a payment,but i was charged anyway",PAYMENT,payment_issue
BILC,"I have an issue when trying to make a payment, can you help me?",PAYMENT,payment_issue
BQC,my account was hacked and i want to recover it,ACCOUNT,recover_password
BIL,how can i call customer service?,CONTACT,contact_customer_service
BPMLQD,ask an agent if i could report payment problems,PAYMENT,payment_issue
BLZ,I want to knowif I can register several online accounts with the same email,ACCOUNT,create_account
BILC,"I have a problem when trying to make a payment, what can I do to inform of it?",PAYMENT,payment_issue
BZ,where to change to anpther account,ACCOUNT,switch_account
BILC,"I have a question, what can I do to talk to Customer Service?",CONTACT,contact_customer_service
BILQC,"the game was postponed, what do I have to do to obtain a refund?",REFUNDS,get_refund
BILCZ,"I don't watn my profile, can  remove it?",ACCOUNT,delete_account
BSLC,"I can't find my bills, check them",INVOICES,check_invoices
BIMLC,"I want to track my packages, can you tell me how to do it?",ORDER,track_order
BSL,i need help creating an online account,ACCOUNT,create_account
BISLC,"I lost my invoices, how can I view them?",INVOICES,check_invoices
BL,show me the status of my purchase,ORDER,track_order
BIQC,"the event was postponed, what can i do?",REFUNDS,get_refund
BILQC,"I have an issue paying with card, how do I inform of it?",PAYMENT,payment_issue
BIPLC,"i have an issue when trying to pay with card, could i inform of it?",PAYMENT,payment_issue
BPSLQ,"Id like to request information about modifying my order, please",ORDER,change_order
BSLC,"i want to use my other user account, i need help changing them",ACCOUNT,switch_account
BMLQ,I want to know if I can register more than one online account with the same email,ACCOUNT,create_account
BIPLD,"could you ask an agent where to view the delivery options, please?",DELIVERY,delivery_options
BILC,"I got an error message when I tried to make a payment, but I was charged anyway, can you inform of it?",PAYMENT,payment_issue
BIQC,"I need a refund, what can I do to get one?",REFUNDS,get_refund
BL,an error pops when i try to pay with card,PAYMENT,payment_issue
B,I want information about the delivery options,DELIVERY,delivery_options
BILCZ,"you aren't helping, can I talkto a human agent?",CONTACT,contact_human_agent
BLQ,how to speak with Customer Service,CONTACT,contact_customer_service
BIPLQ,"could you tell me what the free number of Customer Support is, please?",CONTACT,contact_customer_service
BILQC,"I want to see your money back policy, what can I do?",REFUNDS,check_refund_policy
BLQD,ask an agent where to check my bills,INVOICES,check_invoices
BILC,"I lost my password, how do I reset it?",ACCOUNT,recover_password
B,I don't know anything about your refund policy,REFUNDS,check_refund_policy
BILQC,"I want to remove my account, how can I do it?",ACCOUNT,delete_account
BLC,"I have an issue paying for my online order, help me report it",PAYMENT,payment_issue
BILC,"I don't understand you, how can I talk to a human?",CONTACT,contact_human_agent
BI,can you show me the phone number to contact Customer Service?,CONTACT,contact_customer_service
BC,I'm not happy with the service and I want to file a complaint,FEEDBACK,complaint
BILC,"I have a question, what should I do to send an email to Customer Service?",CONTACT,contact_customer_service
BIPLDZ,"can you ask an agent to show me information about the statsu of my purchase, please?",ORDER,track_order
BPEC,you are not helping and I'd like to contact a human agent,CONTACT,contact_human_agent
BIPLQD,can u ask an agent if there's a newsletter I could receive?,NEWSLETTER,newsletter_subscription
BILQC,"i dont want my user account, what should i do to close it?",ACCOUNT,delete_account
BIMSLQC,"I didn't receive my invoice, what do I have to do to view it?",INVOICES,check_invoices
BILCZ,"I purchased something, what can  I do to modify my order?",ORDER,change_order
BQ,I want information about the status of my refund,REFUNDS,track_refund
BL,I want to delete my online account,ACCOUNT,delete_account
BMSLZ,I ned help checking the cancellation penalties,CANCELLATION_FEE,check_cancellation_fee
BIL,can you tell me the free phone number of Client Service?,CONTACT,contact_customer_service
BML,download some bills,INVOICES,get_invoice
BIL,can you show me the free phone number of Client Service?,CONTACT,contact_customer_service
B,help me check your refund policy,REFUNDS,check_refund_policy
BILQD,can u ask an agent how to obtain an invoice?,INVOICES,get_invoice
BLD,ask an agent to create a profile,ACCOUNT,create_account
BIQ,how do I edit the information on my profile?,ACCOUNT,edit_account
BILCZ,"i want to see my invoices, what can i so?",INVOICES,check_invoices
BILQCZ,"I want informatoin, how can I send an email to Customer Support?",CONTACT,contact_customer_service
BILQC,"I ordered something, what can i do to change my order?",ORDER,change_order
BILC,"i have an issue when trying to pay for my online order, how do i inform of it?",PAYMENT,payment_issue
BILQ,can i own more than one online account?,ACCOUNT,create_account
BLQC,"I have an issue when trying to pay for my online order, I need help notifying it",PAYMENT,payment_issue
BLZ,i want to requset a reimbursement,REFUNDS,get_refund
BIQCZ,"i get an error when i try to pay for my order, can u helo me?",PAYMENT,payment_issue
BP,"help me set up my shipping address, please",SHIPPING,set_up_shipping_address
BILQC,"I have no user account, what do I have to do?",ACCOUNT,create_account
BIPLD,"please, could you ask an agent what the mail of the Client Service?",CONTACT,contact_customer_service
BIPLQWC,"i wanna open a fucking online account, could u help me?",ACCOUNT,create_account
BILC,"an error pops when I try to make a payment for my online order, can you help me?",PAYMENT,payment_issue
BLQ,i wanna know what the email to contact customer service is,CONTACT,contact_customer_service
BILQC,"someone stole my account password, how do I retrieve it?",ACCOUNT,recover_password
BML,I found a problem when trying to create a profile,ACCOUNT,registration_problems
BILQCZ,"I got an error when I attempted to make a payment, but my card was charged anyway , what do I have to do to notify it?",PAYMENT,payment_issue
BLQC,I ordered an item and i wanna modify my purchase,ORDER,change_order
BILQCZ,"i haevnt got an account, what should i do to open one?",ACCOUNT,create_account
BPLQD,"please, ask an agent if I can open an account",ACCOUNT,create_account
BILC,"I have an issue making a payment with card, can I report it?",PAYMENT,payment_issue
BILQC,"i got an error message when i attempted to make a payment, but i was charged anyway, can u inform of it?",PAYMENT,payment_issue
BIQC,"I want an account, can I create one?",ACCOUNT,create_account
BLQD,ask an agent how to lodge a consumer complaint,FEEDBACK,complaint
BILC,"i lost my account password, what should i do to retrieve it?",ACCOUNT,recover_password
BPLQWC,"i want to modify my fucking purchase, tell me where I can do it, please",ORDER,change_order
BC,"I have an issue paying for my order, help me report it",PAYMENT,payment_issue
BIPC,"I'd like to report a payment issue, what do I have to do?",PAYMENT,payment_issue
BILC,"I ordered something, what do I have to do to change my purchase?",ORDER,change_order
BILQC,"i changed my mind, how can i close my online account?",ACCOUNT,delete_account
BLQCZ,"I wanna receive the newsletter, can you give me some  information?",NEWSLETTER,newsletter_subscription
BILC,"I don't understand you, how can I talk to someone?",CONTACT,contact_human_agent
BL,information about your payment options,PAYMENT,check_payment_methods
BLQC,i have no shipping address and i want to set one up,SHIPPING,set_up_shipping_address
BL,I want to know how to track my delivery,ORDER,track_order
BILQC,"my account's been hacked, what do i have to do?",ACCOUNT,recover_password
BSLQ,i need help notifying an issue with my payment,PAYMENT,payment_issue
BSLQ,I wanna know about modifying my purchase,ORDER,change_order
BILC,"the show was cancelled, what can I do to request a refund?",REFUNDS,get_refund
BLC,"I need information, help me speak with Customer Support",CONTACT,contact_customer_service
BILC,"I don't like the service, how do I submit a complaint?",FEEDBACK,complaint
BILC,"I can't understand you, how can I talk to a person?",CONTACT,contact_human_agent
BPLC,"I got an error when I tried to pay, but I was charged anyway and I'd like to inform of it",PAYMENT,payment_issue
BIL,can I register several online accounts with the same email address?,ACCOUNT,create_account
BIMLZ,can I register more than one user account witg a single email?,ACCOUNT,create_account
BLC,i need information and i want to call client service,CONTACT,contact_customer_service
BILC,"I want to file a consumer complaint, what can I do?",FEEDBACK,complaint
BL,how to make changes to my profile,ACCOUNT,edit_account
BQDWZ,ask an agent if i can  leave a fucking review,FEEDBACK,review
BPMSQCZ,"I can't find my invoice, helpo me check it, please",INVOICES,check_invoices
BPLEC,"I am happy with the service and I would like to submit an opinion, please",FEEDBACK,review
BILQC,"I want to make a comment for a service, what can I do?",FEEDBACK,review
BILC,"i need a refund, what can i do to obtain one?",REFUNDS,get_refund
BMSLCZ,I didn't receive my bipl and I want to view kt,INVOICES,check_invoices
BILQ,can i send an email to customer support?,CONTACT,contact_customer_service
BPMSL,"please, I'd like to ask for information about seeing some bills",INVOICES,get_invoice
BILC,"I don't have a shipping address, can I set one up?",SHIPPING,set_up_shipping_address
BILCZ,"I got an error when I attempted to pay, but I was charged anyway , can I notify it?",PAYMENT,payment_issue
BL,where to see your money back policy,REFUNDS,check_refund_policy
BIL,can you tell me if I can register two profiles with a single email?,ACCOUNT,create_account
BIML,how do I view my bill?,INVOICES,check_invoices
BILC,"I want to make an opinion, what should I do?",FEEDBACK,review
BILWC,"you aren't helping, how do I contact fucking someone?",CONTACT,contact_human_agent
BILC,"you're not helping, can I speak with a human?",CONTACT,contact_human_agent
BLQC,"I ordered a product, help me modify my purchase",ORDER,change_order
BPLQD,"ask an agent if I could notify an issue with my payment, please",PAYMENT,payment_issue
BLQC,"i purchased something, help me change my purchase",ORDER,change_order
BLQ,I want to know what the mail of Customer Service is,CONTACT,contact_customer_service
BILC,"I want to lodge an opinion, can you help me?",FEEDBACK,review
BILC,"i want to lodge a consumer complaint for a service, what do i have to do?",FEEDBACK,complaint
BSLQC,"I lost my bills, show them",INVOICES,check_invoices
BIMLQD,can u ask an agent where to inform of issues with my payment?,PAYMENT,payment_issue
BIMLQDZ,can u ask an agent were i can inform of issues with my payment?,PAYMENT,payment_issue
BL,tell me where to download a bill,INVOICES,get_invoice
BIPLQD,can u ask an agent if i could cancel my user account?,ACCOUNT,delete_account
BMLQ,"i want to see some invoices, can you show me some information?",INVOICES,get_invoice
BIMLZ,can you tell me how I can obtain some bils ?,INVOICES,get_invoice
BLC,"I don't understand you, contact a human",CONTACT,contact_human_agent
BIPLDW,"please, could you ask an agent if I could see the fucking cancellation fee?",CANCELLATION_FEE,check_cancellation_fee
BM,tell me how to get some invoices,INVOICES,get_invoice
BIL,how can I solve an issue paying?,PAYMENT,payment_issue
BLQ,i wanna open a user account,ACCOUNT,create_account
BILC,"i want to submit a comment for a service, what should i do?",FEEDBACK,review
BIPWZ,could you contact fucking Customer Service ?,CONTACT,contact_customer_service
BLC,"the show was cancelled, help me request a refund",REFUNDS,get_refund
BILC,"the concert was postponed, can you help me?",REFUNDS,get_refund
BILQCZ,"i have a question, what can i do to speak with client service ?",CONTACT,contact_customer_service
BILQC,"i bought an item, how do i modify my purchase?",ORDER,change_order
BQ,i wanna know how I can track my order,ORDER,track_order
BIMLQDZ,can u ask an gaent how to download some bills?,INVOICES,get_invoice
BIPLQD,"please, can u ask an agent where I can check my package?",ORDER,track_order
BILQD,can u ask an agent if i can inform of an issue paying?,PAYMENT,payment_issue
BLC,"I got an error message when I tried to make a payment, but my card was charged anyway",PAYMENT,payment_issue
BILC,"you aren't helping, can you speak with a person?",CONTACT,contact_human_agent
BIMLQZ,where can i report problems making a payent?,PAYMENT,payment_issue
BIPLQDWZ,could u askan agent ohw to check their fucking money back guarantee?,REFUNDS,check_refund_policy
BILQD,can u ask an agent what i can get a reimbursement for?,REFUNDS,get_refund
BILQ,how do I send an email to Customer Service?,CONTACT,contact_customer_service
BPLD,"please, ask an agent how i can contact customer support",CONTACT,contact_customer_service
BLZ,I want informatrion avout my bills,INVOICES,check_invoices
BILC,"I get an error message when I try to make a payment for my order, can you help me?",PAYMENT,payment_issue
BILQWCZ,"i wana lodge a fucking opinion, whta should i do?",FEEDBACK,review
BLQC,"I have an issue when trying to make a payment with card, I need help notifying it",PAYMENT,payment_issue
BILQC,"i want to delete my profile, where can i do it?",ACCOUNT,delete_account
BLQ,an error message pops when I attempt to make a payment for my online order,PAYMENT,payment_issue
BIPMLD,"can you ask an agent how I can inform of problems paying, please?",PAYMENT,payment_issue
BIL,is it possible to obtain an invoice?,INVOICES,get_invoice
BILQC,"I got an error message when I attempted to make a payment, but I was charged anyway, how can I notify it?",PAYMENT,payment_issue
BL,where to switch to another account,ACCOUNT,switch_account
BILCZ,"I want to notify a payment issue, can you help me ?",PAYMENT,payment_issue
BPLDZ,"please, ask an agent where I could reecive a refund",REFUNDS,get_refund
BILC,"I got an error message when I attempted to make a payment, but my card was charged anyway, how do I inform of it?",PAYMENT,payment_issue
BIMLQD,can u ask an agent to show me information about the cancellation penalties?,CANCELLATION_FEE,check_cancellation_fee
BL,I want to receive a reimbursement,REFUNDS,get_refund
BILC,"you aren't helping, what should I do to contact a human?",CONTACT,contact_human_agent
BL,I can't understand you,CONTACT,contact_human_agent
BILC,"I got an error message when I tried to make a payment, but I was charged anyway, what can I do?",PAYMENT,payment_issue
BILC,"I haven't got a user account, what can I do to open one?",ACCOUNT,create_account
BLQZ,I want to know how to chasnge my prchase,ORDER,change_order
BILQC,"I want information, what do I have to do to talk to Client Service?",CONTACT,contact_customer_service
BILQC,"i got an error when i tried to pay, but i was charged anyway, how do i inform of it?",PAYMENT,payment_issue
BIPQZ,"can u find information about the xancrllation fee, please?",CANCELLATION_FEE,check_cancellation_fee
BLC,"I'm happy with the service, lodge a review",FEEDBACK,review
BILZ,where can I notify a payment issue ?,PAYMENT,payment_issue
BS,I want to get information about changing my order,ORDER,change_order
BILC,"I have a question, how can I talk to Customer Support?",CONTACT,contact_customer_service
BPLCZ,"I'm not happoy with the service, file a cosumer complaint, please",FEEDBACK,complaint
BILC,"I want to lodge a complaint, what should I do?",FEEDBACK,complaint
BILC,"i need information, what do i have to do to speak with client service?",CONTACT,contact_customer_service
BILZ,where do I view the status of my refund ?,REFUNDS,track_refund
BIL,"I want to see an invoice, can you tell me where to do it?",INVOICES,get_invoice
BLQC,"I got an error message when I attempted to pay, but my card was charged anyway, inform of it",PAYMENT,payment_issue
BILQC,"i want to report a payment problem, what should i do?",PAYMENT,payment_issue
BLC,"i have an issue when trying to pay for my online order, report it",PAYMENT,payment_issue
BSLQC,"ive got no online account, i need help opening one",ACCOUNT,create_account
BIL,can you tell me if I can create several online accounts with a single email address?,ACCOUNT,create_account
BL,how to see the status of my purchase,ORDER,track_order
BILC,"an error message pops when I attempt to make a payment with card, can you help me?",PAYMENT,payment_issue
BILC,"you aren't helping, what can I do to contact someone?",CONTACT,contact_human_agent
BLQC,i bought a product and I want to change my purchase,ORDER,change_order
BIL,can I register two online accounts with a single email?,ACCOUNT,create_account
BIML,can you tell me if I can track my shipments?,ORDER,track_order
BILC,"I don't understand you, what can I do to contact a person?",CONTACT,contact_human_agent
BLQC,someone stole my account password and I want to recover it,ACCOUNT,recover_password
BL,I want to know how to download a bill,INVOICES,get_invoice
BILCZ,"I want to inform of a probelm making a payment, can you help me?",PAYMENT,payment_issue
BD,ask an agent where i can track my order,ORDER,track_order
BIC,"I haven't got an account, what should I do to create one?",ACCOUNT,create_account
BIC,"I want to cancel an order, what do I have to do?",ORDER,cancel_order
BILC,"an error pops when I attempt to make a payment for my online order, what should I do?",PAYMENT,payment_issue
BIL,how do I file a consumer complaint for a service?,FEEDBACK,complaint
BLZ,"I want to obtain an invoice, can you show me some infrmation?",INVOICES,get_invoice
BIL,how can I modify my purchase?,ORDER,change_order
BL,tell me what the phone number to contact Client Service is,CONTACT,contact_customer_service
BIPLD,"please, could you ask an agent where I can file a consumer complaint?",FEEDBACK,complaint
BIL,can I view your reimbursement policy?,REFUNDS,check_refund_policy
BIL,can you find information about the mail address of the Customer Service?,CONTACT,contact_customer_service
BLC,"you aren't helping, help me speak with a person",CONTACT,contact_human_agent
BLQZ,I get an error message hen I try to make a payment for my online order,PAYMENT,payment_issue
BSLQCZ,"i dont want my profile , i need help closing it",ACCOUNT,delete_account
BL,tell me if I can pay with credit card,PAYMENT,check_payment_methods
BID,can you ask an agent if i can track my order?,ORDER,track_order
BSLQC,"I need information, I need help speaking with Client Service",CONTACT,contact_customer_service
BILQC,"you arent helping, what should i do to speak with a person?",CONTACT,contact_human_agent
BIC,"I don't want my account, how can I delete it?",ACCOUNT,delete_account
BLQC,"im not happy with the service, help me submit a consumer complaint",FEEDBACK,complaint
BILC,"you're not helping, can you speak with someone?",CONTACT,contact_human_agent
BILQ,can I view your money back guarantee?,REFUNDS,check_refund_policy
BLC,I have a problem when trying to pay and I want to report it,PAYMENT,payment_issue
BIL,how can I write a review for a service?,FEEDBACK,review
BLW,I don't have a fucking user account,ACCOUNT,create_account
BLQ,I want to know if I can create several accounts with the same email,ACCOUNT,create_account
BILQC,"i cant understand you, can u contact a person?",CONTACT,contact_human_agent
BLQC,"I got an error when I attempted to make a payment, but I was charged anyway, help me notify it",PAYMENT,payment_issue
BLQ,i wanna know if i can register several profiles with a single email address,ACCOUNT,create_account
BIL,can I cancel my online account?,ACCOUNT,delete_account
BSLQ,i need help writing a comment,FEEDBACK,review
BIMLCZ,"I want to view cancerllation fees, what should I do?",CANCELLATION_FEE,check_cancellation_fee
BILQ,can i register several profiles with a single email address?,ACCOUNT,create_account
BILC,"I have a problem making a payment with card, what can I do to report it?",PAYMENT,payment_issue
BML,how to get some bills,INVOICES,get_invoice
BMSL,I want information about obtaining some bills,INVOICES,get_invoice
BIPLQDWZ,"please, could u ask an agent to open a  fucking account?",ACCOUNT,create_account
BILQC,"i got an error message when i attempted to make a payment, but my card was charged anyway, how do i report it?",PAYMENT,payment_issue
BILQC,"I got an error when I tried to pay, but I was charged anyway, how can I inform of it?",PAYMENT,payment_issue
BLD,ask an agent how i can solve a payment problem,PAYMENT,payment_issue
BLQCZ,"i want to know the statua of my reimbursement, track ot",REFUNDS,track_refund
BIMLQ,how can I check the cancellation penalties?,CANCELLATION_FEE,check_cancellation_fee
BILC,"I don't understand you, how do I talk to someone?",CONTACT,contact_human_agent
BIPLQDZ,could u ask an agent how to retrieve my password ?,ACCOUNT,recover_password
BILC,"I don't understand you, how do I talk to a human agent?",CONTACT,contact_human_agent
BILEC,"my account has been hacked, how do i recover it?",ACCOUNT,recover_password
BIC,"I got an error when I tried to pay, but I was charged anyway, what can I do to report it?",PAYMENT,payment_issue
BSLQC,"I changed my mind, I need help deleting my online account",ACCOUNT,delete_account
BLQC,"I have an issue making a payment, I need help reporting it",PAYMENT,payment_issue
BLQC,"i have a problem making a payment with card, help me inform of it",PAYMENT,payment_issue
BIQCZ,"I bought an item, what can I do to change my orderr?",ORDER,change_order
BL,help me delete my user account,ACCOUNT,delete_account
BMSL,I need help checking my shipments,ORDER,track_order
BLQZ,i want to solve an issue makinng a payment,PAYMENT,payment_issue
BISLQC,"I lost my bills, what do I have to do to view them?",INVOICES,check_invoices
BILC,"I've got no profile, how can I create one?",ACCOUNT,create_account
BL,tell me if there is a free number to contact Customer Service,CONTACT,contact_customer_service
BLQ,"I wanna see a bill, tell me how to do it",INVOICES,get_invoice
BMLQ,"i wanna see some bills, tell me how I can do it",INVOICES,get_invoice
BLQCZ,i made a mistake nad i wanna change my purchase,ORDER,change_order
BSLCZ,"i purchased something, I need help changing my ordere",ORDER,change_order
BILCZ,"I have a issue paying with card, how can I inform of it?",PAYMENT,payment_issue
BILC,"I got an error when I attempted to make a payment, but my card was charged anyway, what do I have to do to inform of it?",PAYMENT,payment_issue
BL,tell me how to get a bill,INVOICES,get_invoice
BILQC,"I got an error message when I attempted to make a payment, but my card was charged anyway, what do I have to do to report it?",PAYMENT,payment_issue
BLC,"I can't understand you, contact someone",CONTACT,contact_human_agent
BLQC,"I have an issue when trying to make a payment, I need help reporting it",PAYMENT,payment_issue
BSLQ,I need help deleting my online account,ACCOUNT,delete_account
BILQ,how can I report a problem making a payment?,PAYMENT,payment_issue
BILC,"I'm not happy with the service, what should I do to file a consumer complaint?",FEEDBACK,complaint
BSLQZ,I need help obtaining  an invoice,INVOICES,get_invoice
BILC,"I don't understand you, how can I talk to a person?",CONTACT,contact_human_agent
BIQ,how do I leave a review?,FEEDBACK,review
BILQC,"the show was cancelled, how do I get a reimbursement?",REFUNDS,get_refund
BSL,I need help removing my user account,ACCOUNT,delete_account
BILC,"I have a problem when trying to pay, what should I do?",PAYMENT,payment_issue
BIPQ,"can you tell me if i could change my order, please?",ORDER,change_order
BIPLD,"please, can you ask an agent to find information about their reimbursement policy?",REFUNDS,check_refund_policy
BILCZ,"i boughtsomething, can I change my order?",ORDER,change_order
BILCZ,"you aren't helping , can I talk to a person?",CONTACT,contact_human_agent
BLC,"i have a problem when trying to make a payment with card, help me notify it",PAYMENT,payment_issue
BPMQD,"ask an agent how I could solve payment issues, please",PAYMENT,payment_issue
BLC,"I have a problem when trying to pay, notify it",PAYMENT,payment_issue
BILQC,"i purchased something, what should i do to modify my purchase?",ORDER,change_order
BLC,the event was postponed and I want to request a reimbursement,REFUNDS,get_refund
BIMLQDWZ,can u sak an agent where i can notify fucking issues making a payment?,PAYMENT,payment_issue
BSLQC,"i wanna use my other profile, i need help changing them",ACCOUNT,switch_account
BLD,ask an agent if i can switch to another profile,ACCOUNT,switch_account
BIPLQC,"i got an error when i attempted to pay, but i was charged anyway, could u inform of it, please?",PAYMENT,payment_issue
BILC,"i have a question, what can i do to call client service?",CONTACT,contact_customer_service
BIL,how do I obtain a bill?,INVOICES,get_invoice
BIL,can you tell me the number to contact Client Service?,CONTACT,contact_customer_service
BIL,how can I see the cancellation fee?,CANCELLATION_FEE,check_cancellation_fee
BILC,"I don't want my profile, how can I cancel it?",ACCOUNT,delete_account
BLC,"i lost my account password, help me reset it",ACCOUNT,recover_password
BIL,where do I check my bills?,INVOICES,check_invoices
BILC,"I want a user account, can you create one?",ACCOUNT,create_account
BLQ,"I wanna request an invoice, can you give me some information?",INVOICES,get_invoice
BPSLQCZ,"i lost my  invoices and i wanna see them, please",INVOICES,check_invoices
BLC,"you're not helping, talk to someone",CONTACT,contact_human_agent
BLC,"I don't want my online account, help me remove it",ACCOUNT,delete_account
BILC,"i lost my account password, can i recover it?",ACCOUNT,recover_password
BILQC,"my online account was hacked, what do I have to do?",ACCOUNT,recover_password
BIMQ,can I check the cancellation fees?,CANCELLATION_FEE,check_cancellation_fee
BILC,"I have no profile, can you help me?",ACCOUNT,create_account
BIPMLQD,could u ask an agent where i can report issues making a payment?,PAYMENT,payment_issue
BIPLQD,"please, can u ask an agent if i can write an opinion?",FEEDBACK,review
BIPLDZ,could you ask an agent for information abuot their money back guarantee?,REFUNDS,check_refund_policy
BILQC,"I get an error message when I try to pay with card, what do I have to do?",PAYMENT,payment_issue
BLQC,"I changed my mind, close my profile",ACCOUNT,delete_account
BLQC,"I need a profile, help me create one",ACCOUNT,create_account
BILCZ,"I have an issue paying, what can I do to notgify it?",PAYMENT,payment_issue
BLQCZ,"I got an error when I atetmpted to make a payment, but my card was chargedanyway and I want to report it",PAYMENT,payment_issue
BL,how to remove my online account,ACCOUNT,delete_account
BLQD,ask an agent how to inform of an issue making a payment,PAYMENT,payment_issue
BPMLQ,"I want to know where I can check my shipments, please",ORDER,track_order
BLQC,"I got an error when I tried to make a payment, but my card was charged anyway, I need help reporting it",PAYMENT,payment_issue
BILC,"I got an error message when I attempted to make a payment, but my card was charged anyway, what can I do to report it?",PAYMENT,payment_issue
BIML,can I have several online accounts?,ACCOUNT,create_account
BILQC,"i want to report an issue making a payment, what should i do?",PAYMENT,payment_issue
BILQC,"the game was postponed, what do I have to do to request a refund?",REFUNDS,get_refund
B,tell me if I can own more than one account,ACCOUNT,create_account
BIL,where can I open an online account?,ACCOUNT,create_account
BIML,where do I check my orders?,ORDER,track_order
BPLZ,i'd like to make a modificatin in my purchase,ORDER,change_order
BPMLQDW,ask an agent if i could track my fucking packages,ORDER,track_order
BLQDZ,ask an agent if i can notify a problem majing a payment,PAYMENT,payment_issue
BILQC,"I have a problem paying with card, can I inform of it?",PAYMENT,payment_issue
BILC,"I don't understand you, what should I do to talk to a person?",CONTACT,contact_human_agent
BILC,"my online account was hacked, what should I do to recover it?",ACCOUNT,recover_password
BIQD,can u ask an agent if my order is out for delivery?,ORDER,track_order
BILQ,where do I open an online account?,ACCOUNT,create_account
BIL,can you send an email to Client Service?,CONTACT,contact_customer_service
BM,I want to know if my orders are out for delivery,ORDER,track_order
BIL,where do i obtain a refund?,REFUNDS,get_refund
BILQC,"I want to modify my purchase, can you tell me where to do it?",ORDER,change_order
BLC,"i have a problem when trying to pay, inform of it",PAYMENT,payment_issue
BILQC,"the concert was postponed, can I get a refund?",REFUNDS,get_refund
BIMLW,"i want to see some fucking bills, can you tell me how I can do it?",INVOICES,get_invoice
BQ,I want to report a payment issue,PAYMENT,payment_issue
BILQC,"i wanna know the status of my reimbursement, what can i do?",REFUNDS,track_refund
BIMLQD,can u ask an agent how to report problems paying?,PAYMENT,payment_issue
BL,tell me if I can check my shipment,ORDER,track_order
BIC,"I got an error when I tried to pay, but I was charged anyway, can you report it?",PAYMENT,payment_issue
BM,tell me how I can track my orders,ORDER,track_order
BILQ,how do I obtain a reimbursement?,REFUNDS,get_refund
BQC,i cant remember my password and i wanna recover it,ACCOUNT,recover_password
BMSLC,i can't find my bill and i want to see it,INVOICES,check_invoices
BC,"someone stole my password, recover it",ACCOUNT,recover_password
BSLQ,I need help switching to another account,ACCOUNT,switch_account
BISLC,"I can't find my bills, can you show them?",INVOICES,check_invoices
BLQCZ,"I have an issue when trying yo pay, help me inform of it",PAYMENT,payment_issue
BILC,"I've got no account, how do I open one?",ACCOUNT,create_account
BIPLQD,"please, could u ask an agent how to get a reimbursement?",REFUNDS,get_refund
BILQ,where can I see my bills?,INVOICES,check_invoices
BIPLQWC,"id like information, could u send an email to fucking customer service?",CONTACT,contact_customer_service
BILC,"I want to track my reimbursement, what can I do?",REFUNDS,track_refund
BILC,"I'm not happy with the service, how do I lodge a consumer complaint?",FEEDBACK,complaint
BILC,"I want to edit my shipping address, can you help me?",SHIPPING,change_shipping_address
BILQC,"I have an issue making a payment with card, what can I do to report it?",PAYMENT,payment_issue
BILQD,can u ask an agent if i can leave a comment?,FEEDBACK,review
BILQC,"ive got no user account, what do i have to do?",ACCOUNT,create_account
BIPLEC,"I would like to lodge an opinion for a service, can you help me?",FEEDBACK,review
BILC,"i have a problem when trying to pay, can i report it?",PAYMENT,payment_issue
BIPLQWC,"i want to view the fucking ticket delivery options, what should i do, please?",DELIVERY,delivery_options
BIL,where can I receive the newsletter?,NEWSLETTER,newsletter_subscription
BMQD,ask an agent if i can solve payment issues,PAYMENT,payment_issue
BILZ,can you tell me the ermail address to contact Customer Support?,CONTACT,contact_customer_service
BIC,"I have no account, what can I do?",ACCOUNT,create_account
BIM,can you tell me how I can get some invoices?,INVOICES,get_invoice
BIML,where do I notify problems with my payment?,PAYMENT,payment_issue
BILQCZ,"i wanna submit a comment, what can i do  ?",FEEDBACK,review
BILQ,can I pay with Master Card?,PAYMENT,check_payment_methods
BIZ,can i file a ocmplaint for a service?,FEEDBACK,complaint
BLQ,i want to know if I can change my purchase,ORDER,change_order
BILQC,"I want to check my package, can you tell me how to do it?",ORDER,track_order
BIMLQ,how do I notify issues making a payment?,PAYMENT,payment_issue
BILQC,"i want a profile, can u create one?",ACCOUNT,create_account
BIMLCZ,"I want to view cancellation fees , what can I do?",CANCELLATION_FEE,check_cancellation_fee
BQ,tell me if theres a newsletter i can subscribe to,NEWSLETTER,newsletter_subscription
BILQC,"I lost my password, what do I have to do to retrieve it?",ACCOUNT,recover_password
BLC,"I don't like the service, make a complaint",FEEDBACK,complaint
BILQC,"an error pops when I attempt to pay for my online order, what should I do?",PAYMENT,payment_issue
BISC,"I didn't receive my invoices, how can I check them?",INVOICES,check_invoices
BPLDWZ,"ask an agent how i could inform of a fucking issuepaying, please",PAYMENT,payment_issue
BLQ,I want to know if I can modify my order,ORDER,change_order
BLC,"I got an error message when I tried to pay, but my card was charged anyway, notify it",PAYMENT,payment_issue
BILC,"i want a user account, what can i do to open one?",ACCOUNT,create_account
BILQC,"I want to use my other online account, can I switch them?",ACCOUNT,switch_account
BIQ,how can I edit the information on my profile?,ACCOUNT,edit_account
BSQ,i need help deleting my account,ACCOUNT,delete_account
BILC,"you're not helping, what do I have to do to talk to a person?",CONTACT,contact_human_agent
BIC,"I need a refund, can you help me?",REFUNDS,get_refund
BIM,can you tell me how long it takes for tickets to arrive?,DELIVERY,delivery_period
BILCZ,"I want to maked an order, what can I do?",ORDER,place_order
BIQC,"i got an error when i tried to pay, but my card was charged anyway, what can i do to report it?",PAYMENT,payment_issue
BILQD,can u ask an agent if i can solve a problem with my payment?,PAYMENT,payment_issue
BILC,"I have a problem when trying to make a payment, what should I do to notify it?",PAYMENT,payment_issue
BILQC,"I get an error when I try to pay for my online order, what do I have to do?",PAYMENT,payment_issue
BILC,"I've got no account, what can I do to open one?",ACCOUNT,create_account
BILEQC,"i dont have a user account, what can i do?",ACCOUNT,create_account
BLQD,ask an agent how to report a problem paying,PAYMENT,payment_issue
BIPLDW,can you ask an agent where I could inform of a fucking problem paying?,PAYMENT,payment_issue
BL,I found issues while registering,ACCOUNT,registration_problems
BILQ,where can I register?,ACCOUNT,create_account
BQC,"i cant remember my password, recover it",ACCOUNT,recover_password
BIPLWC,"I'd like to modify my fucking order, could you tell me where I can do it?",ORDER,change_order
BIQ,how do i check my invoices?,INVOICES,check_invoices
BLQC,"i have a question, talk to customer service",CONTACT,contact_customer_service
BILC,"I want to lodge a comment for a service, what can I do?",FEEDBACK,review
BIPLQDZ,"please , could u ask an agent where to report a payment problem?",PAYMENT,payment_issue
BIL,can I modify my profile?,ACCOUNT,edit_account
BLQ,I want to know where to download an invoice,INVOICES,get_invoice
BILQD,can u ask an agent where i can see the cancellation fee?,CANCELLATION_FEE,check_cancellation_fee
BILC,"I don't want my user account, can you close it?",ACCOUNT,delete_account
BILQ,can I create two profiles with a single email address?,ACCOUNT,create_account
BSLC,"I'm discontent with the service, I need help making a complaint",FEEDBACK,complaint
B,tell me if I can register two accounts with the same email,ACCOUNT,create_account
BMLQ,I want information about the cancellation penalties,CANCELLATION_FEE,check_cancellation_fee
BIL,how do I change my purchase?,ORDER,change_order
BIL,where can I notify an issue making a payment?,PAYMENT,payment_issue
BILC,"I haven't got an online account, how can I register?",ACCOUNT,create_account
BLQ,i want information about the mail of the Client Service,CONTACT,contact_customer_service
BSQC,"I didn't receive my invoices, help me check them",INVOICES,check_invoices
BL,how to download a bill,INVOICES,get_invoice
B,how to track my order,ORDER,track_order
BIPLQDZ,"could u ask an agent if i could update my profile, pleaes?",ACCOUNT,edit_account
BIMSLQC,"i lost my bill, how do i see it?",INVOICES,check_invoices
BILQ,how do I check my order?,ORDER,track_order
BILQC,"I have a question, what can I do to contact Customer Support?",CONTACT,contact_customer_service
BLC,"the event was postponed, help me obtain a reimbursement",REFUNDS,get_refund
BMLQ,I wanna know where to check my shipments,ORDER,track_order
BLQC,i changed my mind and i wanna cancel my online account,ACCOUNT,delete_account
BILC,"I have a problem making a payment with card, can you report it?",PAYMENT,payment_issue
BILQC,"i dont want my profile, how can i close it?",ACCOUNT,delete_account
BILQC,"I have a problem when trying to pay for my online order, what can I do to notify it?",PAYMENT,payment_issue
BILQC,"i forgot my password, how can i retrieve it?",ACCOUNT,recover_password
BILQ,where can I close my account?,ACCOUNT,delete_account
BLC,"I got an error when I tried to make a payment, but my card was charged anyway, I need help notifying it",PAYMENT,payment_issue
BPLQW,id like to see the fucking mail address to contact Customer Support,CONTACT,contact_customer_service
BILZ,where can I delete my user accopunt ?,ACCOUNT,delete_account
BIMLQC,"I want to check my orders, can you tell me how I can do it?",ORDER,track_order
BILQC,"I want a refund, how can I obtain one?",REFUNDS,get_refund
BILQC,"youre not helping, can u talk to a human?",CONTACT,contact_human_agent
BILQC,"im happy with the service, what can i do to make an opinion?",FEEDBACK,review
BISLC,"I lost my bills, can I view them?",INVOICES,check_invoices
BIL,how do I get a bill?,INVOICES,get_invoice
BILQCZ,"I have a problem paying for my online order, what should I do to notify ti?",PAYMENT,payment_issue
BLC,"you aren't helping, speak with a human agent",CONTACT,contact_human_agent
BML,I had a problem creating a profile,ACCOUNT,registration_problems
BILC,"I'm happy with the service, can you lodge a comment?",FEEDBACK,review
BILQC,"im interested in your money back policy, can you tell me about it?",REFUNDS,check_refund_policy
BIMLQ,can you tell me if i can register more than one account with the same email address?,ACCOUNT,create_account
BQ,I have an issue paying with card,PAYMENT,payment_issue
BILCZ,"I want a user avcount, can you help me?",ACCOUNT,create_account
BILC,"I want to notify an issue making a payment, what should I do?",PAYMENT,payment_issue
BILC,"I'm discontent with the service, how can I submit a complaint?",FEEDBACK,complaint
BILQC,"I have a problem paying with card, what do I have to do to report it?",PAYMENT,payment_issue
BL,help me write a comment for a service,FEEDBACK,review
BQ,i want to see the email address to contact customer service,CONTACT,contact_customer_service
BIL,how do I check the options for ticket delivery?,DELIVERY,delivery_options
BIC,"I want to file a review for a service, what do I have to do?",FEEDBACK,review
BIPL,"could you give me information about your money back policy, please?",REFUNDS,check_refund_policy
BL,help me check my order,ORDER,track_order
BPLQC,"i got an error message when i tried to make a payment, but my card was charged anyway and id like to notify it, please",PAYMENT,payment_issue
BML,i want to know if i can register more than one profile with the same email address,ACCOUNT,create_account
BILEQC,"i dont have a profile, can u create one?",ACCOUNT,create_account
BILQ,how do I track my delivery?,ORDER,track_order
BILCZ,"i got an error when i attempted to make a payment, but my card was charged anyway, what can i do to report ikt?",PAYMENT,payment_issue
BILQC,"youre not helping, what should i do to contact a human?",CONTACT,contact_human_agent
BILQC,"someone stole my account password, how do i retrieve it?",ACCOUNT,recover_password
BPLEC,"I am discontent with the service and I want to submit a consumer complaint, please",FEEDBACK,complaint
BIL,can you tell me the email to contact Customer Support?,CONTACT,contact_customer_service
BILQD,can u ask an agent to lodge a consumer complaint?,FEEDBACK,complaint
BL,help me check the status of my reimbursement,REFUNDS,track_refund
BIPLZ,"please, could you find information about the mail of hte Customer Service?",CONTACT,contact_customer_service
BQW,i wanna see the fucking delivery period,DELIVERY,delivery_period
BIM,what's the delivery period for my tickets?,DELIVERY,delivery_period
BILQC,"I have a problem making a payment, what can I do to notify it?",PAYMENT,payment_issue
BIPLQD,"can u ask an agent how to report an issue paying, please?",PAYMENT,payment_issue
BILC,"I got an error when I attempted to pay, but I was charged anyway, can you notify it?",PAYMENT,payment_issue
BPLQD,"please, ask an agent to inform of an issue making a payment",PAYMENT,payment_issue
BPLEC,"I got an error when I tried to make a payment, but my card was charged anyway and I would like to report it",PAYMENT,payment_issue
BMLQD,ask an agent where to check my orders,ORDER,track_order
BILC,"I have an issue when trying to make a payment with card, how can I notify it?",PAYMENT,payment_issue
BML,how to report payment problems,PAYMENT,payment_issue
BPLQC,"i have no user account and i wanna open one, please",ACCOUNT,create_account
BIL,where do I view your refund policy?,REFUNDS,check_refund_policy
BILC,"I want to report a problem making a payment, what should I do?",PAYMENT,payment_issue
BIMLQCZ,"I wanna check ym orders, can you tell me where I can do it?",ORDER,track_order
BM,help me get some invoices,INVOICES,get_invoice
BL,how to inform of an issue with my payment,PAYMENT,payment_issue
BM,i want to get some invoices,INVOICES,get_invoice
BIPQC,"i lost my password, could u recover it, please?",ACCOUNT,recover_password
BIQC,"I got an error when I tried to pay, but my card was charged anyway, can I report it?",PAYMENT,payment_issue
BILC,"I don't have an online account, can you open one?",ACCOUNT,create_account
BIM,can you tell me when my tickets are going to arrive?,DELIVERY,delivery_period
BIWC,"you're not helping, what can I do to contact a fucking human agent?",CONTACT,contact_human_agent
BL,my online account's been hacked,ACCOUNT,recover_password
BILC,"I want an account, how can I open one?",ACCOUNT,create_account
BIC,"i lost my password, can i recover it?",ACCOUNT,recover_password
BICZ,"I lots my password, can I recover it?",ACCOUNT,recover_password
BIPLEC,"I would like to inform of a problem making a payment, could you help me?",PAYMENT,payment_issue
BIL,can you find information about your money back policy?,REFUNDS,check_refund_policy
BILQDZ,can u ask an agent how to update my profile ?,ACCOUNT,edit_account
BILC,"I have a question, what do I have to do to call Client Service?",CONTACT,contact_customer_service
BLQ,I want information about the status of my reimbursement,REFUNDS,track_refund
BILQ,can you tell me if I can register several profiles with the same email address?,ACCOUNT,create_account
BIC,"i want to track my order, what can i do?",ORDER,track_order
BML,I want to know if I can have several profiles,ACCOUNT,create_account
BIPLQCZ,"i purchased a product, how could i modify my purchaes?",ORDER,change_order
BIL,can I check your money back guarantee?,REFUNDS,check_refund_policy
BILQCZ,"i wanna see the potions for delivwry, can u help me?",DELIVERY,delivery_options
BILCZ,"I don't wang my user account, can you remove it ?",ACCOUNT,delete_account
BPMLQD,"please, ask an agent if i can obtain some bills",INVOICES,get_invoice
BIM,how do i check my invoice?,INVOICES,check_invoices
BISL,what information do you have about requesting a bill?,INVOICES,get_invoice
BLQZ,i wanna see a bil,INVOICES,get_invoice
BPMSLQZ,Id like to request information about obtainnig some bills,INVOICES,get_invoice
BILCZ,"I want to inform of a payment problem, can you help me ?",PAYMENT,payment_issue
BILQC,"I bought an item, what do I have to do to change my purchase?",ORDER,change_order
BIMSLQD,can u ask an agent for information about seeing some invoices?,INVOICES,get_invoice
B,I want to solve an issue with my payment,PAYMENT,payment_issue
BPLQD,"please, ask an agent how to reset my account password",ACCOUNT,recover_password
BMLQDW,ask an agent if i can inform of fucking issues making a payment,PAYMENT,payment_issue
BLQ,i wanna know if i can receive the newsletter,NEWSLETTER,newsletter_subscription
BIMSLQC,"i lost my invoice, can u view it?",INVOICES,check_invoices
BILC,"I ordered something, how do i change my order?",ORDER,change_order
BIPLZ,"could you tell me if I could register several profiles with a single email address , please?",ACCOUNT,create_account
BIPLQD,"can u ask an agent how i could inform of a problem paying, please?",PAYMENT,payment_issue
BILQC,"I want to see your money back guarantee, what should I do?",REFUNDS,check_refund_policy
BILQC,"I want to make an opinion for a service, what do I have to do?",FEEDBACK,review
BPLC,"I changed my mind and I'd like to delete my user account, please",ACCOUNT,delete_account
BLCZ,"you aren't helping , contact someone",CONTACT,contact_human_agent
BMLQ,tell me if I can obtain some bills,INVOICES,get_invoice
BI,can you tell me about the options for delivery?,DELIVERY,delivery_options
BL,I want to see the email of Customer Service,CONTACT,contact_customer_service
BILC,"I can't remember my account password, what can I do?",ACCOUNT,recover_password
BIPC,"I'd like to recover my password, what should I do?",ACCOUNT,recover_password
BSL,I need help informing of a problem making a payment,PAYMENT,payment_issue
BML,I want to solve problems with my payment,PAYMENT,payment_issue
BILQC,"I want to submit a consumer complaint for a service, what can I do?",FEEDBACK,complaint
BMSL,i want to know something about downloading some invoices,INVOICES,get_invoice
BI,how can i file a complaint for a service?,FEEDBACK,complaint
BPLD,"please, ask an agent if my delivery is on its way",ORDER,track_order
BILC,"the concert was postponed, what can I do?",REFUNDS,get_refund
BILC,"I'm discontent with the service, what should I do to lodge a complaint?",FEEDBACK,complaint
BI,can you tell me if my order is out for delivery?,ORDER,track_order
BILCZ,"I need an user account, what can I do?",ACCOUNT,create_account
BMLZ,show me my invouce,INVOICES,check_invoices
BILCZ,"I got an eror when I attempted to pay, but my card was charged anyway, what should I do to inform of it?",PAYMENT,payment_issue
BIL,where can I view the delivery options?,DELIVERY,delivery_options
BI,how can I check your payment methods?,PAYMENT,check_payment_methods
BILQCZ,"i have a question, whta should i do to talk to customer support?",CONTACT,contact_customer_service
BILQD,can u ask an agent how i can notify an issue with my payment?,PAYMENT,payment_issue
BILEQWC,"my fucking profile has been hacked, what should i do to get it back?",ACCOUNT,recover_password
BSLC,"my user account was hacked, and I need help getting it back",ACCOUNT,recover_password
BIPL,could you find information about your money back policy?,REFUNDS,check_refund_policy
BILC,"I changed my mind, how do I cancel my online account?",ACCOUNT,delete_account
BLQC,"i have an issue paying for my online order, help me inform of it",PAYMENT,payment_issue
BILC,"I want to make a comment for a service, can you help me?",FEEDBACK,review
BLD,ask an agent if i can view my bills,INVOICES,check_invoices
BISL,what information do you have about seeing an invoice?,INVOICES,get_invoice
BLC,"I'm not happy with the service, make a consumer complaint",FEEDBACK,complaint
BILQC,"I want information, how can I call Customer Support?",CONTACT,contact_customer_service
BL,I have a problem making a payment with card,PAYMENT,payment_issue
BILQC,"i wanna view my bills, what can i do?",INVOICES,check_invoices
BLCZ,"I got an error message when I attempted to make an payment, but my card was charged anyway, I need help notifying it",PAYMENT,payment_issue
BILQC,"i wanna track my purchase, what can i do?",ORDER,track_order
BILC,"I got an error when I tried to make a payment, but I was charged anyway, what can I do to inform of it?",PAYMENT,payment_issue
BMLQ,I want to know how to get some bills,INVOICES,get_invoice
BILCZ,"I can't understand you, howdo I contact a person?",CONTACT,contact_human_agent
BIML,how do I report problems with my payment?,PAYMENT,payment_issue
BI,can you find information about your payment methods?,PAYMENT,check_payment_methods
BIPLQCZ,"id like to notify an issue with my payment, could u help e?",PAYMENT,payment_issue
BILQCZ,"i have an issue paying for my order  , can u inform of it?",PAYMENT,payment_issue
BL,where to get a reimbursement,REFUNDS,get_refund
BILQC,"the event was cancelled, how can i get a reimbursement?",REFUNDS,get_refund
BSLC,"i have no account, i need help registering",ACCOUNT,create_account
BIL,can you give me information about the email address of the Client Service?,CONTACT,contact_customer_service
BIPLW,could you tell me what the fucking free phone number to contact Client Service is?,CONTACT,contact_customer_service
BILQC,"i want information, what can i do to send an email to customer service?",CONTACT,contact_customer_service
BILQZ,how can I se the status of my reimbursement?,REFUNDS,track_refund
BILZ,can you show me the phone no to contact Customer Support?,CONTACT,contact_customer_service
BILQC,"my profile's been hacked, what can I do to get it back?",ACCOUNT,recover_password
BIQC,"I have an issue when trying to pay for my order, can I report it?",PAYMENT,payment_issue
BIL,how do I request an invoice?,INVOICES,get_invoice
BIC,"I got an error when I tried to pay, but I was charged anyway, can you help me?",PAYMENT,payment_issue
BIPLC,"I'd like to use my other profile, what do I have to do to switch them?",ACCOUNT,switch_account
BILQCZ,"my online account sas hacked, what can I do to get it back?",ACCOUNT,recover_password
BIC,"I have an issue when trying to pay for my order, how can I report it?",PAYMENT,payment_issue
BILQDZ,can u ask an agent for information about there reimbursement policy?,REFUNDS,check_refund_policy
BILC,"you aren't helping, how can I speak with a person?",CONTACT,contact_human_agent
BILQD,can u ask an agent how i can report a payment problem?,PAYMENT,payment_issue
BIML,can I obtain some invoices?,INVOICES,get_invoice
BILCZ,"I want to ldge a comment for a service, can you help me?",FEEDBACK,review
BLC,"I got an error message when I tried to pay, but I was charged anyway, help me report it",PAYMENT,payment_issue
BL,how to leave an opinion for a service,FEEDBACK,review
BML,tell me how I can track my deliveries,ORDER,track_order
BQZ,iwanna check my invoices,INVOICES,check_invoices
BILC,"I don't want my user account, what can I do to cancel it?",ACCOUNT,delete_account
BPLQW,I want to know if I could create two fucking user accounts with a single email address,ACCOUNT,create_account
BLCZ,"I want to change mypurchase, can you give me some information?",ORDER,change_order
BMSLQC,"I lost my invoice, help me see it",INVOICES,check_invoices
BLQC,"I changed my mind, help me remove my profile",ACCOUNT,delete_account
BILC,"you aren't helping, what can I do to contact a human?",CONTACT,contact_human_agent
BILC,"i want to notify a problem making a payment, what should i do?",PAYMENT,payment_issue
BL,help me check the ticket delivery options,DELIVERY,delivery_options
BMSLC,"i can't find my bill, i need help checking it",INVOICES,check_invoices
BLZ,how to solve a problem making a  payment,PAYMENT,payment_issue
BILC,"I haven't got a profile, what do I have to do?",ACCOUNT,create_account
BL,help me notify an issue paying,PAYMENT,payment_issue
BILQ,can you tell me if I can create two profiles with the same email?,ACCOUNT,create_account
BILQCZ,"i havent got a profile , what do i have to  do?",ACCOUNT,create_account
BILC,"I don't like the service, what do I have to do to lodge a complaint?",FEEDBACK,complaint
BILQC,"i ordered something, how can i modify my purchase?",ORDER,change_order
BPMLQDZ,"ask an agent where i can notify issues making a payent , please",PAYMENT,payment_issue
BILC,"I don't want my account, what can I do to cancel it?",ACCOUNT,delete_account
BPLQDZ,"please, askan agent how to request a refund",REFUNDS,get_refund
BILC,"I have no online account, what can I do to create one?",ACCOUNT,create_account
BIPLQ,"can u give me information about the email to contact Customer Service, please?",CONTACT,contact_customer_service
BISQC,"i lost my invoices, can i check them?",INVOICES,check_invoices
BML,tell me if I can create more than one profile with the same email address,ACCOUNT,create_account
BILQ,how do I change to another user account?,ACCOUNT,switch_account
BIC,"I made a mistake, what do i have to do to change my order?",ORDER,change_order
BLQC,"i got an error when i tried to pay, but my card was charged anyway and i wanna notify it",PAYMENT,payment_issue
BIL,how do I remove my user account?,ACCOUNT,delete_account
BIPLC,"the concert was cancelled, how could I request a reimbursement?",REFUNDS,get_refund
BILC,"i have a problem when trying to make a payment, what do i have to do to notify it?",PAYMENT,payment_issue
BIMLZ,can you etll me howto check my packages?,ORDER,track_order
BILQ,can I create several accounts with the same email?,ACCOUNT,create_account
BCZ,"i got an error when i tried to pay, but i was charged anyway , i need help reporting it",PAYMENT,payment_issue
BIPSLQDW,could u ask an agent for information about modifying my fucking order?,ORDER,change_order
BILC,"I have a problem paying for my online order, what should I do to inform of it?",PAYMENT,payment_issue
BL,tell me if there's a newsletter to stay informed,NEWSLETTER,newsletter_subscription
BIPSLDW,"please, do you mind asking an agent if my fucking shipment is out for delivery?",ORDER,track_order
BLZ,I want to know if I can request a invoice,INVOICES,get_invoice
BLC,"I don't want my profile, cancel it",ACCOUNT,delete_account
BILC,"someone stole my account password, can you reset it?",ACCOUNT,recover_password
BILQD,can u ask an agent to change to another profile?,ACCOUNT,switch_account
BIL,how can I see an invoice?,INVOICES,get_invoice
BIPLDW,could you ask an agent where I can create a fucking online account?,ACCOUNT,create_account
BILQZ,can you tell me if I can cteate two profiles with a single email?,ACCOUNT,create_account
BPLQWCZ,"youre not helping and id like to talk to a fucking human agent, lease",CONTACT,contact_human_agent
BLC,"I got an error message when I attempted to pay, but my card was charged anyway, help me inform of it",PAYMENT,payment_issue
BIPLDW,"can you ask an agent where I can notify a fucking problem paying, please?",PAYMENT,payment_issue
BISL,what can you tell me about getting a bill?,INVOICES,get_invoice
BILCZ,"I have a question , what should I do to send an email to Client Service?",CONTACT,contact_customer_service
BILC,"i want information, how do i talk to client service?",CONTACT,contact_customer_service
BLQ,I have no profile,ACCOUNT,create_account
BISLQC,"I didn't receive my invoices, what should I do to view them?",INVOICES,check_invoices
BILQCZ,"i wanna inform of a problem with my payment, can u help  me?",PAYMENT,payment_issue
BILCZ,"I haven't got a proile, can you help me?",ACCOUNT,create_account
BIL,can you obtain an invoice?,INVOICES,get_invoice
BSLQ,I need help making a complaint,FEEDBACK,complaint
BILQC,"i purchased a product, how can I modify my order?",ORDER,change_order
BILQC,"i wanna submit a review for a service, can u help me?",FEEDBACK,review
BIQCZ,"i want to check the cancellation fee, what do i have to d?",CANCELLATION_FEE,check_cancellation_fee
BILEQC,"i am happy with the service, what should i do to submit a comment?",FEEDBACK,review
BIC,"I haven't got an account, can you create one?",ACCOUNT,create_account
BMSLQC,i lost my bill and i want to view it,INVOICES,check_invoices
BILQ,can I own more than one profile?,ACCOUNT,create_account
BLQC,youre not helping and i wanna speak with a human,CONTACT,contact_human_agent
BILQ,can i make a complaint for a service?,FEEDBACK,complaint
BIQC,"I made a mistake, can I change my order?",ORDER,change_order
BILQC,"an error pops when I try to pay, what do I have to do?",PAYMENT,payment_issue
BLD,ask an agent how i can report an issue making a payment,PAYMENT,payment_issue
BILCZ,"i got an error when i attempted to pay, but i was charged anyway , how can i notify it?",PAYMENT,payment_issue
BIC,"I've got no account, what can I do to create one?",ACCOUNT,create_account
BILZ,ca oyu tell me the email to contact Client Service?,CONTACT,contact_customer_service
BILC,"I got an error message when I attempted to make a payment, but my card was charged anyway, can you notify it?",PAYMENT,payment_issue
BIPL,could you find information about the mail of the Customer Support?,CONTACT,contact_customer_service
BILC,"an error pops when i try to pay for my order, what should i do?",PAYMENT,payment_issue
BQC,"I wanna track my order, tell me where to do it",ORDER,track_order
BILQC,"i want to use my other online account, how can i change them?",ACCOUNT,switch_account
BSLQ,I need help leaving a comment for a service,FEEDBACK,review
B,I need an account,ACCOUNT,create_account
BIL,where do I request an invoice?,INVOICES,get_invoice
BLQC,"I have an issue making a payment with card, help me inform of it",PAYMENT,payment_issue
BPLQDW,ask an agent if i could solve a fucking problem paying,PAYMENT,payment_issue
BIPMLD,"please, can you ask an agent where I can report issues paying?",PAYMENT,payment_issue
BILC,"I changed my mind, can you remove my user account?",ACCOUNT,delete_account
BIMLQ,can I solve payment problems?,PAYMENT,payment_issue
BML,I want to know how to know where my deliveries are,ORDER,track_order
BZ,tell me if there is a free phone no to contact Customer Service,CONTACT,contact_customer_service
BILZ,can I get the tracking no for my package?,ORDER,track_order
BILC,"I have no online account, how can I create one?",ACCOUNT,create_account
BILC,"I don't understand you, can you speak with a human?",CONTACT,contact_human_agent
BIL,how do I report a payment problem?,PAYMENT,payment_issue
BILC,"I can't understand you, what can I do to contact someone?",CONTACT,contact_human_agent
BILQC,"my user account's been hacked, how do i get it back?",ACCOUNT,recover_password
BIL,how can I view your refund policy?,REFUNDS,check_refund_policy
BIL,can you tell me the hours of customer support?,CONTACT,contact_customer_service
BISLQCZ,"I didn't receive my bills, what van I do to view them?",INVOICES,check_invoices
BLC,I don't have an online account and I want to create one,ACCOUNT,create_account
BLC,"I can't remember my account password, help me reset it",ACCOUNT,recover_password
BL,I want to know how I can download a bill,INVOICES,get_invoice
BILQZ,how can i file a consumer complsint for a service?,FEEDBACK,complaint
BSLCZ,"I chnaged my mind, I need help deleting my user account",ACCOUNT,delete_account
BILQC,"I want to report a problem with my payment, what do I have to do?",PAYMENT,payment_issue
BILQ,"I want to download a bill, can you tell me where I can do it?",INVOICES,get_invoice
BIPL,"please, can you tell me if I can register two user accounts with a single email?",ACCOUNT,create_account
BILC,"I want to use my other account, can you switch them?",ACCOUNT,switch_account
BL,help me view my invoices,INVOICES,check_invoices
BIML,can I view the cancellation fees?,CANCELLATION_FEE,check_cancellation_fee
BIC,"I have an issue paying, can you report it?",PAYMENT,payment_issue
BPMLQDW,"ask an agent if i can see some fucking bills, please",INVOICES,get_invoice
BIML,can you show me information about the cancellation penalties?,CANCELLATION_FEE,check_cancellation_fee
BILQD,can u ask an agent where i can remove my profile?,ACCOUNT,delete_account
BILCZ," have a question, can you call Customer Service?",CONTACT,contact_customer_service
BL,help me speak with a human agent,CONTACT,contact_human_agent
BIMLC,"i want to see my bill, what do i have to do?",INVOICES,check_invoices
BIC,"I want to report an issue with my payment, what do I have to do?",PAYMENT,payment_issue
BIL,how can I reset my password?,ACCOUNT,recover_password
BILQC,"I bought an item, can I modify my purchase?",ORDER,change_order
BILQC,"i want to view the cancellation penalty, what should i do?",CANCELLATION_FEE,check_cancellation_fee
BIMSL,what information do you have about downloading some invoices?,INVOICES,get_invoice
BLQ,I want a profile,ACCOUNT,create_account
BILC,"my user account was hacked, what can I do to recover it?",ACCOUNT,recover_password
BILZ,van i check your reimbursement policy?,REFUNDS,check_refund_policy
BIPMLQ,could you tell me if i could register more than one online account with the same email address?,ACCOUNT,create_account
BQD,ask an agent to delete my account,ACCOUNT,delete_account
B,where to check the options for delivery,DELIVERY,delivery_options
BILCZ,"i have a problem paying , what  do i have to do to report it?",PAYMENT,payment_issue
BILQC,"i wanna make a review for a service, what can i do?",FEEDBACK,review
BIMSLCZ,"I losty my invoice, what can I do to view it?",INVOICES,check_invoices
BIMQ,how do I report issues with my payment?,PAYMENT,payment_issue
BLC,I want an online account and I want to open one,ACCOUNT,create_account
BILQ,can i write an opinion for a service?,FEEDBACK,review
BIL,what's your reimbursement policy?,REFUNDS,check_refund_policy
BLQC,youre not helping and i wanna talk to a human,CONTACT,contact_human_agent
BLQC,"I want information, call Customer Support",CONTACT,contact_customer_service
BIML,how do i inform of payment issues?,PAYMENT,payment_issue
BIC,"the transaction was declined, can you help me?",PAYMENT,payment_issue
BIMSLQC,"i lost my invoice, can u show it?",INVOICES,check_invoices
B,I want to see the delivery period for my ticket,DELIVERY,delivery_period
BILC,"I have a question, can I contact Customer Support?",CONTACT,contact_customer_service
BPLEC,"I haven't got an account and I would like to register, please",ACCOUNT,create_account
BIMSLQC,"I lost my bill, what can I do to view it?",INVOICES,check_invoices
BIPLQ,"please, could u give me information about the mail address of the Customer Support?",CONTACT,contact_customer_service
BIPLQD,could u ask an agent if i can see my invoices?,INVOICES,check_invoices
BLCZ,"the show was postponed , get a refudn",REFUNDS,get_refund
BLQCZ,"i got an error message when i attempted to pay, but my card was charged anyway , help me notify it",PAYMENT,payment_issue
BILZ,can you tell me what your payent options are?,PAYMENT,check_payment_methods
BILQC,"I want to submit a complaint, what should I do?",FEEDBACK,complaint
BMLQ,I wanna know how I can know where my shipments are,ORDER,track_order
BLQC,I have an issue making a payment and I want to inform of it,PAYMENT,payment_issue
BLQ,I want to know if I can create two user accounts with the same email address,ACCOUNT,create_account
BILQC,"i got an error message when i tried to make a payment, but my card was charged anyway, can i notify it?",PAYMENT,payment_issue
BIMLQ,where can I check the cancellation penalties?,CANCELLATION_FEE,check_cancellation_fee
BILQ,can i view the cancellation penalty?,CANCELLATION_FEE,check_cancellation_fee
BPSC,I lost my invoices and I'd like to check them,INVOICES,check_invoices
BILQC,"I have an issue paying for my order, can I inform of it?",PAYMENT,payment_issue
BILQC,"the show was postponed, what should I do to get a reimbursement?",REFUNDS,get_refund
BILQC,"I want to submit a consumer complaint, what do I have to do?",FEEDBACK,complaint
BILC,"I can't remember my account password, how do I recover it?",ACCOUNT,recover_password
BILZ,can  I have more than one profile?,ACCOUNT,create_account
BILQC,"i get an error when i try to make a payment with card, can u help me?",PAYMENT,payment_issue
BL,where to remove my account,ACCOUNT,delete_account
BIPMLQDWZ,"could u ask an agent ifg i can download some fucking invoices, please?",INVOICES,get_invoice
BIML,can you request some bills?,INVOICES,get_invoice
BILC,"I got an error message when I attempted to make a payment, but my card was charged anyway, how can I notify it?",PAYMENT,payment_issue
BMLQ,I want to know where I can track my shipments,ORDER,track_order
BIMLQD,can u ask an agent if i can view my invoice?,INVOICES,check_invoices
BILC,"I want information, can you contact Customer Support?",CONTACT,contact_customer_service
BL,I want to know if I can create two user accounts with a single email,ACCOUNT,create_account
BIPLDW,can you ask an agent if I could notify a fucking problem paying?,PAYMENT,payment_issue
BLQD,ask an agent for information about my bills,INVOICES,check_invoices
BLC,"I need a reimbursement, request one",REFUNDS,get_refund
BPLQWC,"the fucking show was cancelled and i wanna get a refund, please",REFUNDS,get_refund
BIPLD,"could you ask an agent to make a consumer complaint, please?",FEEDBACK,complaint
BILQC,"I have an issue paying for my online order, what can I do to report it?",PAYMENT,payment_issue
BIQ,how can I check your refund policy?,REFUNDS,check_refund_policy
BSLQ,I need help removing my profile,ACCOUNT,delete_account
BLQD,ask an agent to give me information about the status of my purchase,ORDER,track_order
BSL,I need help checking the ticket delivery options,DELIVERY,delivery_options
BIPLQDZ,could u ask an agent if i could see their reimbursemenmt policy?,REFUNDS,check_refund_policy
BLQ,an error pops when I try to make a payment,PAYMENT,payment_issue
BILQC,"I want information, how do I talk to Customer Support?",CONTACT,contact_customer_service
BLQD,ask an agent to recover my account password,ACCOUNT,recover_password
BL,tell me what the mail of Client Service is,CONTACT,contact_customer_service
BILQ,"I want to obtain an invoice, can you tell me how I can do it?",INVOICES,get_invoice
BQC,"I got an error when I tried to pay, but my card was charged anyway and I want to report it",PAYMENT,payment_issue
BILQC,"I want to use my other account, how do I switch them?",ACCOUNT,switch_account
BICZ,"i egt an error when i try to pay with card, what do i have to do?",PAYMENT,payment_issue
BILQ,how can I file a consumer complaint?,FEEDBACK,complaint
BIPMLDZ,could you ask an agent how to report issues paying ?,PAYMENT,payment_issue
BLC,you aren't helping and I want to talk to someone,CONTACT,contact_human_agent
BMLCZ,"I want to track my packages, tell me how I axn do it",ORDER,track_order
BILQ,can u show me the mail address to contact customer support?,CONTACT,contact_customer_service
BLQC,"im happy with the service, lodge an opinion",FEEDBACK,review
BML,I want to inform of payment issues,PAYMENT,payment_issue
BPMLD,"please, ask an agent to show me my bill",INVOICES,check_invoices
BILQ,can you tell me if i can register several accounts with a single email address?,ACCOUNT,create_account
BILZ,can you give me information avout the options for ticket delivery?,DELIVERY,delivery_options
BSLQ,I need help viewing your payment options,PAYMENT,check_payment_methods
BLQ,I want information about the mail address of the Customer Support,CONTACT,contact_customer_service
BLC,"I can't understand you, help me speak with someone",CONTACT,contact_human_agent
BSLC,"I don't want my user account, I need help deleting it",ACCOUNT,delete_account
BLD,ask an agent how to receive a reimbursement,REFUNDS,get_refund
BPLQD,"ask an agent to solve a problem making a payment, please",PAYMENT,payment_issue
BILQ,how do I write a review?,FEEDBACK,review
BIPLC,"I want to view the status of my order, could you help me?",ORDER,track_order
BILEQWC,"u are not helping, what should i do to contact fucking someone?",CONTACT,contact_human_agent
BIMSLC,"I lost my bill, can you check it?",INVOICES,check_invoices
BILQC,"I want to check your reimbursement policy, what do I have to do?",REFUNDS,check_refund_policy
BIPLD,"please, can you ask an agent how to check my bills?",INVOICES,check_invoices
BLC,"I want to subscribe to the newsletter, can you show me some information?",NEWSLETTER,newsletter_subscription
BPLQDZ,"please, ask an aent where i can inform of an issue with my payment",PAYMENT,payment_issue
BLZ,I found iwsues while creating an account,ACCOUNT,registration_problems
BIL,can you tell me if there is any person available?,CONTACT,contact_human_agent
BMLQ,i wanna know how to know where my deliveries are,ORDER,track_order
BPLQ,"I want to know if I could make a payment with card, please",PAYMENT,check_payment_methods
BILQC,"i have an issue paying, can u inform of it?",PAYMENT,payment_issue
BSLQC,I lost my invoices and I want to see them,INVOICES,check_invoices
BMSLC,"I can't find my bill, show it",INVOICES,check_invoices
BIPLD,"please, could you ask an agent how to report an issue making a payment?",PAYMENT,payment_issue
BML,how to solve issues paying,PAYMENT,payment_issue
B,how to solve an issue with my payment,PAYMENT,payment_issue
BLQ,i want to change to another online account,ACCOUNT,switch_account
BIML,where do I check my bill?,INVOICES,check_invoices
BILC,"I'm happy with the service, how can I submit an opinion?",FEEDBACK,review
BMLZ,I  want to know how I can know where my deliveries are,ORDER,track_order
BL,I want to check your reimbursement policy,REFUNDS,check_refund_policy
BILC,"i want a profile, what should i do?",ACCOUNT,create_account
BILC,"I want a reimbursement, what should I do to obtain one?",REFUNDS,get_refund
BILQC,"I got an error message when I attempted to make a payment, but my card was charged anyway, how can I report it?",PAYMENT,payment_issue
BIL,can i see my invoices?,INVOICES,check_invoices
BIML,how do I download some invoices?,INVOICES,get_invoice
BILQCZ,"I need a sure account, how can I open one?",ACCOUNT,create_account
BILC,"i changed my mind, what should i do to close my profile?",ACCOUNT,delete_account
BLC,"the show was cancelled, obtain a reimbursement",REFUNDS,get_refund
BILC,"I need information, can you speak with Client Service?",CONTACT,contact_customer_service
BIL,where do I open an account?,ACCOUNT,create_account
BL,I need information about the mail address of the Customer Service,CONTACT,contact_customer_service
BIQD,can u ask an agent for information about their payment methods?,PAYMENT,check_payment_methods
BLZ,show me the mail address  of the Customer Support,CONTACT,contact_customer_service
BIML,can I own several user accounts?,ACCOUNT,create_account
BLQC,the show was postponed and i wanna request a reimbursement,REFUNDS,get_refund
BLQCZ,I bouvht a product and I want to change my order,ORDER,change_order
BIPLQDW,"could u ask an agent what the fucking mail address of the Customer Service, please?",CONTACT,contact_customer_service
BLQ,i want to see the mail address to contact customer support,CONTACT,contact_customer_service
BSLQZ,i need hdlp talking to customer service,CONTACT,contact_customer_service
BILCZ,"I'm discontent with the service, what do I have to do to ldge a complaint?",FEEDBACK,complaint
BLD,ask an agent what the email of client service is,CONTACT,contact_customer_service
BIQC,"i dont like the service, how do i file a complaint?",FEEDBACK,complaint
BILQC,"I want information, what should I do to send an email to Client Service?",CONTACT,contact_customer_service
BLQCZ,"I got an error when I trued to pay, but I was charged anyway, notify it",PAYMENT,payment_issue
BIML,can you tell me if I can own several online accounts?,ACCOUNT,create_account
BLZ,tell me if I can register several online accounts wqith the same email,ACCOUNT,create_account
BILQ,where do i request a reimbursement?,REFUNDS,get_refund
BL,tell me what the mail to contact Client Service is,CONTACT,contact_customer_service
BIPLC,"I need an online account, could you create one, please?",ACCOUNT,create_account
BL,I want to know if I can register two online accounts with the same email address,ACCOUNT,create_account
BILC,"I'm happy with the service, can you make a review?",FEEDBACK,review
BILQC,"you arent helping, how can i speak with a human agent?",CONTACT,contact_human_agent
BILQ,can i check the cancellation penalty?,CANCELLATION_FEE,check_cancellation_fee
BILQCZ,"I lost my acvount password, how do I retrieve it?",ACCOUNT,recover_password
BIL,can you find information about the email of the Client Service?,CONTACT,contact_customer_service
BILQC,"i get an error when i attempt to pay for my order, can u help me?",PAYMENT,payment_issue
BPLQD,"ask an agent where to register, please",ACCOUNT,create_account
BIPLDZ,can you ask an agent if Icould obtain a reimbursement?,REFUNDS,get_refund
BILCZ,"I want to make a comment, can you help me ?",FEEDBACK,review
BILQC,"I bought something, how do I change my purchase?",ORDER,change_order
BIPLD,"could you ask an agent if I could modify my purchase, please?",ORDER,change_order
BILZ,what's the phone no to contact Customer Support?,CONTACT,contact_customer_service
BLQ,i wanna know what the free number of client service is,CONTACT,contact_customer_service
BPMLQDW,"ask an agent to show me the fucking cancellation fees, please",CANCELLATION_FEE,check_cancellation_fee
B,I want to delete my account,ACCOUNT,delete_account
BILC,"I want to check the status of my reimbursement, what do I have to do?",REFUNDS,track_refund
BSLEQC,"i dont have a user account, i need help opening one",ACCOUNT,create_account
BL,I want to know what the email address to contact Customer Support is,CONTACT,contact_customer_service
BILC,"I don't like the service, how can I make a consumer complaint?",FEEDBACK,complaint
BLQC,"I want a reimbursement, obtain one",REFUNDS,get_refund
BLZ,tell me if I can register  two online accounts with the same email,ACCOUNT,create_account
BIC,"I want to check the status of my order, can you help me?",ORDER,track_order
BMLQD,ask an agent how I can download some bills,INVOICES,get_invoice
BMSC,"I lost my invoice, I need help checking it",INVOICES,check_invoices
BSLC,"my online account was hacked, and I need help recovering it",ACCOUNT,recover_password
BILQD,can u ask an agent to open a user account?,ACCOUNT,create_account
BML,I want to see some invoices,INVOICES,get_invoice
BILQC,"im discontent with the service, how can i lodge a complaint?",FEEDBACK,complaint
BIL,where can I inform of an issue paying?,PAYMENT,payment_issue
BL,information about the status of my reimbursement,REFUNDS,track_refund
BPLQZ,i want ot know if i could register two user accounts with a single email address,ACCOUNT,create_account
BMLZ,wheretoinform of problems with my payment,PAYMENT,payment_issue
BSLQ,I need help seeing your money back policy,REFUNDS,check_refund_policy
BILC,"I have no shipping address, can you set one up?",SHIPPING,set_up_shipping_address
BILQC,"I have a problem when trying to pay for my order, what can I do to inform of it?",PAYMENT,payment_issue
BISC,"I can't find my invoices, how can I check them?",INVOICES,check_invoices
BPLD,"ask an agent to close my online account, please",ACCOUNT,delete_account
BMSLC,I can't find my bill and I want to view it,INVOICES,check_invoices
BIL,can I view your payment methods?,PAYMENT,check_payment_methods
BIMLQD,can u ask an agent where to inform of payment problems?,PAYMENT,payment_issue
BPLQD,ask an agent if I could remove my user account,ACCOUNT,delete_account
BPLEC,I changed my mind and I would like to close my profile,ACCOUNT,delete_account
BLQC,"I have a problem making a payment with card, I need help notifying it",PAYMENT,payment_issue
BILQCZ,"i wanna see the optyions for delivery, what should i do?",DELIVERY,delivery_options
BILQC,"the game was postponed, what do I have to do to get a refund?",REFUNDS,get_refund
BLQC,"i got an error when i attempted to pay, but i was charged anyway and i wanna inform of it",PAYMENT,payment_issue
BILQC,"im not happy with the service, what should i do to submit a consumer complaint?",FEEDBACK,complaint
BILQ,can u give me information about the email address to contact Client Service?,CONTACT,contact_customer_service
BML,tell me how I can track my shipments,ORDER,track_order
BLCZ,"I have an issue making an payment with card, help me report it",PAYMENT,payment_issue
BILQC,"youre not helping, what do i have to do to contact a person?",CONTACT,contact_human_agent
BILQC,"i wanna file an opinion for a service, can u help me?",FEEDBACK,review
BIMLQ,where can I report issues making a payment?,PAYMENT,payment_issue
BILC,"the event was cancelled, what do I have to do to request a reimbursement?",REFUNDS,get_refund
BLQC,"I got an error message when I tried to make a payment, but I was charged anyway, I need help informing of it",PAYMENT,payment_issue
BIL,can I get a bill?,INVOICES,get_invoice
BIL,can you tell me if i can register several user accounts with a single email address?,ACCOUNT,create_account
BL,I want to know how I can track my delivery,ORDER,track_order
BIL,can you show me the free number to contact Customer Service?,CONTACT,contact_customer_service
BIPMD,"please, could you ask an agent how to report issues with my payment?",PAYMENT,payment_issue
BILQ,how do I write a review for a service?,FEEDBACK,review
BSLC,"I lost my bills, check them",INVOICES,check_invoices
BMLQ,I want to know how I can check my shipments,ORDER,track_order
BIML,where can i report payment problems?,PAYMENT,payment_issue
BIPLQD,"can u ask an agent where to make a consumer complaint for a service, please?",FEEDBACK,complaint
BILQC,"i havent got an online account, what can i do to create one?",ACCOUNT,create_account
BILCZ,"I have no user account , what do I have to do to open one?",ACCOUNT,create_account
BMQ,I want to know if I can own several accounts,ACCOUNT,create_account
BLQC,"I made a mistake, help me modify my purchase",ORDER,change_order
BIL,can you contact a person?,CONTACT,contact_human_agent
BILC,"I get an error message when I try to make a payment for my online order, what do I have to do?",PAYMENT,payment_issue
BIMLZ,can i create moe than one user account with a single email?,ACCOUNT,create_account
BIPLQC,"i got an error when i tried to make a payment, but my card was charged anyway, could u report it, please?",PAYMENT,payment_issue
BLC,I have a problem when trying to make a payment and I want to notify it,PAYMENT,payment_issue
BIMLC,"I want to see my bill, what can I do?",INVOICES,check_invoices
BILQC,"i want to make an opinion, what do i have to do?",FEEDBACK,review
BIMLQ,can i create more than one profile with a single email?,ACCOUNT,create_account
BIQC,"i want to report an issue with my payment, what should i do?",PAYMENT,payment_issue
BPLQD,"please, ask an agent where i could report a problem making a payment",PAYMENT,payment_issue
BIPML,"can you give me information about my bill, please?",INVOICES,check_invoices
BILC,"I got an error when I tried to make a payment, but my card was charged anyway, how do I inform of it?",PAYMENT,payment_issue
BILQC,"I have a problem when trying to pay with card, how do I notify it?",PAYMENT,payment_issue
BIQ,can u show me the email address of Customer Service?,CONTACT,contact_customer_service
BIPLQDW,"please, could u ask an agent where i can inform of a fucking problem paying?",PAYMENT,payment_issue
BIPD,"could you ask an agent where I can check my invoices, please?",INVOICES,check_invoices
BILQC,"i want to report a problem with my payment, what should i do?",PAYMENT,payment_issue
BLQ,I want to create a profile,ACCOUNT,create_account
BILC,"I don't like the service, what should I do to lodge a consumer complaint?",FEEDBACK,complaint
BISLQC,"i lost my bills, can u show them?",INVOICES,check_invoices
BIPLQD,"can u ask an agent if i can send an email to client service, please?",CONTACT,contact_customer_service
BILC,"I don't have a user account, can I create one?",ACCOUNT,create_account
BLC,I don't understand you and I want to talk to a person,CONTACT,contact_human_agent
BILC,"i got an error when i attempted to make a payment, but my card was charged anyway, how do i report it?",PAYMENT,payment_issue
BILQC,"someone stole my account password, what do I have to do?",ACCOUNT,recover_password
BILC,"I want to view your payment methods, can you help me?",PAYMENT,check_payment_methods
BILC,"I get an error when I try to make a payment with card, what should I do?",PAYMENT,payment_issue
BLQD,ask an agent if i can solve an issue making a payment,PAYMENT,payment_issue
BILQZ,where can I check the status of my purchase ?,ORDER,track_order
BLQC,ive got no user account and i want to register,ACCOUNT,create_account
BIPLQDW,"could u ask an agent where i can notify a fucking problem making a payment, please?",PAYMENT,payment_issue
BIQC,"my account was hacked, how can I recover it?",ACCOUNT,recover_password
BSLQ,i wanna know something about downloading an invoice,INVOICES,get_invoice
BSQC,"I want to know the status of my refund, I need help tracking it",REFUNDS,track_refund
BMLQ,i wanna know if i can register more than one profile with the same email address,ACCOUNT,create_account
BPLQC,"i have a problem when trying to pay for my order, i need help notifying it, please",PAYMENT,payment_issue
BML,information about my bill,INVOICES,check_invoices
BIL,can you find information about the cancellation penalty?,CANCELLATION_FEE,check_cancellation_fee
BIL,how can i check my bills?,INVOICES,check_invoices
BILQD,can u ask an agent how to make changes to my profile?,ACCOUNT,edit_account
BMLQD,ask an agent if i can inform of issues paying,PAYMENT,payment_issue
BLQ,I want to know what the email address of Customer Support is,CONTACT,contact_customer_service
BILC,"I want to use my other profile, can you change them?",ACCOUNT,switch_account
BILC,"I need information, can you send an email to Customer Service?",CONTACT,contact_customer_service
BMLD,ask an agent to notify problems making a payment,PAYMENT,payment_issue
BILQC,"I got an error message when I tried to pay, but I was charged anyway, what do I have to do to report it?",PAYMENT,payment_issue
BIL,where do i file a consumer complaint?,FEEDBACK,complaint
BLQC,"i wanna modify my order, can you give me some information?",ORDER,change_order
BILQ,where can I report an issue paying?,PAYMENT,payment_issue
BILQC,"I lost my account password, what can I do to recover it?",ACCOUNT,recover_password
BILC,"I have a problem paying for my order, can you notify it?",PAYMENT,payment_issue
BILQC,"I want information, how do I speak with Client Service?",CONTACT,contact_customer_service
BL,I want to know if I can create several accounts with a single email,ACCOUNT,create_account
BML,I found a problem signing up,ACCOUNT,registration_problems
BLQC,"i wanna use my other online account, switch them",ACCOUNT,switch_account
BILQ,how can i solve a problem paying?,PAYMENT,payment_issue
BILQ,can I write a comment?,FEEDBACK,review
BL,how to talk to a human agent,CONTACT,contact_human_agent
BSLQZ,I need help reporting a problem with ym payment,PAYMENT,payment_issue
BIL,can you show me the phone number to contact Client Service?,CONTACT,contact_customer_service
BLQ,I want to speak with a person,CONTACT,contact_human_agent
BILC,"I ordered an item, what can I do to change my order?",ORDER,change_order
BIQC,"the payment failed, what do I have to do?",PAYMENT,payment_issue
BILQC,"I get an error message when I attempt to make a payment for my online order, what do I have to do?",PAYMENT,payment_issue
BLCZ,the event was cancelled and II want to request a reimbursement,REFUNDS,get_refund
BIPLQC,"i purchased a product, could i modify my purchase, please?",ORDER,change_order
BIMQD,can you ask an agent how to get some invoices?,INVOICES,get_invoice
BILC,"I want to obtain a reimbursement, can you help me?",REFUNDS,get_refund
BLQ,how to speak with Client Service,CONTACT,contact_customer_service
BILC,"I don't have a user account, what should I do?",ACCOUNT,create_account
BILC,"I have a question, what can I do to talk to Client Service?",CONTACT,contact_customer_service
BSLQ,i wanna get information about modifying my order,ORDER,change_order
BILQC,"my profile's been hacked, what do I have to do to recover it?",ACCOUNT,recover_password
BISL,what information do you have about downloading a bill?,INVOICES,get_invoice
BIML,can you tell me if I can have several accounts?,ACCOUNT,create_account
BILQC,"im happy with the service, what can i do to make a review?",FEEDBACK,review
BILC,"i want to track my delivery, can you tell me how to do it?",ORDER,track_order
BLC,"the game was cancelled, request a refund",REFUNDS,get_refund
BLC,the game was cancelled and I want to get a reimbursement,REFUNDS,get_refund
BILC,"I want information, what do I have to do to talk to Customer Service?",CONTACT,contact_customer_service
BILC,"you aren't helping, how can I talk to a person?",CONTACT,contact_human_agent
BMLZ,tell me how to know where m deliveries are,ORDER,track_order
BILQ,can you tell me if I can make a payment with Visa?,PAYMENT,check_payment_methods
BIMLQC,"i want to see cancellation fees, can u help me?",CANCELLATION_FEE,check_cancellation_fee
BIPC,"I want to change my order, could you tell me where I can do it?",ORDER,change_order
BSL,I need help viewing the cancellation penalty,CANCELLATION_FEE,check_cancellation_fee
BIL,where do I switch to another account?,ACCOUNT,switch_account
BIPD,could you ask an agent to show me information about my invoices?,INVOICES,check_invoices
BILC,"I want to lodge a consumer complaint, what can I do?",FEEDBACK,complaint
BLC,the game was postponed and I want to request a refund,REFUNDS,get_refund
BIPMLQDWZ,"ploease, can you ask an agnet how I can check my fucking orders?",ORDER,track_order
BILZ,isthere someone available?,CONTACT,contact_human_agent
BSLC,"I lost my account password, I need help recovering it",ACCOUNT,recover_password
BLWC,I can't understand you and I want to contact fucking someone,CONTACT,contact_human_agent
BML,I had a problem while signing up,ACCOUNT,registration_problems
BLC,"I've got no online account, help me create one",ACCOUNT,create_account
BILC,"I don't want my user account, what do I have to do to remove it?",ACCOUNT,delete_account
BILC,"i want an online account, can i create one?",ACCOUNT,create_account
BL,help me lodge a consumer complaint for a service,FEEDBACK,complaint
BIMLZ,can you tell me if I can register morte than one profile with a single email address?,ACCOUNT,create_account
BILQC,"I have a question, what should I do to call Customer Support?",CONTACT,contact_customer_service
BIPLQD,could u ask an agent where i could inform of a payment problem?,PAYMENT,payment_issue
BILQC,"I want information, what should I do to send an email to Customer Service?",CONTACT,contact_customer_service
BPSLQ,"please, I wanna ask for information about requesting an invoice",INVOICES,get_invoice
BILC,"I haven't got a user account, how do I create one?",ACCOUNT,create_account
BLQZ,i want to notify a ayment problem,PAYMENT,payment_issue
BILZ,can you tell me how I can see a bill ?,INVOICES,get_invoice
BILQZ,how can I talkto Customer eSrvice?,CONTACT,contact_customer_service
BIPLQD,could u ask an agent if I can modify my order?,ORDER,change_order
BIMLQ,can you tell me if i can create more than one account with a single email?,ACCOUNT,create_account
BILQC,"i cant remember my password, how do i reset it?",ACCOUNT,recover_password
BSLC,"I don't want my account, I need help closing it",ACCOUNT,delete_account
BIL,can you tell me if I can create several accounts with the same email?,ACCOUNT,create_account
BILCZ,"I want to solve a payment prbolem, can you help me?",PAYMENT,payment_issue
BILC,"I have a problem paying for my order, can you report it?",PAYMENT,payment_issue
BILDW,can you ask an agent how I can reset my fucking password?,ACCOUNT,recover_password
BIL,where can I view the options for delivery?,DELIVERY,delivery_options
BLC,"I don't have a user account, open one",ACCOUNT,create_account
BI,how can I change my shipping address?,SHIPPING,change_shipping_address
BLQDZ,ask an agent how to modufy my purchase,ORDER,change_order
BILC,"I have an issue paying for my online order, can you report it?",PAYMENT,payment_issue
BLQ,I want to inform of an issue with my payment,PAYMENT,payment_issue
BLEW,I do not have a fucking profile,ACCOUNT,create_account
BLC,"the concert was postponed, get a refund",REFUNDS,get_refund
BISLD,can you ask an agent for information about getting a bill?,INVOICES,get_invoice
BML,I had an issue while creating a profile,ACCOUNT,registration_problems
BSL,I want information about getting a bill,INVOICES,get_invoice
B,I want information about the delivery period,DELIVERY,delivery_period
BIL,when will my package arrive?,ORDER,track_order
BLQWC,"i havent got a fucking account, help me register",ACCOUNT,create_account
BSLQC,"I want to use my other account, I need help switching them",ACCOUNT,switch_account
BILQC,"someone stole my account password, what do i have to do?",ACCOUNT,recover_password
BLQCZ,the show was cancelled and I want to get an reimbursement,REFUNDS,get_refund
BILCZ,"I don't weant my account, how do I cancel it?",ACCOUNT,delete_account
BILQC,"im discontent with the service, can i lodge a consumer complaint?",FEEDBACK,complaint
BILC,"I need information, can you call Customer Service?",CONTACT,contact_customer_service
BIPLQWC,"i need a fucking reimbursement, can i request one, please?",REFUNDS,get_refund
BLQCZ,"I have aproblem making a payment, I need help notifying it",PAYMENT,payment_issue
BIQD,can u ask an agent how I can get an invoice?,INVOICES,get_invoice
BL,help me solve an issue making a payment,PAYMENT,payment_issue
BILQ,how do I create a user account?,ACCOUNT,create_account
BLQC,"I have an issue paying for my online order, I need help notifying it",PAYMENT,payment_issue
BSLQCZ,"i cant remember my account password, i need hjelp retrieving it",ACCOUNT,recover_password
BLC,"I need information, help me speak with Customer Service",CONTACT,contact_customer_service
BC,I lost my password and I want to recover it,ACCOUNT,recover_password
BILQC,"I want to modify my order, can you tell me where to do it?",ORDER,change_order
BSLC,"I've got no user account, I need help opening one",ACCOUNT,create_account
BLEQC,"u are not helping, talk to someone",CONTACT,contact_human_agent
BMLD,ask an agent where to notify payment issues,PAYMENT,payment_issue
BSL,I need help seeing the status of my refund,REFUNDS,track_refund
BILC,"the concert was cancelled, how do I get a reimbursement?",REFUNDS,get_refund
BILQDZ,can u ask an agent how i can inform of a payment prolem?,PAYMENT,payment_issue
BILQC,"the game was cancelled, how can I request a refund?",REFUNDS,get_refund
BIPMQDW,"could u ask an agent how i could solve fucking payment issues, please?",PAYMENT,payment_issue
BIL,can i create two online accounts with a single email address?,ACCOUNT,create_account
BPLEW,I would like to speak with fucking someone,CONTACT,contact_human_agent
BIMSC,"I lost my invoice, how do I check it?",INVOICES,check_invoices
BM,I want to know how long it takes for tickets to arrive,DELIVERY,delivery_period
BICZ,"I have an issue when trying to pay, what do I have to od to report it?",PAYMENT,payment_issue
BSLQC,I lost my bills and I want to check them,INVOICES,check_invoices
BIC,"I need a refund, how do I get one?",REFUNDS,get_refund
BL,I get an error when I try to make a payment,PAYMENT,payment_issue
BL,"i want to download an invoice, tell me how I can do it",INVOICES,get_invoice
BSLC,I can't find my bills and I want to see them,INVOICES,check_invoices
BL,help me inform of a payment problem,PAYMENT,payment_issue
BIML,can I see the cancellation penalties?,CANCELLATION_FEE,check_cancellation_fee
BSLQC,"I changed my mind, I need help removing my user account",ACCOUNT,delete_account
BIL,can I see your payment options?,PAYMENT,check_payment_methods
BILQDZ,can u ask an agent to show me infrmation about their refund policy?,REFUNDS,check_refund_policy
BLC,my account was hacked and I want to get it back,ACCOUNT,recover_password
BPLQD,"ask an agent what the free phone number to contact Customer Service is, please",CONTACT,contact_customer_service
BILQWC,"i wanna check my fucking shipment, can you tell me how to do it?",ORDER,track_order
BLQC,"I got an error when I attempted to pay, but my card was charged anyway",PAYMENT,payment_issue
BILQC,"I want to see your refund policy, what can I do?",REFUNDS,check_refund_policy
BIPLQC,"Id like to track my delivery, could you tell me where to do it?",ORDER,track_order
BPLQC,"i dont want my user account and i wanna close it, please",ACCOUNT,delete_account
BL,where to report a problem with my payment,PAYMENT,payment_issue
BISLQC,"I can't find my bills, how can I view them?",INVOICES,check_invoices
BL,help me contact a person,CONTACT,contact_human_agent
BLZ,how t talk to  Customer Service,CONTACT,contact_customer_service
BIPL,could you tell me if there is any person available?,CONTACT,contact_human_agent
BSLC,"I can't understand you, I need help talking to a human",CONTACT,contact_human_agent
BILC,"I don't understand you, what do I have to do to speak with a human agent?",CONTACT,contact_human_agent
BML,I want to know if I can register more than one profile with a single email address,ACCOUNT,create_account
BILC,"you aren't helping, what can I do to talk to someone?",CONTACT,contact_human_agent
BILQCZ,"I got an error when I tried to make an payment, but my card was charged anyway, what should I do to report it?",PAYMENT,payment_issue
BIPLQD,"could u ask an agent what i can request a refund for, please?",REFUNDS,get_refund
BILC,"I haven't got a profile, what can I do?",ACCOUNT,create_account
BIQ,is Customer Service available?,CONTACT,contact_customer_service
BIPMLQ,"please, can you tell me if I can create more than one online account with the same email address?",ACCOUNT,create_account
BPL,I'd like to delete my online account,ACCOUNT,delete_account
BISLC,"i can't find my invoices, what can i do to view them?",INVOICES,check_invoices
BLC,"i have an issue when trying to pay for my order, i need help informing of it",PAYMENT,payment_issue
BLQ,an error message pops when I try to make a payment for my order,PAYMENT,payment_issue
BILQC,"I purchased something, what should I do to modify my purchase?",ORDER,change_order
BILC,"I can't remember my account password, what do I have to do to retrieve it?",ACCOUNT,recover_password
BIPDW,"could you ask an agent to delete my fucking account, please?",ACCOUNT,delete_account
BIL,where can I view my bills?,INVOICES,check_invoices
BIL,can you tell me about your money back policy?,REFUNDS,check_refund_policy
BIML,can you tell me how to check my shipments?,ORDER,track_order
B,"i want to get an invoice, tell me how I can do it",INVOICES,get_invoice
BSLC,"my account's been hacked, and I need help recovering it",ACCOUNT,recover_password
BLQCZ,the event was cancleled and I want to obtain a reimbursement,REFUNDS,get_refund
BIPMQDW,"please, can u ask an agent if i can report fucking payment issues?",PAYMENT,payment_issue
BLCZ,"myt account's been hacked, get it back",ACCOUNT,recover_password
BILQZ,whree can I make a complaint?,FEEDBACK,complaint
BIL,how do i inform of a problem paying?,PAYMENT,payment_issue
BIPLC,"I want information, could you speak with Customer Support?",CONTACT,contact_customer_service
BIPQDZ,"could u ask  an agent for informatoin about my invoices, please?",INVOICES,check_invoices
BILQD,can u ask an agent if i can pay with Master Card?,PAYMENT,check_payment_methods
BMLQ,i want to know how I can obtain some bills,INVOICES,get_invoice
BSLC,"I want information, I need help talking to Customer Service",CONTACT,contact_customer_service
BILC,"I have an issue making a payment, how do I notify it?",PAYMENT,payment_issue
BILC,"i got an error message when i tried to pay, but my card was charged anyway, how can i notify it?",PAYMENT,payment_issue
BSLQC,"I need information, I need help sending an email to Customer Service",CONTACT,contact_customer_service
BSLC,"I can't remember my account password, I need help retrieving it",ACCOUNT,recover_password
BLC,"I need a user account, open one",ACCOUNT,create_account
BL,I want to create a user account,ACCOUNT,create_account
BI,can you tell me if there is any human agent available?,CONTACT,contact_human_agent
BI,can I check the status of my refund?,REFUNDS,track_refund
BILCZ,"I want to view your refund policy, what can I do ?",REFUNDS,check_refund_policy
BILQD,can u ask an agent how i can request a reimbursement?,REFUNDS,get_refund
BPLQ,id like to make a purchase,ORDER,place_order
BSLQ,I need help solving an issue paying,PAYMENT,payment_issue
BIPQDW,"could u ask an agent how i can leave a fucking review, please?",FEEDBACK,review
BIPLQDW,"could u ask an agent to write a fucking review, please?",FEEDBACK,review
BILQC,"I have a problem paying for my online order, what should I do to report it?",PAYMENT,payment_issue
BSLQ,I need help updating my profile,ACCOUNT,edit_account
BLQC,"I got an error when I tried to make a payment, but my card was charged anyway, report it",PAYMENT,payment_issue
BIPL,"can you tell me if I can create several online accounts with a single email address, please?",ACCOUNT,create_account
BP,"help me get a refund, please",REFUNDS,get_refund
BILCZ,"I want to  lodge a consumer complaint, what do I have to do?",FEEDBACK,complaint
BILC,"I don't have a shipping address, what should I do to set one up?",SHIPPING,set_up_shipping_address
BLQC,you arent helping and i want to speak with a human agent,CONTACT,contact_human_agent
BIPLWC,"I want to view the fucking ticket delivery options, what do I have to do, please?",DELIVERY,delivery_options
BLD,ask an agent to find information about their reimbursement policy,REFUNDS,check_refund_policy
BILC,"I have an issue when trying to make a payment, can I inform of it?",PAYMENT,payment_issue
BPLC,"the game was cancelled, obtain a refund, please",REFUNDS,get_refund
BILC,"I bought an item, what can I do to modify my order?",ORDER,change_order
BML,how to download some invoices,INVOICES,get_invoice
BL,tell me where I can obtain a bill,INVOICES,get_invoice
BILEQWC,"u are not helping, what do i have to do to talk to a fucking person?",CONTACT,contact_human_agent
BILC,"you aren't helping, what do I have to do to speak with a human?",CONTACT,contact_human_agent
BILQC,"I got an error message when I tried to pay, but I was charged anyway, what should I do to inform of it?",PAYMENT,payment_issue
BILQC,"I got an error message when I attempted to make a payment, but I was charged anyway, can I inform of it?",PAYMENT,payment_issue
BLC,"I'm happy with the service, submit a comment",FEEDBACK,review
BILQ,where can i notify a problem with my payment?,PAYMENT,payment_issue
BILQC,"I made a mistake, how can I modify my order?",ORDER,change_order
BIPLQDW,"can u ask an agent where i could view the fucking delivery options, please?",DELIVERY,delivery_options
BLC,"you aren't helping, talk to a human agent",CONTACT,contact_human_agent
BILC,"I'm discontent with the service, what can I do to submit a consumer complaint?",FEEDBACK,complaint
BI,what can I get a refund for?,REFUNDS,get_refund
BIPC,"i need information, could i contact customer service, please?",CONTACT,contact_customer_service
BILC,"I don't like the service, what can I do to submit a consumer complaint?",FEEDBACK,complaint
BILC,"I want to create a profile, can you help me?",ACCOUNT,create_account
BLQC,I bought an item and I want to modify my order,ORDER,change_order
BILC,"I want a refund, what can I do to request one?",REFUNDS,get_refund
BLQ,"I want to see an invoice, tell me how to do it",INVOICES,get_invoice
BILC,"I want information, what should I do to talk to Customer Support?",CONTACT,contact_customer_service
BILQCZ,"you arent helping , whta can i do to contact a human?",CONTACT,contact_human_agent
BILC,"I want an online account, can you open one?",ACCOUNT,create_account
BILC,"I've got no account, can you open one?",ACCOUNT,create_account
BLZ,tell me where to modify myorder,ORDER,change_order
BIC,"I don't have an account, what do I have to do to create one?",ACCOUNT,create_account
BLQD,ask an agent how i can notify an issue paying,PAYMENT,payment_issue
BIML,where can I track my packages?,ORDER,track_order
BPQ,"please, i wanna know what the email address to contact customer service is",CONTACT,contact_customer_service
BLC,I'm discontent with the service and I want to lodge a complaint,FEEDBACK,complaint
BLC,"I want an account, help me open one",ACCOUNT,create_account
BLQCZ,ive got no online account and i wanna reigster,ACCOUNT,create_account
BILQC,"my online account was hacked, can I recover it?",ACCOUNT,recover_password
BILQ,how do I receive a reimbursement?,REFUNDS,get_refund
BLZ,i want to know what the free numbr of client service is,CONTACT,contact_customer_service
BPQWC,"id like information and i wanna contact fucking customer service, please",CONTACT,contact_customer_service
BPLZ,"please, telll me if I can create two user accounts with a single email address",ACCOUNT,create_account
BIL,can you tell me if I can register two accounts with the same email address?,ACCOUNT,create_account
BILQC,"i havent got a user account, what should i do to register?",ACCOUNT,create_account
BMLQ,I want to know if I can create more than one online account with the same email address,ACCOUNT,create_account
BSLC,"I need information, I need help sending an email to Client Service",CONTACT,contact_customer_service
BMSLQ,I need help seeing some bills,INVOICES,get_invoice
BIQ,can I check the status of my order?,ORDER,track_order
BIMSLC,"I lost my invoice, what can I do to see it?",INVOICES,check_invoices
BIL,can you show me information about the mail of the Customer Service?,CONTACT,contact_customer_service
BIL,how can I contact a human?,CONTACT,contact_human_agent
BILC,"i want information, how do i send an email to customer service?",CONTACT,contact_customer_service
BL,help me register,ACCOUNT,create_account
BILC,"I'm happy with the service, can you make an opinion?",FEEDBACK,review
BIL,where do I see the status of my order?,ORDER,track_order
BILC,"I'm not happy with the service, what do I have to do to submit a complaint?",FEEDBACK,complaint
BLQ,i dont want my profile,ACCOUNT,delete_account
BMLQ,i wanna inform of issues with my payment,PAYMENT,payment_issue
BILC,"I need a reimbursement, what should I do?",REFUNDS,get_refund
BL,I want to view your refund policy,REFUNDS,check_refund_policy
BSLCZ,"I can't fidn my bills, help me view them",INVOICES,check_invoices
BLQ,I want to write a review for a service,FEEDBACK,review
BILQ,can I open an account?,ACCOUNT,create_account
BSLC,"you aren't helping, I need help talking to a human agent",CONTACT,contact_human_agent
BL,talk to client service,CONTACT,contact_customer_service
BLQ,i wanna call client service,CONTACT,contact_customer_service
BIMQC,"I want to track my orders, can you tell me where I can do it?",ORDER,track_order
BL,tell me if I can download a bill,INVOICES,get_invoice
BILQ,how do I notify a payment issue?,PAYMENT,payment_issue
B,I need information about the delivery options,DELIVERY,delivery_options
BLC,"I have a question, send an email to Customer Service",CONTACT,contact_customer_service
BIPLWZ,how could I inform of a ufcking payment problem ?,PAYMENT,payment_issue
BLC,"I haven't got an online account, help me create one",ACCOUNT,create_account
BIL,where can i lodge a complaint for a service?,FEEDBACK,complaint
BILQ,how can I cancel my user account?,ACCOUNT,delete_account
BIMLQZ,can you tell me if I can register more thanone account with the same email address ?,ACCOUNT,create_account
BIPLC,"I want a refund, how could I obtain one?",REFUNDS,get_refund
BLQ,i wanna see the hours of client service,CONTACT,contact_customer_service
BIPLQDW,"please, can u ask an agent if i can recover my fucking account password?",ACCOUNT,recover_password
BLQW,i wanna see my fucking bills,INVOICES,check_invoices
BILQC,"I got an error when I attempted to pay, but I was charged anyway, what should I do to report it?",PAYMENT,payment_issue
BMLQD,ask an agent where to view my invoice,INVOICES,check_invoices
BILC,"i need an online account, what should i do to create one?",ACCOUNT,create_account
BIPSLQC,"i lost my bills, could u check them, please?",INVOICES,check_invoices
BILC,"I got an error when I tried to make a payment, but my card was charged anyway, how can I inform of it?",PAYMENT,payment_issue
BILQZ,hoow do I check my shipment?,ORDER,track_order
BLQ,i wanna see the mail of customer service,CONTACT,contact_customer_service
BLZ,tell me if I can create several online accountswith a single email address,ACCOUNT,create_account
BIL,can I make a payment with card?,PAYMENT,check_payment_methods
BILC,"I'm happy with the service, how can I lodge an opinion?",FEEDBACK,review
BISLQD,can u ask an agent for information about seeing a bill?,INVOICES,get_invoice
BIPC,"I'd like to solve a payment issue, can you help me?",PAYMENT,payment_issue
BM,tell me if I can own several accounts,ACCOUNT,create_account
BILC,"the game was postponed, what should I do to obtain a reimbursement?",REFUNDS,get_refund
BILC,"I have no online account, can you help me?",ACCOUNT,create_account
BILC,"i have no online account, what do i have to do to create one?",ACCOUNT,create_account
BILCZ,"I have a problem when trying to make a pamyent with card, what should I do to report it?",PAYMENT,payment_issue
BILZ,how do I lodge n consumer complaint?,FEEDBACK,complaint
BLQ,"I want to obtain an invoice, tell me how to do it",INVOICES,get_invoice
BILQD,can u ask an agent to modify my order before they send it?,ORDER,change_order
BIPLQD,"could u ask an agent how i could notify an issue making a payment, please?",PAYMENT,payment_issue
BILQ,can you tell me if I can create several online accounts with the same email address?,ACCOUNT,create_account
BPLQC,i dont understand you and id like to contact a person,CONTACT,contact_human_agent
BILC,"I don't want my profile, can I cancel it?",ACCOUNT,delete_account
BILQ,where can I close my online account?,ACCOUNT,delete_account
BILC,"I want information, what should I do to send an email to Customer Support?",CONTACT,contact_customer_service
BILZ,can you tell me where I cqn see an invoice ?,INVOICES,get_invoice
BSLQ,I need help viewing your money back policy,REFUNDS,check_refund_policy
BIML,can I create more than one online account with a single email?,ACCOUNT,create_account
BICZ,"i want to check the optrions for delivery, what do i have to do?",DELIVERY,delivery_options
BIC,"I don't want my account, how do I delete it?",ACCOUNT,delete_account
BILQCZ,"i wanna lodge an poinion, what can i do?",FEEDBACK,review
BIMQWZ,where acn I report fucking payment issues?,PAYMENT,payment_issue
BLQC,"you arent helping, contact someone",CONTACT,contact_human_agent
BILQ,can I inform of a problem making a payment?,PAYMENT,payment_issue
BIMLQ,"I wanna download some bills, can you tell me how I can do it?",INVOICES,get_invoice
BQ,I wanna know how I can subscribe to the newsletter,NEWSLETTER,newsletter_subscription
BIMQD,can u ask an agent if i can get some invoices?,INVOICES,get_invoice
BL,help me reset my account password,ACCOUNT,recover_password
BMSQC,"I can't find my invoice, help me check it",INVOICES,check_invoices
B,where to report an issue with my payment,PAYMENT,payment_issue
BIL,can you talk to Customer Service?,CONTACT,contact_customer_service
BILQC,"I have a problem making a payment with card, what do I have to do to notify it?",PAYMENT,payment_issue
BML,tell me if I can register more than one user account with a single email,ACCOUNT,create_account
BILQC,"I have a problem when trying to make a payment, what should I do?",PAYMENT,payment_issue
BILQ,where can I request a refund?,REFUNDS,get_refund
BILWC,"I want to modify my fucking order, can you tell me how I can do it?",ORDER,change_order
BIPLW,could you tell me the fucking phone number of customer support?,CONTACT,contact_customer_service
BILC,"I want to report a payment problem, can you help me?",PAYMENT,payment_issue
BLQ,I want to know if I can create two online accounts with a single email,ACCOUNT,create_account
BILC,"I need information, what do I have to do to contact Customer Support?",CONTACT,contact_customer_service
BLC,"I got an error message when I attempted to make a payment, but my card was charged anyway and I want to report it",PAYMENT,payment_issue
BIQC,"i want to track my order, can u help me?",ORDER,track_order
BMLQ,i wanna check my bill,INVOICES,check_invoices
BMSC,"I didn't receive my invoice, I need help checking it",INVOICES,check_invoices
BIPMLQ,"please, could u request some invoices?",INVOICES,get_invoice
BL,I want to know how I can check my shipment,ORDER,track_order
BISLQC,"I can't find my bills, how do I check them?",INVOICES,check_invoices
BI,can you tell me if I can get an invoice?,INVOICES,get_invoice
BQC,"I need information, contact Customer Service",CONTACT,contact_customer_service
BILC,"i have an issue when trying to make a payment, what do i have to do to notify it?",PAYMENT,payment_issue
BILC,"I don't want my account, can I cancel it?",ACCOUNT,delete_account
BILQC,"I want a profile, what can I do?",ACCOUNT,create_account
BIL,can you tell me what the email address of customer support is?,CONTACT,contact_customer_service
BLQZ,i wanna know how go know where my package is,ORDER,track_order
BIPLDW,"can you ask an agent where to receive a fucking reimbursement, please?",REFUNDS,get_refund
BILQC,"i wanna submit a review, what can i do?",FEEDBACK,review
BILQD,can u ask an agent to change my purchase?,ORDER,change_order
BLQC,"I want to use my other online account, switch them",ACCOUNT,switch_account
BL,how to notify an issue making a payment,PAYMENT,payment_issue
BILC,"I want to solve a problem making a payment, can you help me?",PAYMENT,payment_issue
BILQC,"I changed my mind, how can I delete my user account?",ACCOUNT,delete_account
BMD,ask an agent to provide information about my invoice,INVOICES,check_invoices
BILQD,can u ask an agent if i can close my account?,ACCOUNT,delete_account
BILQC,"i wanna view the status of my refund, what should i do?",REFUNDS,track_refund
BILQC,"i cant understand you, what should i do to contact a human agent?",CONTACT,contact_human_agent
BILQZ,how can I solve a payment problem ?,PAYMENT,payment_issue
BLC,"I need a user account, help me create one",ACCOUNT,create_account
BMLD,ask an agent where to check my deliveries,ORDER,track_order
BILQC,"I have an issue making a payment, what can I do?",PAYMENT,payment_issue
BLC,i changed my mind and i want to cancel my online account,ACCOUNT,delete_account
BIPLQD,could u ask an agent how i can send an email to client service?,CONTACT,contact_customer_service
BILQC,"i purchased a product, what do I have to do to modify my order?",ORDER,change_order
BIPLQDW,"could u ask an agent to provide information about my fucking bills, please?",INVOICES,check_invoices
BILC,"the concert was cancelled, what do I have to do?",REFUNDS,get_refund
BILCZ,"i want information, what can i do to call cuwtomer support?",CONTACT,contact_customer_service
BLQCZ,"I got a error when I treid to make a payment, but I was charged anyway, I need help notifying it",PAYMENT,payment_issue
BMLQ,i want to know if i can create more than one profile with a single email address,ACCOUNT,create_account
BIMSQCZ,"i lost my invoice , what can i do to check it?",INVOICES,check_invoices
BIL,is there a newsletter to stay informed?,NEWSLETTER,newsletter_subscription
BIPLC,"I can't understand you, how could I talk to someone?",CONTACT,contact_human_agent
BILC,"I don't have an online account, can I create one?",ACCOUNT,create_account
BILQC,"i want to make a complaint for a service, what should i do?",FEEDBACK,complaint
BIPL,"please, could you tell me where I can check my delivery?",ORDER,track_order
BIML,how can I request some invoices?,INVOICES,get_invoice
BILC,"I want to view my invoices, what can I do?",INVOICES,check_invoices
BIZ,when will my tickket arrive ?,DELIVERY,delivery_period
BILC,"I need information, what can I do to call Client Service?",CONTACT,contact_customer_service
BLQ,I want to know if I can own more than one online account,ACCOUNT,create_account
BIPLEQC,"my account has been hacked, could u get it back?",ACCOUNT,recover_password
BIL,how do i lodge a complaint for a service?,FEEDBACK,complaint
BILZ,can I view the status of my refund ?,REFUNDS,track_refund
BSLQ,i need help removing my profile,ACCOUNT,delete_account
BLZ,how  to check my shipment,ORDER,track_order
BILCZ,"i have no user accoun, what can i do to open one?",ACCOUNT,create_account
BL,tell me if there's a newsletter to keep me informed,NEWSLETTER,newsletter_subscription
BILQC,"I want to make a complaint, what should I do?",FEEDBACK,complaint
BIL,how do I check your money back policy?,REFUNDS,check_refund_policy
BIPLQDWC,"please, I made a mistake, could u ask an agent to modify my fucking order?",ORDER,change_order
BSLCZ,"I bought a product , I need help modifying my purchased",ORDER,change_order
BILQD,can u ask an agent if i can view their money back policy?,REFUNDS,check_refund_policy
BIQ,where do I check the status of my refund?,REFUNDS,track_refund
BLQC,"i have no shipping address, help me set one up",SHIPPING,set_up_shipping_address
BISL,what can you tell me about seeing an invoice?,INVOICES,get_invoice
B,I had problems registering,ACCOUNT,registration_problems
BILQ,how do I reset my account password?,ACCOUNT,recover_password
BZ,how to check the status of my ordet,ORDER,track_order
BILZ,can you speak with omeone?,CONTACT,contact_human_agent
BIQCZ,"the event was cancelled, how do I get an refund?",REFUNDS,get_refund
BILQ,where can I check my package?,ORDER,track_order
BILQC,"i wanna remove my account, where can i do it?",ACCOUNT,delete_account
BL,"I want to request an invoice, tell me how I can do it",INVOICES,get_invoice
BLCZ,"I have a poroblem paying for my order, help me inform of it",PAYMENT,payment_issue
BIL,can you tell me where I can obtain a bill?,INVOICES,get_invoice
BILQ,how can I send an email to Customer Service?,CONTACT,contact_customer_service
BIMLQ,how do I solve problems paying?,PAYMENT,payment_issue
BLQCZ,"I want information, talk to Clent Service",CONTACT,contact_customer_service
BL,I want to know if I can create two accounts with a single email,ACCOUNT,create_account
BPC,"i want to change my order, tell me where to do it, please",ORDER,change_order
BILQC,"i have a problem paying, what should i do to notify it?",PAYMENT,payment_issue
BIPLQWC,"i have a question, how could i talk to fucking customer service?",CONTACT,contact_customer_service
BILC,"my user account was hacked, can you get it back?",ACCOUNT,recover_password
BILC,"I'm discontent with the service, can I submit a complaint?",FEEDBACK,complaint
B,i want to know how long it takes for a ticket to arrive,DELIVERY,delivery_period
BILC,"I'm not happy with the service, what can I do to submit a consumer complaint?",FEEDBACK,complaint
BIMLQ,how can I notify problems paying?,PAYMENT,payment_issue
BILQC,"I want to use my other user account, what do I have to do to switch them?",ACCOUNT,switch_account
BLC,you're not helping and I want to talk to a person,CONTACT,contact_human_agent
BICZ,"I need information, how do I contact Custgomer Servic?",CONTACT,contact_customer_service
BML,I had a problem while opening an account,ACCOUNT,registration_problems
BILQC,"I want to inform of a payment issue, what should I do?",PAYMENT,payment_issue
BILC,"I want to see the delivery options, can you help me?",DELIVERY,delivery_options
BL,where to inform of a payment problem,PAYMENT,payment_issue
BIML,how do I check my packages?,ORDER,track_order
BIS,what information do you have about getting an invoice?,INVOICES,get_invoice
BLCZ,"I ordered something, help  me change my order",ORDER,change_order
BIL,where can I report a problem paying?,PAYMENT,payment_issue
BLQC,"I want to use my other profile, change them",ACCOUNT,switch_account
BL,I want to check my package,ORDER,track_order
BLC,"my profile's been hacked, help me get it back",ACCOUNT,recover_password
BILC,"you're not helping, how can I talk to a human agent?",CONTACT,contact_human_agent
BPMLQD,"please, ask an agent where I can notify problems paying",PAYMENT,payment_issue
BIML,how do I see the cancellation fees?,CANCELLATION_FEE,check_cancellation_fee
BLC,I have a problem paying for my order and I want to notify it,PAYMENT,payment_issue
BILC,"I have a problem when trying to pay for my order, how can I notify it?",PAYMENT,payment_issue
BILC,"I have a question, can I send an email to Client Service?",CONTACT,contact_customer_service
BPQDZ,"please , ask an agent if i could file a complaint for a service",FEEDBACK,complaint
BC,"I want to track my order, tell me where to do it",ORDER,track_order
BLCZ,"I got an error when I tried to make a payment, but I was charged anyway, rreport it",PAYMENT,payment_issue
BIMQD,can u ask an agent about the delivery period for my tickets?,DELIVERY,delivery_period
BLQC,"i want a reimbursement, get one",REFUNDS,get_refund
BIPLEC,"I would like to solve a problem making a payment, what should I do?",PAYMENT,payment_issue
BLC,I'm interested in your reimbursement policy and I want to know about it,REFUNDS,check_refund_policy
BILC,"I want to make a complaint, can you help me?",FEEDBACK,complaint
BML,I had a problem creating an account,ACCOUNT,registration_problems
BLWC,"the fucking concert was postponed, help me get a reimbursement",REFUNDS,get_refund
BILQZ,how do i lodge  a consumer complaint for a service?,FEEDBACK,complaint
BIPLQDWZ,"could u ask an agent if I could see a fucking inovice, please?",INVOICES,get_invoice
BILEQC,"u are not helping, what do i have to do to talk to a human?",CONTACT,contact_human_agent
BSLCZ,"I want to  use my other profile, I need help changing them",ACCOUNT,switch_account
BMLQ,I want to report payment problems,PAYMENT,payment_issue
BML,tell me if my shipments are out for delivery,ORDER,track_order
BILC,"I'm not happy with the service, what do I have to do to make a consumer complaint?",FEEDBACK,complaint
BILQ,how can I talk to a human?,CONTACT,contact_human_agent
BILC,"I want to see the options for delivery, can you help me?",DELIVERY,delivery_options
BSLC,"you're not helping, I need help talking to a human agent",CONTACT,contact_human_agent
BILC,"I got an error when I tried to pay, but I was charged anyway, can you inform of it?",PAYMENT,payment_issue
BILQC,"I want an online account, what should I do?",ACCOUNT,create_account
BPEC,I have an issue paying with card and I would like to report it,PAYMENT,payment_issue
BIL,how do i notify a problem with my payment?,PAYMENT,payment_issue
BPLD,"ask an agent where I can make a consumer complaint, please",FEEDBACK,complaint
BMLC,"I want to check my orders, tell me how to do it",ORDER,track_order
BLQ,I want to check the status of my purchase,ORDER,track_order
BILC,"my online account's been hacked, what should I do to recover it?",ACCOUNT,recover_password
BLC,"I can't understand you, speak with a human",CONTACT,contact_human_agent
BIPLQD,"can u ask an agent how i could see my bills, please?",INVOICES,check_invoices
BIQC,"i want to set up my shipping address, what do i have to do?",SHIPPING,set_up_shipping_address
BIMLC,"I want to check cancellation penalties, can you help me?",CANCELLATION_FEE,check_cancellation_fee
BLQC,i want an account and i wanna open one,ACCOUNT,create_account
BLC,"I don't understand you, help me contact someone",CONTACT,contact_human_agent
BIQZ,how can I leave a review ?,FEEDBACK,review
BILQ,"I want to request an invoice, can you tell me where I can do it?",INVOICES,get_invoice
BSL,information about requesting a bill,INVOICES,get_invoice
BLQ,I have a problem when trying to pay with card,PAYMENT,payment_issue
BL,how to remove my account,ACCOUNT,delete_account
BILC,"i want an account, how can i open one?",ACCOUNT,create_account
BIQ,how do I check your refund policy?,REFUNDS,check_refund_policy
BLC,I have an issue paying with card and I want to notify it,PAYMENT,payment_issue
BIPLQWC,"i bought a product, could I modify my fucking purchase?",ORDER,change_order
BLC,I'm interested in your money back policy and I want to know about it,REFUNDS,check_refund_policy
BLQ,tell me if I can request an invoice,INVOICES,get_invoice
BILC,"I want to use my other user account, can you change them?",ACCOUNT,switch_account
BILQC,"I have a problem paying for my order, what do I have to do to report it?",PAYMENT,payment_issue
BILC,"I have no online account, can I open one?",ACCOUNT,create_account
BILQC,"I want to notify a problem with my payment, what can I do?",PAYMENT,payment_issue
BILC,"I have an issue paying for my order, can you inform of it?",PAYMENT,payment_issue
BIZ,was my refund prlcessed?,REFUNDS,track_refund
BSLEQCZ,"my online account has been hacked, i ned help recovering it",ACCOUNT,recover_password
BIL,where do I obtain a refund?,REFUNDS,get_refund
BL,"i want to request a bill, tell me how I can do it",INVOICES,get_invoice
BILQ,can u show me the email of client service?,CONTACT,contact_customer_service
BLQ,I want to modify my purchase,ORDER,change_order
BILQC,"the concert was postponed, what can i do to request a refund?",REFUNDS,get_refund
BSLQZ,I need help notifying an problem with my payment,PAYMENT,payment_issue
BIMLQ,where do i check the cancellation penalties?,CANCELLATION_FEE,check_cancellation_fee
BILCZ,"i got a error when i tried to make a payment, but i was charged anyway, what can i do?",PAYMENT,payment_issue
BIPLQC,"i need information, could u call client service?",CONTACT,contact_customer_service
BILC,"the event was cancelled, what can i do to request a reimbursement?",REFUNDS,get_refund
BILC,"you're not helping, how do I speak with someone?",CONTACT,contact_human_agent
BIL,where do i see the cancellation fee?,CANCELLATION_FEE,check_cancellation_fee
BILQC,"I lost my account password, what can I do?",ACCOUNT,recover_password
BILQZ,can  you tell me what the free phone number of Client Service is?,CONTACT,contact_customer_service
BISLQCZ,"I lost my invoices , what do I have to do to see them?",INVOICES,check_invoices
BILQC,"the show was cancelled, what can I do to get a reimbursement?",REFUNDS,get_refund
BSLQ,I need help modifying my shipping address,SHIPPING,change_shipping_address
BIL,can you tell me how to request a bill?,INVOICES,get_invoice
BLQCZ,"i got an error when i tried to pay, but i was charged anyway,  i need help informing of it",PAYMENT,payment_issue
BI,can you tell me about the status of my order?,ORDER,track_order
BC,the event was cancelled and I want to get a refund,REFUNDS,get_refund
BIC,"you're not helping, what should I do to contact a human agent?",CONTACT,contact_human_agent
BLC,"I have a problem when trying to pay for my order, inform of it",PAYMENT,payment_issue
BILC,"I have a problem when trying to make a payment with card, what do I have to do?",PAYMENT,payment_issue
BILQC,"I need information, can I contact Customer Support?",CONTACT,contact_customer_service
BLC,I can't remember my account password and I want to reset it,ACCOUNT,recover_password
BIPLC,"I want an online account, could you help me?",ACCOUNT,create_account
BL,how to make a complaint for a service,FEEDBACK,complaint
BLQD,ask an agent where to close my online account,ACCOUNT,delete_account
BILC,"I need an online account, what do I have to do to open one?",ACCOUNT,create_account
BIPLD,"can you ask an agent if my package is on its way, please?",ORDER,track_order
BILCZ,"the game was postponed , what can I do to request a refund?",REFUNDS,get_refund
BILZ,can you tell me how to check mky order ?,ORDER,track_order
BM,I want to check my invoice,INVOICES,check_invoices
BML,I want to know how I can see some invoices,INVOICES,get_invoice
BL,an error pops when I attempt to make a payment with card,PAYMENT,payment_issue
BILQC,"i want to see your refund policy, what do i have to do?",REFUNDS,check_refund_policy
BML,I had a problem when trying to create a profile,ACCOUNT,registration_problems
BZ,tell me what your payment metjods are,PAYMENT,check_payment_methods
BIPL,could i create a user account?,ACCOUNT,create_account
BILQCZ,"i wanna view the status of my reimbursement, what d i have to do?",REFUNDS,track_refund
BLQC,"I have an issue paying, help me inform of it",PAYMENT,payment_issue
BILQ,can I view the options for ticket delivery?,DELIVERY,delivery_options
BISLQC,"I can't find my bills, what should I do to view them?",INVOICES,check_invoices
BILQ,can i make a consumer complaint?,FEEDBACK,complaint
BIPL,"can you call Client Service, please?",CONTACT,contact_customer_service
BLQ,I wanna know where to see an invoice,INVOICES,get_invoice
BLZ,I want o see the email of Client eSrvice,CONTACT,contact_customer_service
BILQCZ,"I want to update the information on my profile, how can I do it ?",ACCOUNT,edit_account
BILQ,where do I make a complaint?,FEEDBACK,complaint
BILQC,"the concert was cancelled, how do I obtain a refund?",REFUNDS,get_refund
BIMLQ,how do i see my invoice?,INVOICES,check_invoices
BILC,"I need an online account, how do I open one?",ACCOUNT,create_account
BILQC,"I got an error message when I tried to make a payment, but my card was charged anyway, what do I have to do to notify it?",PAYMENT,payment_issue
BILC,"I want to see your money back guarantee, what can I do?",REFUNDS,check_refund_policy
BILQC,"I purchased an item, can i modify my purchase?",ORDER,change_order
BLQ,i wanna inform of an issue with my payment,PAYMENT,payment_issue
BILQC,"I have a problem paying for my order, can I notify it?",PAYMENT,payment_issue
BLC,"I've got no profile, create one",ACCOUNT,create_account
BSLC,"I didn't receive my invoices, help me view them",INVOICES,check_invoices
BILC,"the concert was postponed, can i request a reimbursement?",REFUNDS,get_refund
BIMSLC,"I didn't receive my invoice, can you show it?",INVOICES,check_invoices
BILQC,"i wanna request a refund, can u help me?",REFUNDS,get_refund
BLQ,tell me if I can see a bill,INVOICES,get_invoice
BILQC,"i have a problem paying for my online order, can i report it?",PAYMENT,payment_issue
BILQD,can u ask an agent to check my shipment?,ORDER,track_order
BL,how to view the status of my refund,REFUNDS,track_refund
BILQC,"i get an error message when i try to pay, can u help me?",PAYMENT,payment_issue
BIMLC,"I want to see my bill, can you help me?",INVOICES,check_invoices
BIQC,"i want a refund, what should i do to get one?",REFUNDS,get_refund
BLW,i want to know if i can create several fucking online accounts with the same email address,ACCOUNT,create_account
BIL,what's the free number to contact Customer Service?,CONTACT,contact_customer_service
BILQCZ,"i get an error message when i ty to make a payment for my order, what do i have to do?",PAYMENT,payment_issue
BI,can I check your payment methods?,PAYMENT,check_payment_methods
BL,tell me if I can create two online accounts with the same email address,ACCOUNT,create_account
BILC,"the show was cancelled, how can I obtain a reimbursement?",REFUNDS,get_refund
BLQ,i want to know if i can register two accounts with a single email address,ACCOUNT,create_account
BILQC,"I bought an item, what do I have to do to modify my order?",ORDER,change_order
BIPQD,"please, can u ask an agent how i can set up my shipping address?",SHIPPING,set_up_shipping_address
BILC,"you aren't helping, what do I have to do to talk to a human agent?",CONTACT,contact_human_agent
BPLQ,"I want to know if I could register several user accounts with the same email, please",ACCOUNT,create_account
BLC,"i want to check my delivery, tell me how I can do it",ORDER,track_order
BIPLQDW,could u ask an agent where i could obtain a fucking refund?,REFUNDS,get_refund
BLQDZ,ask an agent to make  changes to my shipping address,SHIPPING,change_shipping_address
BLQC,youre not helping and i wanna talk to a person,CONTACT,contact_human_agent
BIMLQ,where do I see my bill?,INVOICES,check_invoices
BIQ,how do I solve an issue with my payment?,PAYMENT,payment_issue
BILC,"I got an error message when I tried to pay, but my card was charged anyway, what can I do to notify it?",PAYMENT,payment_issue
BIL,can I create an online account?,ACCOUNT,create_account
BISZ,what can yopu tell me about subscribing to the newsletter?,NEWSLETTER,newsletter_subscription
BPLC,"I need a refund, obtain one, please",REFUNDS,get_refund
BLQC,the concert was postponed and I want to request a reimbursement,REFUNDS,get_refund
BIPLC,"I got an error when I tried to pay, but my card was charged anyway, could I inform of it?",PAYMENT,payment_issue
BILEQC,"my profile has been hacked, can u recover it?",ACCOUNT,recover_password
BILQC,"I have a question, how do I talk to Client Service?",CONTACT,contact_customer_service
BLZ,how tyo  create a user account,ACCOUNT,create_account
BL,speak with a human agent,CONTACT,contact_human_agent
BIPLDZ,"please, could you ask an agent to retrieved my password?",ACCOUNT,recover_password
BILQC,"i wanna check my shipment, can you tell me how I can do it?",ORDER,track_order
BILQCZ,"i dont like the service, how do i lodge a complaint ?",FEEDBACK,complaint
BIMLQD,can u ask an agent how I can get some bills?,INVOICES,get_invoice
BSQ,I need help contacting Customer Service,CONTACT,contact_customer_service
BIMLC,"i want to view cancellation penalties, what do i have to do?",CANCELLATION_FEE,check_cancellation_fee
BLQ,i want to see a bill,INVOICES,get_invoice
BLC,"I've got no online account, open one",ACCOUNT,create_account
BIL,can I inform of an issue making a payment?,PAYMENT,payment_issue
BML,help me check my orders,ORDER,track_order
BL,where to make a complaint for a service,FEEDBACK,complaint
BILQCZ,"i got a error whenb i tried to make a payment, but i was charged anyway, can u notify it?",PAYMENT,payment_issue
BILEQCZ,"u are not helping, can i talk to a human  agent?",CONTACT,contact_human_agent
BLC,"I got an error when I attempted to pay, but I was charged anyway, help me report it",PAYMENT,payment_issue
BILQC,"the show was postponed, how do I obtain a refund?",REFUNDS,get_refund
BML,where to notify problems paying,PAYMENT,payment_issue
BILC,"the game was postponed, can i obtain a reimbursement?",REFUNDS,get_refund
BLQC,"I want a refund, request one",REFUNDS,get_refund
BILQC,"I changed my mind, what do I have to do to remove my online account?",ACCOUNT,delete_account
BIPLQW,where could I view the fucking ticket delivery options?,DELIVERY,delivery_options
BL,tell me what the number of Client Service is,CONTACT,contact_customer_service
BILC,"I'm not happy with the service, can I submit a consumer complaint?",FEEDBACK,complaint
BSLC,"you aren't helping, I need help speaking with a person",CONTACT,contact_human_agent
BSLCZ,"I don't have a proflie, I need help creating one",ACCOUNT,create_account
BILC,"I get an error when I attempt to pay for my order, what should I do?",PAYMENT,payment_issue
BLQC,i need a user account and i wanna open one,ACCOUNT,create_account
BICZ,"I don't like the service, canI file a complaint?",FEEDBACK,complaint
B,tell me if I can subscribe to the newsletter,NEWSLETTER,newsletter_subscription
BML,I want to know if I can register more than one profile with the same email address,ACCOUNT,create_account
BILQ,can you tell me what the number of customer service is?,CONTACT,contact_customer_service
BPLZ,"please, I want to know if I an create two accounts with the same email",ACCOUNT,create_account
B,tell me how to change my order,ORDER,change_order
BLQ,"i want to see an invoice, tell me how I can do it",INVOICES,get_invoice
BLQ,i want to see the mail of the Customer Support,CONTACT,contact_customer_service
BLQ,an error message pops when i try to make a payment,PAYMENT,payment_issue
BL,where to obtain a bill,INVOICES,get_invoice
BILC,"you aren't helping, what do I have to do to speak with a person?",CONTACT,contact_human_agent
BL,help me speak with someone,CONTACT,contact_human_agent
BIPLQCZ,"i got an error when i tried to pay, bit i was charged anyway, how could i notify it?",PAYMENT,payment_issue
BLQC,"I have a problem paying for my online order, I need help notifying it",PAYMENT,payment_issue
BILC,"I have no shipping address, how do I set it up?",SHIPPING,set_up_shipping_address
BMSLQC,"I didn't receive my invoice, I need help viewing it",INVOICES,check_invoices
BIMLQD,can u ask an agent if i can inform of payment issues?,PAYMENT,payment_issue
BILZ,is it possible to check my shipment ?,ORDER,track_order
BIMLQD,can u ask an agent for information about the cancellation penalties?,CANCELLATION_FEE,check_cancellation_fee
BIML,can I inform of payment problems?,PAYMENT,payment_issue
BIL,can you tell me if you have a newsletter to keep me up-to-date?,NEWSLETTER,newsletter_subscription
BILQC,"I have a problem paying with card, can I notify it?",PAYMENT,payment_issue
BSLQ,I want to know something about getting a bill,INVOICES,get_invoice
BILC,"i want to lodge a complaint, what should i do?",FEEDBACK,complaint
BILQC,"I have a problem when trying to pay, can I inform of it?",PAYMENT,payment_issue
BLC,"i want to use my other account, help me switch them",ACCOUNT,switch_account
BILC,"I have a problem when trying to make a payment with card, what do I have to do to inform of it?",PAYMENT,payment_issue
BIPLQD,"please, could u ask an agent how to track my package?",ORDER,track_order
BILC,"i want to file an opinion for a service, what do i have to do?",FEEDBACK,review
BMLQ,i wanna know if i can create more than one user account with a single email,ACCOUNT,create_account
BL,help me view the cancellation fee,CANCELLATION_FEE,check_cancellation_fee
BILQWC,"i cant remember my fucking account password, can u reset it?",ACCOUNT,recover_password
BIQC,"i want a refund, what can i do?",REFUNDS,get_refund
BIQCZ,"i want information, can i contact customer service ?",CONTACT,contact_customer_service
BL,contact someone,CONTACT,contact_human_agent
BI,where is my order?,ORDER,track_order
BIPMLD,"could you ask an agent how I can check my bill, please?",INVOICES,check_invoices
BILC,"i got an error message when i attempted to pay, but i was charged anyway, how can i inform of it?",PAYMENT,payment_issue
BILQC,"the concert was postponed, what should I do to request a refund?",REFUNDS,get_refund
BQ,I want to know what the email address to contact Customer Service is,CONTACT,contact_customer_service
BIMLWZ,wherecan i inform of fucking problems making an payment?,PAYMENT,payment_issue
BLQC,I have a problem when trying to pay and I want to notify it,PAYMENT,payment_issue
BILQC,"I ordered an item, how do I modify my purchase?",ORDER,change_order
BILC,"I want to check your reimbursement policy, can you help me?",REFUNDS,check_refund_policy
BLQZ,I want ot contact a person,CONTACT,contact_human_agent
BIPL,"please, could you tell me if i can own more than one profile?",ACCOUNT,create_account
BILQC,"I want to inform of a problem with my payment, what should I do?",PAYMENT,payment_issue
BILCZ,"I want to check the cancellation penalty , can you help me?",CANCELLATION_FEE,check_cancellation_fee
BLC,I haven't got a user account and I want to open one,ACCOUNT,create_account
BILC,"the event was postponed, how can i request a reimbursement?",REFUNDS,get_refund
BMLQ,I want to know how to track my shipments,ORDER,track_order
BILC,"an error pops when I try to pay for my order, what should I do?",PAYMENT,payment_issue
BILQC,"the game was cancelled, can u help me?",REFUNDS,get_refund
BIC,"I have an issue when trying to pay for my order, can you help me?",PAYMENT,payment_issue
BMSL,I need help seeing my bill,INVOICES,check_invoices
BIC,"I want to know the status of my refund, what do I have to do?",REFUNDS,track_refund
BIL,can you tell me about the options for ticket delivery?,DELIVERY,delivery_options
BIPMLQDW,"could u ask an agent if i can report fucking problems paying, please?",PAYMENT,payment_issue
BML,I want to know how I can obtain some invoices,INVOICES,get_invoice
BIPLQD,could u ask an agent to receive a reimbursement?,REFUNDS,get_refund
BMQ,I need information about the cancellation fees,CANCELLATION_FEE,check_cancellation_fee
BSLQW,i wanna request information about downloading a fucking bill,INVOICES,get_invoice
BLC,I have a problem making a payment and I want to report it,PAYMENT,payment_issue
BIL,can i check the ticket delivery options?,DELIVERY,delivery_options
BIMLZ,how do I inform of iwsues with my payment?,PAYMENT,payment_issue
BPSLQWC,"i changed my mind, i need help closing my fucking account, please",ACCOUNT,delete_account
BILQCZ,"I have an issue making a payment with card, whgat do I have to do to notify it?",PAYMENT,payment_issue
BLC,"I got an error when I attempted to pay, but my card was charged anyway, I need help notifying it",PAYMENT,payment_issue
BIPLD,"could you ask an agent how I could solve a payment problem, please?",PAYMENT,payment_issue
BLQC,"I want to check my order, tell me how I can do it",ORDER,track_order
BIPLQD,"please, can u ask an agent if i can lodge a complaint for a service?",FEEDBACK,complaint
BIPLQW,"id like to get a fucking bill, can you tell me where to do it, please?",INVOICES,get_invoice
BILQCZ,"I want to solve a payment problem, what do I have to do ?",PAYMENT,payment_issue
BSLQ,I want to know something about downloading an invoice,INVOICES,get_invoice
BLC,"I got an error when I attempted to make a payment, but my card was charged anyway and I want to notify it",PAYMENT,payment_issue
BILC,"I haven't got an account, how do I register?",ACCOUNT,create_account
BL,how to see the options for delivery,DELIVERY,delivery_options
BIMLQZ,"i wanna see some invoicse, can you tell me how to do it?",INVOICES,get_invoice
BQ,i want to check the delivery options,DELIVERY,delivery_options
BILQC,"I forgot my account password, what should I do to recover it?",ACCOUNT,recover_password
BLW,i need information about the fucking email address of the Client Service,CONTACT,contact_customer_service
BIL,can you tell me the mail of the Customer Support?,CONTACT,contact_customer_service
BC,"I have an issue paying for my order, I need help reporting it",PAYMENT,payment_issue
BLQCZ,"i have an issue making a payment , inform of it",PAYMENT,payment_issue
BLQC,"I got an error message when I tried to pay, but my card was charged anyway",PAYMENT,payment_issue
BLQC,i have a problem when trying to pay with card and i want to notify it,PAYMENT,payment_issue
BLQZ,i  wannacall customer service,CONTACT,contact_customer_service
BLC,I'm interested in your money back guarantee and I want information about it,REFUNDS,check_refund_policy
BISLD,can you ask an agent for information about downloading a bill?,INVOICES,get_invoice
BLQC,"I purchased a product, help me change my purchase",ORDER,change_order
BSLQ,I need help reporting a payment problem,PAYMENT,payment_issue
BSLEQC,"i am happy with the service, i need help lodging an opinion",FEEDBACK,review
BIQ,how do i contact customer service?,CONTACT,contact_customer_service
BMLQDZ,ask an agent where i can iknform of problems with my payment,PAYMENT,payment_issue
BS,I need help reporting a payment issue,PAYMENT,payment_issue
BLCZ,"I want a reimbursement, help me request onme",REFUNDS,get_refund
BLC,"I've got no online account, create one",ACCOUNT,create_account
BL,where to request an invoice,INVOICES,get_invoice
BSCZ,i lost my invoices and i awnt to check them,INVOICES,check_invoices
BISLQC,"I lost my invoices, what do I have to do to view them?",INVOICES,check_invoices
BIPEQDZ,"please, can u ask an agent if there is an newsletter i could subscribe to ?",NEWSLETTER,newsletter_subscription
BML,help me see my invoice,INVOICES,check_invoices
BILQC,"i get an error message when i try to make a payment with card, what do i have to do?",PAYMENT,payment_issue
BSLC,"I'm discontent with the service, I need help submitting a complaint",FEEDBACK,complaint
BSL,I need help canceling my profile,ACCOUNT,delete_account
BSL,I need help informing of a problem with my payment,PAYMENT,payment_issue
BLQ,I want to know if I can receive the newsletter,NEWSLETTER,newsletter_subscription
BILZ,is it possible to get a bill ?,INVOICES,get_invoice
BLQDW,ask an agent how i can reset my fucking account password,ACCOUNT,recover_password
BILC,"you aren't helping, can you contact a person?",CONTACT,contact_human_agent
BPEC,"i would like to subscribe to the newsletter, tell me how I can do it",NEWSLETTER,newsletter_subscription
BILC,"I don't like the service, what can I do to file a consumer complaint?",FEEDBACK,complaint
BICZ,"i want to use my other account, how can i change themn?",ACCOUNT,switch_account
BSLQCZ,I lost my bills and I want to vview them,INVOICES,check_invoices
BML,how to see some bills,INVOICES,get_invoice
BIL,can you show me information about the mail of the Client Service?,CONTACT,contact_customer_service
BLQ,I want to know if I can create several accounts with a single email address,ACCOUNT,create_account
BQ,contact customer service,CONTACT,contact_customer_service
BIML,can you tell me if I can register more than one user account with a single email?,ACCOUNT,create_account
BIL,where do I make an order?,ORDER,place_order
BILQD,can u ask an agent how to report a problem making a payment?,PAYMENT,payment_issue
BL,tell me how I can obtain an invoice,INVOICES,get_invoice
BPQCZ,I made a mistake asnd I'd like to change my order,ORDER,change_order
BILC,"i want a user account, can i create one?",ACCOUNT,create_account
BZ,tel me if I acn pay with card,PAYMENT,check_payment_methods
BILQ,can u contact a human?,CONTACT,contact_human_agent
BILC,"I don't have a user account, what do I have to do to create one?",ACCOUNT,create_account
BML,I want to know if I can have several accounts,ACCOUNT,create_account
BILCZ,"I'm not happy with the service, what should I do to lodge an complaint?",FEEDBACK,complaint
BILC,"I'm happy with the service, what do I have to do to lodge an opinion?",FEEDBACK,review
BLC,you aren't helping and I want to contact a person,CONTACT,contact_human_agent
BILC,"I haven't got an account, what can I do to register?",ACCOUNT,create_account
BILC,"I got an error message when I attempted to pay, but my card was charged anyway, can you notify it?",PAYMENT,payment_issue
BIL,how can I speak with Client Service?,CONTACT,contact_customer_service
BILC,"the event was postponed, how can i get a reimbursement?",REFUNDS,get_refund
BILQ,how do I check your money back guarantee?,REFUNDS,check_refund_policy
BILQD,can u ask an agent to make a purchase?,ORDER,place_order
BPLZ,"please , tell me what the number of Client Service is",CONTACT,contact_customer_service
BMSL,I want information about seeing some bills,INVOICES,get_invoice
BIC,"I want to solve an issue with my payment, can you help me?",PAYMENT,payment_issue
BILQCZ,"i dont understand you, what should i doto speak with a person?",CONTACT,contact_human_agent
BMLQ,i want to know if I can see some bills,INVOICES,get_invoice
BLD,ask an agent where i can delete my online account,ACCOUNT,delete_account
BIPDZ,can you ask an agent hw I could edit the information on my profile?,ACCOUNT,edit_account
BLQ,i want to know what the mail address to contact Customer Service is,CONTACT,contact_customer_service
BILQ,where can I see my invoices?,INVOICES,check_invoices
BIL,can you show me the email to contact Client Service?,CONTACT,contact_customer_service
BILQC,"my online account was hacked, what should i do?",ACCOUNT,recover_password
BSLQ,I need help contacting Client Service,CONTACT,contact_customer_service
BILQC,"i cant understand you, can i talk to a human?",CONTACT,contact_human_agent
BILQC,"my user account was hacked, what do I have to do to get it back?",ACCOUNT,recover_password
BILQC,"i wanna make an opinion for a service, what do i have to do?",FEEDBACK,review
BILC,"I have a problem paying with card, how can I notify it?",PAYMENT,payment_issue
BIPLQD,"can u ask an agent if i could report a problem with my payment, please?",PAYMENT,payment_issue
BIMLQ,can you tell me if I can create more than one profile with the same email?,ACCOUNT,create_account
BILC,"the game was cancelled, how can I get a refund?",REFUNDS,get_refund
BLQCZ,"i got an error when i attempted to pay, but i  was charged anyway and i wanna report it",PAYMENT,payment_issue
BILC,"I want to solve an issue making a payment, can you help me?",PAYMENT,payment_issue
BLC,"I can't remember my account password, help me retrieve it",ACCOUNT,recover_password
BIQ,where do i change my shipping address?,SHIPPING,change_shipping_address
BLC,"I can't understand you, contact a person",CONTACT,contact_human_agent
BILZ,how do I lodge a complaint ?,FEEDBACK,complaint
BIP,how could i file a complaint?,FEEDBACK,complaint
BILCZ,"I lost myu password, how do I retrieve it ?",ACCOUNT,recover_password
BIQC,"i dont like the service, what do i have to do to file a complaint?",FEEDBACK,complaint
BLDZ,ask an agent where I acn receive the newsletter,NEWSLETTER,newsletter_subscription
BILWC,"I've got no fucking user account, what do I have to do to register?",ACCOUNT,create_account
BILQC,"i got an error when i attempted to pay, but my card was charged anyway, can i report it?",PAYMENT,payment_issue
BILCZ,"I'm happy with the service, what  do I have to do to make a comment?",FEEDBACK,review
BILQC,"i cant understand you, how do i contact a person?",CONTACT,contact_human_agent
BMSL,I need help seeing the cancellation penalties,CANCELLATION_FEE,check_cancellation_fee
BILQCZ,"I want to report s payment probelm, what do I have to do?",PAYMENT,payment_issue
BILQC,"the game was cancelled, can I request a refund?",REFUNDS,get_refund
BIC,"I have an issue paying for my order, what can I do to report it?",PAYMENT,payment_issue
BPLZ,terll me if I could request an invice,INVOICES,get_invoice
BI,what's your refund policy?,REFUNDS,check_refund_policy
BLQ,I want to see the mail of the Customer Service,CONTACT,contact_customer_service
BL,information about your money back guarantee,REFUNDS,check_refund_policy
BLQ,i wanna talk to a human,CONTACT,contact_human_agent
BPDW,"ask an agent how I can edit my fucking profile, please",ACCOUNT,edit_account
BIL,what's the number to contact Customer Service?,CONTACT,contact_customer_service
BMLQD,ask an agent if i can inform of problems paying,PAYMENT,payment_issue
BIPQD,"could u ask an agent if i can get a refund, please?",REFUNDS,get_refund
BILQC,"I got an error when I tried to make a payment, but my card was charged anyway, what can I do to inform of it?",PAYMENT,payment_issue
BSL,I need help making a consumer complaint for a service,FEEDBACK,complaint
BIPMLDWZ,"please, could you ask an agent ohw I could inform of fucking problems paying?",PAYMENT,payment_issue
BISLQCZ,"I didn't receive my invoices, what can I do to view them ?",INVOICES,check_invoices
BIPMLQD,"can u ask an agent where i could inform of problems making a payment, please?",PAYMENT,payment_issue
BILC,"I don't understand you, what can I do to speak with a human agent?",CONTACT,contact_human_agent
BIPLQD,"can u ask an agent to change to another user account, please?",ACCOUNT,switch_account
BILQC,"someone stole my account password, what can I do to reset it?",ACCOUNT,recover_password
BIL,how do I make a consumer complaint for a service?,FEEDBACK,complaint
BLC,I have no user account and I want to create one,ACCOUNT,create_account
BILQ,whats the mail address to contact client service?,CONTACT,contact_customer_service
BLC,"i have a problem making a payment with card, i need help reporting it",PAYMENT,payment_issue
BILQC,"I want to solve a problem making a payment, what can I do?",PAYMENT,payment_issue
BILQC,"i dont want my profile, how do i delete it?",ACCOUNT,delete_account
BPLDW,"please, ask an agent where I can remove my fucking online account",ACCOUNT,delete_account
BLC,I'm happy with the service and I want to lodge a review,FEEDBACK,review
BILQC,"I get an error when I attempt to make a payment for my order, what can I do?",PAYMENT,payment_issue
BL,where to see your reimbursement policy,REFUNDS,check_refund_policy
BDZ,ask an agent whee to check the delivery otions,DELIVERY,delivery_options
BIMZ,can you find information about the cancelation fees?,CANCELLATION_FEE,check_cancellation_fee
BLQ,show me the free number of Customer Support,CONTACT,contact_customer_service
BPD,"ask an agent how I could report an issue with my payment, please",PAYMENT,payment_issue
BMLZ,were to report issues making a payment,PAYMENT,payment_issue
BIL,what's the mail of Client Service?,CONTACT,contact_customer_service
BILC,"I've got no user account, what can I do to register?",ACCOUNT,create_account
BL,help me speak with Customer Support,CONTACT,contact_customer_service
BLC,"i want to know the status of my reimbursement, help me track it",REFUNDS,track_refund
BL,I want to switch to another online account,ACCOUNT,switch_account
BILQD,can u ask an agent if i can request a reimbursement?,REFUNDS,get_refund
BICZ,"I need an acxcount, what can I do?",ACCOUNT,create_account
BML,tell me if I can register more than one user account with the same email address,ACCOUNT,create_account
BILQCZ,"I want to make a consumer complaint , what can I do ?",FEEDBACK,complaint
BMSL,i want information about seeing some bills,INVOICES,get_invoice
BILQC,"I have a problem paying, how do I inform of it?",PAYMENT,payment_issue
BLQCZ,"I got an error when I tried to pay, but I was chargedanyway, I need help informing of it",PAYMENT,payment_issue
BL,tell me if I can register two accounts with a single email address,ACCOUNT,create_account
BIL,how do I report an issue making a payment?,PAYMENT,payment_issue
BILC,"you aren't helping, how can I talk to someone?",CONTACT,contact_human_agent
BIQC,"I want to know the status of my refund, what can I do?",REFUNDS,track_refund
BPLQC,"id like information and id like to speak with client service, please",CONTACT,contact_customer_service
BL,how to check the status of my reimbursement,REFUNDS,track_refund
BILQ,where do I see the options for ticket delivery?,DELIVERY,delivery_options
BILC,"I haven't got an account, how can I open one?",ACCOUNT,create_account
BILQC,"I changed my mind, what do I have to do to close my online account?",ACCOUNT,delete_account
BILC,"i need a profile, what do i have to do to create one?",ACCOUNT,create_account
BLC,"I have no shipping address, help me set it up",SHIPPING,set_up_shipping_address
BIPMLQD,"please, can u ask an agent where i can report problems making a payment?",PAYMENT,payment_issue
BL,I want to know what the free phone number to contact Client Service is,CONTACT,contact_customer_service
BIPLD,"can you ask an agent if I can write a review, please?",FEEDBACK,review
BILZ,how do I modify the information on myprofile?,ACCOUNT,edit_account
BSQC,I can't find my invoices and I want to check them,INVOICES,check_invoices
BLQZ,I want to know hwat the free phone no to contact Customer Service is,CONTACT,contact_customer_service
BIPLWC,"I'd like a fucking online account, what can I do to open one?",ACCOUNT,create_account
BIMSQC,"I can't find my invoice, what can I do to check it?",INVOICES,check_invoices
BLQ,I want to know how I can receive the newsletter,NEWSLETTER,newsletter_subscription
BILZ,how do I obtain sn invoice?,INVOICES,get_invoice
BILC,"I don't want my account, what do I have to do to close it?",ACCOUNT,delete_account
BILQZ,how can i send an email to client servioce?,CONTACT,contact_customer_service
BIML,how can I track my packages?,ORDER,track_order
BLQC,"i got an error message when i tried to pay, but my card was charged anyway and i wanna notify it",PAYMENT,payment_issue
BPLD,ask an agent where I could see the delivery options,DELIVERY,delivery_options
BIML,can you tell me how I can check my packages?,ORDER,track_order
BL,where to make a consumer complaint for a service,FEEDBACK,complaint
BLC,"I changed my mind, remove my profile",ACCOUNT,delete_account
BLC,"the event was postponed, obtain a refund",REFUNDS,get_refund
BL,tell me if I can create several accounts with the same email address,ACCOUNT,create_account
BILQZ,how can I check my deilvery?,ORDER,track_order
BPLD,"please, ask an agent how to report a problem paying",PAYMENT,payment_issue
BILQDZ,canu ask an agent if i can view my invoices?,INVOICES,check_invoices
BILC,"I got an error when I attempted to make a payment, but I was charged anyway, how do I inform of it?",PAYMENT,payment_issue
BISLC,"i didn't receive my bills, how do i see them?",INVOICES,check_invoices
BPMLQD,"ask an agent how I could report problems making a payment, please",PAYMENT,payment_issue
BIML,where do I track my shipments?,ORDER,track_order
BIMLQC,"I wanna check my orders, can you tell me how to do it?",ORDER,track_order
BIPLD,"please, could you ask an agent how I could register?",ACCOUNT,create_account
BQ,i want to create an account,ACCOUNT,create_account
BSLQZ,I want to knowsomething about seeing an invoice,INVOICES,get_invoice
BILQ,where can i leave an opinion for a service?,FEEDBACK,review
BPLDW,"please, ask an agent how to retrieve my fucking password",ACCOUNT,recover_password
BILCZ,"i ahve a problem when trying to pay for my online order, how can i report it?",PAYMENT,payment_issue
BILCZ,"I want to view your payment options, what  should I do ?",PAYMENT,check_payment_methods
B,tell me what the email address of the Customer Service is,CONTACT,contact_customer_service
BILC,"I've got no online account, how do I open one?",ACCOUNT,create_account
BILZ,how do I leave a  comment?,FEEDBACK,review
BIPQC,"id like a refund, what do i have to do to get one?",REFUNDS,get_refund
BIPLDZ,can you ask an agent how I could view the status f my purchase?,ORDER,track_order
BILQCZ,"I have aproblem when trying to make a payment, how can I inform lf it?",PAYMENT,payment_issue
BILQWCZ,"i want to use my other fucking online account, can i switch them ?",ACCOUNT,switch_account
BL,show me the mail of the Customer Support,CONTACT,contact_customer_service
BILC,"my online account was hacked, how do I recover it?",ACCOUNT,recover_password
BL,I have an issue when trying to pay for my online order,PAYMENT,payment_issue
BIZ,how can I delete my cacount?,ACCOUNT,delete_account
BMLZ,I fonud an issue signing up,ACCOUNT,registration_problems
BPLQC,"i have a problem when trying to make a payment with card, inform of it, please",PAYMENT,payment_issue
BILQZ,how canI change my profile?,ACCOUNT,edit_account
BL,help me view your payment methods,PAYMENT,check_payment_methods
BML,tell me if I can create more than one user account with a single email address,ACCOUNT,create_account
BILQDZ,can u ask an asgent where i can view my invoices?,INVOICES,check_invoices
BILQC,"I want to modify my shipping address, what should I do?",SHIPPING,change_shipping_address
BI,what's the cancellation fee?,CANCELLATION_FEE,check_cancellation_fee
BLQC,"I have an issue when trying to make a payment with card, help me report it",PAYMENT,payment_issue
BIMLQD,can u ask an agent if i can report payment problems?,PAYMENT,payment_issue
BILC,"I ordered something, how do I change my order?",ORDER,change_order
BLC,"I have no shipping address, set it up",SHIPPING,set_up_shipping_address
BIPLEC,"I would like information, what can I do to speak with Client Service?",CONTACT,contact_customer_service
BPLQDW,"ask an agent how I can write a fucking opinion, please",FEEDBACK,review
BIML,can I inform of problems making a payment?,PAYMENT,payment_issue
BILC,"the concert was postponed, how can i request a reimbursement?",REFUNDS,get_refund
BIPLWZ,"could you tell me how to nkow where my fucking package is, please?",ORDER,track_order
BIQC,"I need a refund, can I get one?",REFUNDS,get_refund
BILQCZ,"I want to ssee the cancellation fee, what do I have to do?",CANCELLATION_FEE,check_cancellation_fee
BILC,"I have an issue paying, can you notify it?",PAYMENT,payment_issue
BIL,how can I notify a problem making a payment?,PAYMENT,payment_issue
BIPD,"please, could you ask an agent how to contact Customer Service?",CONTACT,contact_customer_service
BILC,"you're not helping, what can I do to contact someone?",CONTACT,contact_human_agent
BLZ,I had issues while creatinga profile,ACCOUNT,registration_problems
BIMLQD,can u ask an agent if i can obtain some invoices?,INVOICES,get_invoice
BLC,I have a question and I want to speak with Client Service,CONTACT,contact_customer_service
BSQC,"I lost my invoices, I need help checking them",INVOICES,check_invoices
BLQCZ,my user account was hacked and I want to get it bakc,ACCOUNT,recover_password
BILQC,"i get an error when i attempt to make a payment with card, what can i do?",PAYMENT,payment_issue
BIMLC,"i want to check my orders, can you tell me where I can do it?",ORDER,track_order
BILCZ,"you aren't helping, what do I have to do to speak with a human agent ?",CONTACT,contact_human_agent
BLC,"I need information, help me call Customer Service",CONTACT,contact_customer_service
BILC,"I don't understand you, can I talk to a human agent?",CONTACT,contact_human_agent
BILQC,"an error message pops when I try to pay for my online order, what should I do?",PAYMENT,payment_issue
BILQC,"I want to lodge a comment, what should I do?",FEEDBACK,review
BICZ,"Iwant a refund, what can I do to get one?",REFUNDS,get_refund
BILQD,can u ask an agent how to check their money back policy?,REFUNDS,check_refund_policy
BLC,"I have an issue when trying to pay for my online order, help me notify it",PAYMENT,payment_issue
BILC,"I have an issue when trying to pay, can you inform of it?",PAYMENT,payment_issue
BILQCZ,"an error message popos when I try to pay for my order, what can I do?",PAYMENT,payment_issue
BILQC,"the show was postponed, what do I have to do?",REFUNDS,get_refund
BIPC,"I'd like a refund, what should I do to get one?",REFUNDS,get_refund
BISLC,"I can't find my invoices, what can I do to view them?",INVOICES,check_invoices
BL,"I want to download a bill, tell me where I can do it",INVOICES,get_invoice
BILCZ,"I don't understand you, what should I do to contact a human ?",CONTACT,contact_human_agent
BIMLQ,where can I inform of issues paying?,PAYMENT,payment_issue
BLQ,i wanna know what the number to contact customer support is,CONTACT,contact_customer_service
BILC,"I want to file an opinion, what should I do?",FEEDBACK,review
BILQ,what can I get a reimbursement for?,REFUNDS,get_refund
BI,what are the hours of Customer Service?,CONTACT,contact_customer_service
BIL,can I inform of a payment problem?,PAYMENT,payment_issue
BISC,"I lost my invoices, what should I do to check them?",INVOICES,check_invoices
BLD,ask an agent if i can make a payment with Amex,PAYMENT,check_payment_methods
BMSLC,"I lost my bill, I need help viewing it",INVOICES,check_invoices
BLQ,"I want to download an invoice, tell me how to do it",INVOICES,get_invoice
BIQD,can u ask an agent if i can file a complaint for a service?,FEEDBACK,complaint
BLQZ,i want to klnow what the mail of client servcie is,CONTACT,contact_customer_service
BIMSD,can you ask an agent for information about getting some invoices?,INVOICES,get_invoice
BIPLQWC,"i have no fucking user account, can u open one, please?",ACCOUNT,create_account
BILQ,can you tell me what the mail to contact Client Service is?,CONTACT,contact_customer_service
BLQZ,i wanna resrt my password,ACCOUNT,recover_password
BIPLQD,"please, could u ask an agent how I can see an invoice?",INVOICES,get_invoice
BILQC,"the show was cancelled, can I get a reimbursement?",REFUNDS,get_refund
BQCZ,"I have an issue when trying to pay with card , help me report it",PAYMENT,payment_issue
BIC,"I have an issue paying with card, what can I do?",PAYMENT,payment_issue
BMSCZ,"I lost my invoice , help me check it",INVOICES,check_invoices
BMSLZ,informatrion about downloading some invoices,INVOICES,get_invoice
BILQZ,can ushow me information about your reimbursement policy?,REFUNDS,check_refund_policy
BIL,can i modify the information on my profile?,ACCOUNT,edit_account
BMLQ,"I want to request some invoices, tell me how to do it",INVOICES,get_invoice
BIL,what's the email address to contact Customer Support?,CONTACT,contact_customer_service
BI,how can I file a complaint for a service?,FEEDBACK,complaint
BILC,"I have an issue when trying to make a payment with card, can you report it?",PAYMENT,payment_issue
BILC,"I have a question, what should I do to speak with Customer Support?",CONTACT,contact_customer_service
BMLQ,tell me if I can check my deliveries,ORDER,track_order
BIMLZ,can i tack my packages?,ORDER,track_order
BILQ,can I see the delivery options?,DELIVERY,delivery_options
BLQ,I have a problem when trying to pay for my online order,PAYMENT,payment_issue
BPLQ,"please, I wanna know where I could check my order",ORDER,track_order
BILC,"I have a question, can I send an email to Customer Service?",CONTACT,contact_customer_service
BILQ,how do I modify my shipping address?,SHIPPING,change_shipping_address
BIPLC,"I can't remember my account password, can you recover it, please?",ACCOUNT,recover_password
BILQC,"I changed my mind, how can I cancel my online account?",ACCOUNT,delete_account
BLC,I'm happy with the service and I want to make a review,FEEDBACK,review
BIPL,"please, could you speak with Customer Service?",CONTACT,contact_customer_service
BILC,"I got an error when I tried to make a payment, but my card was charged anyway, can you notify it?",PAYMENT,payment_issue
BIPC,"I'd like to check your refund policy, what do I have to do?",REFUNDS,check_refund_policy
BILQW,can u contact a fucking person?,CONTACT,contact_human_agent
BLQC,"I want to modify my order, can you show me some information?",ORDER,change_order
BILQC,"i dont understand you, how do i contact someone?",CONTACT,contact_human_agent
BPMLD,ask an agent how i could solve problems with my payment,PAYMENT,payment_issue
BL,how to see a bill,INVOICES,get_invoice
BLQD,ask an agent how to view their reimbursement policy,REFUNDS,check_refund_policy
BILC,"my user account was hacked, can you help me?",ACCOUNT,recover_password
BIMLQ,how can I solve problems with my payment?,PAYMENT,payment_issue
BLQ,I want to see the mail of the Client Service,CONTACT,contact_customer_service
BLQC,i have an issue when trying to pay for my order and i want to notify it,PAYMENT,payment_issue
BILC,"I've got no account, how do I register?",ACCOUNT,create_account
BSLQC,"I lost my bills, help me see them",INVOICES,check_invoices
BILEQC,"i dont have an online account, what can i do to open one?",ACCOUNT,create_account
BI,how can I check the delivery options?,DELIVERY,delivery_options
BLQC,"i dont understand you, help me speak with someone",CONTACT,contact_human_agent
BILCZ,"i have no shipping address, how do i set it up ?",SHIPPING,set_up_shipping_address
BLC,"I have no online account, register",ACCOUNT,create_account
BILC,"I purchased an item, what can i do to modify my order?",ORDER,change_order
BL,how to close my user account,ACCOUNT,delete_account
BILQC,"I want to use my other account, how can I switch them?",ACCOUNT,switch_account
BIMLQ,"I want to download some bills, can you tell me how to do it?",INVOICES,get_invoice
BILC,"the show was cancelled, what do I have to do?",REFUNDS,get_refund
BIQ,can u provide information about the delivery period?,DELIVERY,delivery_period
BSL,I want to request information about subscribing to the newsletter,NEWSLETTER,newsletter_subscription
BILC,"I need a user account, can I create one?",ACCOUNT,create_account
BSLC,"I need information, I need help speaking with Customer Service",CONTACT,contact_customer_service
BILZ,how can I get an bill?,INVOICES,get_invoice
BL,how to solve an issue making a payment,PAYMENT,payment_issue
BIML,can I create more than one profile with the same email address?,ACCOUNT,create_account
BIL,what are the hours of Client Service?,CONTACT,contact_customer_service
BSLQ,I need help speaking with someone,CONTACT,contact_human_agent
BL,tell me if I can get a bill,INVOICES,get_invoice
BILQCZ,"i cant understand you, what do i ahve to do to contact a human agent?",CONTACT,contact_human_agent
BIQ,"I want to get an invoice, can you tell me how to do it?",INVOICES,get_invoice
BILC,"I'm discontent with the service, how do I make a complaint?",FEEDBACK,complaint
BILQD,can you ask an agent if i can obtain an invoice?,INVOICES,get_invoice
BILC,"I want to file a consumer complaint for a service, what should I do?",FEEDBACK,complaint
BSLQCZ,"im discontent with  the service, i need help making a complaint",FEEDBACK,complaint
BILC,"I purchased an item, what do I have to do to change my purchase?",ORDER,change_order
BLC,I purchased a product and I want to modify my purchase,ORDER,change_order
BSLEWC,"my fucking user account has been hacked, and I need help getting it back",ACCOUNT,recover_password
BILQ,how do I contact someone?,CONTACT,contact_human_agent
BILCZ,"I don't bave an account, how can I open one?",ACCOUNT,create_account
BILCZ,"I have a question, what can I do to speak withh Customer Service?",CONTACT,contact_customer_service
BILQC,"I want to use my other online account, how can I change them?",ACCOUNT,switch_account
BL,help me cancel my account,ACCOUNT,delete_account
BLC,I don't know anything about your reimbursement policy and I need information about it,REFUNDS,check_refund_policy
BD,ask an agent to report a payment issue,PAYMENT,payment_issue
BML,"I want to see some bills, can you give me some information?",INVOICES,get_invoice
BLQ,I wanna know where to obtain a bill,INVOICES,get_invoice
BI,can you tell me where I can get an invoice?,INVOICES,get_invoice
BILQCZ,"I get an error when I try to make an payment with card, what can I do?",PAYMENT,payment_issue
BILQC,"I forgot my password, what do I have to do to reset it?",ACCOUNT,recover_password
BIPLQC,"id like an account, can i open one?",ACCOUNT,create_account
BL,tell me where I can modify my order,ORDER,change_order
BPMLQD,"ask an agent to inform of issues with my payment, please",PAYMENT,payment_issue
BL,I want to see the cancellation fee,CANCELLATION_FEE,check_cancellation_fee
BIL,where do i close my account?,ACCOUNT,delete_account
BILC,"I haven't got a profile, how can I create one?",ACCOUNT,create_account
BLCZ,"I'm happy with the sservice, file an opinion",FEEDBACK,review
BILQC,"I have a problem paying for my online order, how do I inform of it?",PAYMENT,payment_issue
BMLQ,I want to know where to track my deliveries,ORDER,track_order
BIPLC,"I'd like to retrieve my password, can you help me?",ACCOUNT,recover_password
BILC,"I've got no online account, can you open one?",ACCOUNT,create_account
BLQZ,I need informatoin about the cancellation penalty,CANCELLATION_FEE,check_cancellation_fee
BPSLC,"someone stole my account password, i need help resetting it, please",ACCOUNT,recover_password
BQC,"I need information, help me contact Customer Service",CONTACT,contact_customer_service
BIPMLQD,"please, could u ask an agent if i could see my invoice?",INVOICES,check_invoices
BLQC,the event was cancelled and I want to request a refund,REFUNDS,get_refund
BIPLQD,"please, could u ask an agent how to register?",ACCOUNT,create_account
BLCZ,"I weant to use my other  account, switch them",ACCOUNT,switch_account
BLQC,"i have no user account, open one",ACCOUNT,create_account
BILQC,"i want information, how do i speak with client service?",CONTACT,contact_customer_service
BL,how to file a consumer complaint for a service,FEEDBACK,complaint
BIL,where can i receive a refund?,REFUNDS,get_refund
BILQC,"I get an error message when I try to make a payment for my order, what should I do?",PAYMENT,payment_issue
BISLC,"I lost my bills, what do I have to do to check them?",INVOICES,check_invoices
BILQZ,can I create  a provile?,ACCOUNT,create_account
BILQC,"i havent got a profile, can i create one?",ACCOUNT,create_account
BSLZ,I need help viewing the ticketdelivery options,DELIVERY,delivery_options
BILQCZ,"i haev a problem paying, can i inform of it?",PAYMENT,payment_issue
BILCZ,"i want a rfeimbursement, how can i obtain one?",REFUNDS,get_refund
BLQC,im discontent with the service and i wanna lodge a consumer complaint,FEEDBACK,complaint
BISLC,"I can't find my bills, can you view them?",INVOICES,check_invoices
BILC,"I have a problem paying with card, can you inform of it?",PAYMENT,payment_issue
BILC,"I don't want my profile, what should I do to remove it?",ACCOUNT,delete_account
BILQ,can you tell me the free number of Client Service?,CONTACT,contact_customer_service
BLQC,"i have an issue when trying to pay for my online order, help me inform of it",PAYMENT,payment_issue
BILC,"I want to use my other profile, can you switch them?",ACCOUNT,switch_account
BILQC,"someone stole my password, can I reset it?",ACCOUNT,recover_password
BL,I want to see the options for delivery,DELIVERY,delivery_options
BILC,"you're not helping, can you talk to a human?",CONTACT,contact_human_agent
BSLC,"I made a mistake, I need help changing my purchase",ORDER,change_order
BIPLW,"could you tell me the fucking number to contact Customer Support, please?",CONTACT,contact_customer_service
BIQC,"i lost my password, how do i recover it?",ACCOUNT,recover_password
BLQC,i cant remember my password and i wanna retrieve it,ACCOUNT,recover_password
BILQC,"i ordered something, what can i do to modify my purchase?",ORDER,change_order
BILC,"I have no profile, what do I have to do to create one?",ACCOUNT,create_account
BILQCZ,"i wana filea consumer complaint for a service, can u help me?",FEEDBACK,complaint
BIPLQWC,"i dont want my fucking user account, can u close it, please?",ACCOUNT,delete_account
BILC,"an error pops when I try to pay for my order, can you help me?",PAYMENT,payment_issue
BILC,"I have an issue when trying to make a payment with card, what do I have to do?",PAYMENT,payment_issue
BILC,"I want to use my other online account, how do I change them?",ACCOUNT,switch_account
BLQC,"I purchased something, help me modify my purchase",ORDER,change_order
BILQCZ,"i wanna open a user account, what caqn i do?",ACCOUNT,create_account
BILC,"I want to view the options for delivery, can you help me?",DELIVERY,delivery_options
BIMLQZ,where can i notifypayment issues?,PAYMENT,payment_issue
BILC,"I want information, how can I talk to Customer Service?",CONTACT,contact_customer_service
BILC,"I want to make a comment, what should I do?",FEEDBACK,review
BLC,"I got an error when I tried to pay, but I was charged anyway, help me inform of it",PAYMENT,payment_issue
BILQ,can I create several online accounts with the same email?,ACCOUNT,create_account
BIPLC,"I've got no user account, could you open one?",ACCOUNT,create_account
BLQC,"im discontent with the service, help me submit a complaint",FEEDBACK,complaint
BIPQDW,"please, could u ask an agent where i could delete my fucking account?",ACCOUNT,delete_account
BIMLQ,can I request some invoices?,INVOICES,get_invoice
BILC,"i have a problem when trying to pay, what should i do to notify it?",PAYMENT,payment_issue
BILC,"I want to view my bills, what should I do?",INVOICES,check_invoices
BL,help me inform of a problem paying,PAYMENT,payment_issue
BLQ,i wanna speak with someone,CONTACT,contact_human_agent
BILQC,"I want information, how can I talk to Client Service?",CONTACT,contact_customer_service
BILC,"I have a problem paying, how do I notify it?",PAYMENT,payment_issue
BL,i want to know the status of my reimbursement,REFUNDS,track_refund
BD,ask an agent where to get a refund,REFUNDS,get_refund
BILQC,"I have an issue making a payment, how can I notify it?",PAYMENT,payment_issue
BILQC,"I want to see the options for ticket delivery, what can I do?",DELIVERY,delivery_options
BLQC,im happy with the service and i wanna submit a comment,FEEDBACK,review
BIC,"I want to check the options for delivery, can you help me?",DELIVERY,delivery_options
BIQC,"i need information, how can i contact customer service?",CONTACT,contact_customer_service
BIPLC,"an error pops when I attempt to pay with card, could you help me?",PAYMENT,payment_issue
BIC,"I want to check the cancellation fee, can you help me?",CANCELLATION_FEE,check_cancellation_fee
BILQC,"i want to get a reimbursement, what do i have to do?",REFUNDS,get_refund
BIPEQD,"could u ask an agent if there is a newsletter to keep me up-to-date, please?",NEWSLETTER,newsletter_subscription
BLZ,I want information  about the email of the Client Service,CONTACT,contact_customer_service
BILC,"I have a problem making a payment with card, can I inform of it?",PAYMENT,payment_issue
BILCZ,"Ineed information, what can I do to talk to Client Service?",CONTACT,contact_customer_service
BL,I want to know where I can request a bill,INVOICES,get_invoice
BL,I had issues when trying to create a profile,ACCOUNT,registration_problems
BIPLQDZ,"please, could u ask an agent how i can inform of a  problem paying?",PAYMENT,payment_issue
BLC,"I got an error when I attempted to make a payment, but I was charged anyway, help me report it",PAYMENT,payment_issue
BIM,how can I report payment issues?,PAYMENT,payment_issue
BIPD,"could you ask an agent how I can check their payment methods, please?",PAYMENT,check_payment_methods
BIPLQWC,"i wanna receive the fucking newsletter, can you tell me where I can do it, please?",NEWSLETTER,newsletter_subscription
BIPSLD,do you mind asking an agent how I can obtain an invoice?,INVOICES,get_invoice
BILQ,how do I inform of a problem with my payment?,PAYMENT,payment_issue
BILQC,"i have no account, how can i register?",ACCOUNT,create_account
BLQC,"i got an error when i attempted to make a payment, but my card was charged anyway",PAYMENT,payment_issue
BIQC,"i wanna file a complaint, what should i do?",FEEDBACK,complaint
BILQ,can I create several profiles with a single email?,ACCOUNT,create_account
BILC,"I have a problem paying with card, can you notify it?",PAYMENT,payment_issue
BILC,"I changed my mind, what do I have to do to close my user account?",ACCOUNT,delete_account
BL,"I want to obtain a bill, tell me where to do it",INVOICES,get_invoice
BLC,"I want to check my delivery, tell me how to do it",ORDER,track_order
BLQ,i wanna know what the number of client service is,CONTACT,contact_customer_service
BILQCZ,"I ordered something , how can I change my order?",ORDER,change_order
BILC,"I want to submit a comment for a service, can you help me?",FEEDBACK,review
BISLQC,"i didn't receive my bills, what do i have to do to check them?",INVOICES,check_invoices
BIL,what's the email to contact Client Service?,CONTACT,contact_customer_service
BIC,"the event was cancelled, what should i do?",REFUNDS,get_refund
BQ,i want to know if there is a free phone number to contact customer service,CONTACT,contact_customer_service
BILQC,"I have a question, what should I do to contact Customer Support?",CONTACT,contact_customer_service
BLQ,"I want to download an invoice, tell me where I can do it",INVOICES,get_invoice
BILC,"I want to lodge a comment, can you help me?",FEEDBACK,review
BILQCZ,"i have a problem when trying to make a payment, can u nnotify it?",PAYMENT,payment_issue
BILQCZ,"i want ro reset my account password, what do i have to do?",ACCOUNT,recover_password
BLC,"i changed my mind, cancel my account",ACCOUNT,delete_account
BL,tell me if my reimbursement was processed,REFUNDS,track_refund
BIQC,"i wanna get a refund, can u help me?",REFUNDS,get_refund
BILC,"i have an issue paying with card, what do i have to do to inform of it?",PAYMENT,payment_issue
BML,show me the cancellation fees,CANCELLATION_FEE,check_cancellation_fee
BISLQC,"I didn't receive my invoices, how do I view them?",INVOICES,check_invoices
BILQ,how can I check my shipment?,ORDER,track_order
BILQC,"i wanna inform of a payment issue, what do i have to do?",PAYMENT,payment_issue
BIPLD,"could you ask an agent if I can check my shipment, please?",ORDER,track_order
BSLC,"I have no account, I need help registering",ACCOUNT,create_account
BILC,"I've got no online account, what do I have to do to register?",ACCOUNT,create_account
BIL,can you show me the free number to contact Customer Support?,CONTACT,contact_customer_service
BC,"I can't remember my password, help me recover it",ACCOUNT,recover_password
BIL,"I want to obtain a bill, can you tell me how to do it?",INVOICES,get_invoice
BLQC,"i wanna check my package, tell me how to do it",ORDER,track_order
BML,I found an issue while signing up,ACCOUNT,registration_problems
BML,I found an issue registering,ACCOUNT,registration_problems
BIPLD,"please, could you ask an agent if I could talk to Customer Support?",CONTACT,contact_customer_service
BILC,"I don't understand you, how can I speak with someone?",CONTACT,contact_human_agent
BLQ,show me the free phone number of Customer Support,CONTACT,contact_customer_service
BLC,"i have an issue when trying to pay for my online order, inform of it",PAYMENT,payment_issue
BPLCZ,"i purchased  a product, help me change my order, plwase",ORDER,change_order
BIC,"I have an issue when trying to pay, can you report it?",PAYMENT,payment_issue
BILC,"I have a problem when trying to pay for my order, what can I do to report it?",PAYMENT,payment_issue
BIMLQC,"i want to check my shipments, can you tell me where to do it?",ORDER,track_order
BILC,"the game was cancelled, how do I obtain a reimbursement?",REFUNDS,get_refund
BIC,"I need an account, can you create one?",ACCOUNT,create_account
BIQCZ,"i have a issue when trying to pay with card, cani report it?",PAYMENT,payment_issue
BLQ,I want to know what the email to contact Client Service is,CONTACT,contact_customer_service
BILQ,how can i view the options for ticket delivery?,DELIVERY,delivery_options
BIPMLD,can you ask an agent where I could report problems making a payment?,PAYMENT,payment_issue
BL,i want to obtain a refund,REFUNDS,get_refund
BILQ,can u give me information about the delivery options?,DELIVERY,delivery_options
BML,I want to know how to download some invoices,INVOICES,get_invoice
BIML,can I create more than one account with the same email?,ACCOUNT,create_account
BLQZ,i want to know wat the email of Customer Service is,CONTACT,contact_customer_service
BILC,"you're not helping, what can I do to speak with a human agent?",CONTACT,contact_human_agent
BPSL,"I want to request information about obtaining an invoice, please",INVOICES,get_invoice
BI,do I get a full refund in case I cancel my ticket?,REFUNDS,check_refund_policy
BPSLQC,"someone stole my password, I need help retrieving it, please",ACCOUNT,recover_password
BIQC,"the event was postponed, what can I do to get a refund?",REFUNDS,get_refund
BL,I want to change to another profile,ACCOUNT,switch_account
BILQC,"I want to see the cancellation fee, what should I do?",CANCELLATION_FEE,check_cancellation_fee
BILQC,"I have no user account, what do I have to do to register?",ACCOUNT,create_account
BMLQZ, want to know if I can track my shipments,ORDER,track_order
BILC,"I want to notify an issue paying, can you help me?",PAYMENT,payment_issue
BILC,"my account's been hacked, can i recover it?",ACCOUNT,recover_password
BIQDZ,can u ask  an agent if i can track my order?,ORDER,track_order
BIQC,"I wanna track my order, can you tell me where I can do it?",ORDER,track_order
BILC,"my account's been hacked, how do I get it back?",ACCOUNT,recover_password
BLQ,i want to inform of a problem with my payment,PAYMENT,payment_issue
BILQC,"I want to see the status of my reimbursement, what can I do?",REFUNDS,track_refund
BILC,"I have an issue when trying to pay for my online order, what should I do to report it?",PAYMENT,payment_issue
BILQC,"an error pops when I attempt to make a payment, what can I do?",PAYMENT,payment_issue
BPLQD,"ask an agent where to see their payment options, please",PAYMENT,check_payment_methods
BILQ,can i register?,ACCOUNT,create_account
BILQC,"an error pops when I attempt to make a payment, what do I have to do?",PAYMENT,payment_issue
BILC,"I have an issue paying for my order, can you notify it?",PAYMENT,payment_issue
BLZ,how to view the status of my reimbursemernt,REFUNDS,track_refund
BPLQD,"ask an agent how i could reset my account password, please",ACCOUNT,recover_password
BILQCZ,"I wantto open a use account, what do I have to do?",ACCOUNT,create_account
BICZ,"I got an error when I tried to pay, but my card was charged anyway,  what should I do?",PAYMENT,payment_issue
BL,I have a problem when trying to make a payment with card,PAYMENT,payment_issue
BMLQZ," want to request some bills, tell me how to do it",INVOICES,get_invoice
BIMLQZ,how can Inotify issues with my payment ?,PAYMENT,payment_issue
BSLC,"you aren't helping, I need help talking to a person",CONTACT,contact_human_agent
BLQC,"i got an error message when i attempted to pay, but my card was charged anyway and i want to inform of it",PAYMENT,payment_issue
BSLQ,I need help talking to someone,CONTACT,contact_human_agent
BSLQ,I need help leaving a comment,FEEDBACK,review
BILZ,can I contact Customer Supprt?,CONTACT,contact_customer_service
BMQC,"I wanna track my orders, tell me where to do it",ORDER,track_order
BILCZ,"I can't make a payment, what do I haev to do?",PAYMENT,payment_issue
BIPD,could you ask an agent where I can place an order?,ORDER,place_order
BILC,"I have a question, can you send an email to Client Service?",CONTACT,contact_customer_service
BILQW,whats the fucking mail address of customer service?,CONTACT,contact_customer_service
BLDZ,askan agent about the options for ticket delivery,DELIVERY,delivery_options
BILC,"I don't like the service, how do I file a consumer complaint?",FEEDBACK,complaint
BILC,"I've got no user account, can I register?",ACCOUNT,create_account
BILC,"I got an error when I attempted to pay, but my card was charged anyway, can you notify it?",PAYMENT,payment_issue
BLC,"someone stole my account password, help me recover it",ACCOUNT,recover_password
BLD,ask an agent how to reset my account password,ACCOUNT,recover_password
BIL,can you tell me the phone number of client service?,CONTACT,contact_customer_service
BIL,how do I speak with a person?,CONTACT,contact_human_agent
BLQ,contact Customer Support,CONTACT,contact_customer_service
BLQC,"I changed my mind, remove my user account",ACCOUNT,delete_account
BILQC,"I ordered something, what can I do to modify my purchase?",ORDER,change_order
BILC,"I can't understand you, what can I do to speak with someone?",CONTACT,contact_human_agent
BILC,"an error message pops when I attempt to pay with card, what can I do?",PAYMENT,payment_issue
BL,how to see the status of my order,ORDER,track_order
BIMQZ,can you tell me if I can register more than one account with the same mail?,ACCOUNT,create_account
BL,I want to know if I can register two user accounts with the same email,ACCOUNT,create_account
BIQC,"I want to check the cancellation fee, what do I have to do?",CANCELLATION_FEE,check_cancellation_fee
BML,I found an issue while registering,ACCOUNT,registration_problems
BIPLQWCZ,"id like information, can u callfucking customer support, please?",CONTACT,contact_customer_service
BPMLDW,"please, ask an agent if I could notify fucking payment problems",PAYMENT,payment_issue
BLQD,ask an agent how i can switch to another user account,ACCOUNT,switch_account
BI,are service fees refundable?,REFUNDS,check_refund_policy
BIL,can you tell me how to obtain a bill?,INVOICES,get_invoice
BIL,can you check your money back guarantee?,REFUNDS,check_refund_policy
BIML,can you tell me if I can check my packages?,ORDER,track_order
BILQ,can you tell me the free number of Customer Support?,CONTACT,contact_customer_service
BILC,"I want to notify a payment problem, what should I do?",PAYMENT,payment_issue
BIMLQC,"i wanna view cancellation penalties, can u help me?",CANCELLATION_FEE,check_cancellation_fee
BL,I want to know if I can create two profiles with a single email,ACCOUNT,create_account
BIMLC,"I want to view my bill, can you help me?",INVOICES,check_invoices
BPLQD,"please, ask an agent to send an email to Customer Service",CONTACT,contact_customer_service
BILQC,"i dont like the service, how can i make a complaint?",FEEDBACK,complaint
BPLQD,"ask an agent how I could modify my shipping address, please",SHIPPING,change_shipping_address
BMLC,"I want to track my deliveries, tell me how I can do it",ORDER,track_order
BILC,"i want to lodge a consumer complaint, what can i do?",FEEDBACK,complaint
BILQ,can i create two profiles with the same email?,ACCOUNT,create_account
BL,I had registration issues,ACCOUNT,registration_problems
BPSLEC,"I am discontent with the service, I need help lodging a complaint, please",FEEDBACK,complaint
BISL,what information do you have about receiving the newsletter?,NEWSLETTER,newsletter_subscription
BLQZ,I wqnt to see the phone number to contact Customer Support,CONTACT,contact_customer_service
BIPMLQDW,"could u ask an agent how i could notify fucking issues with my payment, please?",PAYMENT,payment_issue
BILQCZ,"I have a problem making a payment with card , what should I do?",PAYMENT,payment_issue
BILC,"I want to report a problem making a payment, what do I have to do?",PAYMENT,payment_issue
BPLQD,ask an agent where I could see their refund policy,REFUNDS,check_refund_policy
BLQD,ask an agent what the free number to contact Customer Service is,CONTACT,contact_customer_service
BIL,can I retrieve my account password?,ACCOUNT,recover_password
BL,"I want to download a bill, can you show me some information?",INVOICES,get_invoice
BILQD,can you ask an agent if i can get a bill?,INVOICES,get_invoice
BLEQC,"u are not helping, talk to a human",CONTACT,contact_human_agent
BILC,"I purchased something, can i modify my purchase?",ORDER,change_order
BSLQC,"I didn't receive my invoices, I need help viewing them",INVOICES,check_invoices
BILQC,"I have an issue when trying to pay for my online order, can I report it?",PAYMENT,payment_issue
BIL,how do i view your reimbursement policy?,REFUNDS,check_refund_policy
BL,help me inform of an issue with my payment,PAYMENT,payment_issue
BML,"I want to see some bills, tell me how I can do it",INVOICES,get_invoice
BSLC,"I can't find my invoices, show them",INVOICES,check_invoices
BIL,where can i check the options for ticket delivery?,DELIVERY,delivery_options
BILC,"I don't know anything about your money back guarantee, can you tell me about it?",REFUNDS,check_refund_policy
BSL,I need help seeing the delivery options,DELIVERY,delivery_options
BLQ,i wanna see the mail address of the Customer Support,CONTACT,contact_customer_service
BILQCZ,"someone stole my password, can I retrieve it ?",ACCOUNT,recover_password
BILC,"the event was postponed, what do i have to do to request a reimbursement?",REFUNDS,get_refund
BL,information about the mail of the Customer Support,CONTACT,contact_customer_service
BL,where to see the options for ticket delivery,DELIVERY,delivery_options
BILQC,"my account's been hacked, can u recover it?",ACCOUNT,recover_password
BIL,"I want to get a bill, can you tell me how I can do it?",INVOICES,get_invoice
BILQ,can I register several user accounts with a single email address?,ACCOUNT,create_account
BIPLQC,"i ordered an item, could i change my order?",ORDER,change_order
BLQ,i wanna view your money back policy,REFUNDS,check_refund_policy
BIPLD,could you ask an agent if I can speak with Customer Support?,CONTACT,contact_customer_service
BML,check my shipments,ORDER,track_order
BML,tell me where I can track my packages,ORDER,track_order
BIPLZ,how could I rese my account  password?,ACCOUNT,recover_password
BPLQD,"please, ask an agent if I could write an opinion",FEEDBACK,review
BIMLQ,can you tell me if i can register more than one profile with the same email?,ACCOUNT,create_account
BSLQC,"I lost my invoices, I need help viewing them",INVOICES,check_invoices
BIML,"I want to obtain some invoices, can you tell me how I can do it?",INVOICES,get_invoice
BLEQC,"i dont have a user account, help me open one",ACCOUNT,create_account
BILQC,"the event was cancelled, how do I obtain a reimbursement?",REFUNDS,get_refund
BPML,"I want to know if I could own several profiles, please",ACCOUNT,create_account
BLC,I've got no user account and I want to create one,ACCOUNT,create_account
BILC,"i have a problem paying, how can i report it?",PAYMENT,payment_issue
BIPLQCZ,"id like to check your money back pooicy, can u help me?",REFUNDS,check_refund_policy
BILC,"I'm happy with the service, how can I submit a comment?",FEEDBACK,review
BQC,"I want to know the status of my refund, help me track it",REFUNDS,track_refund
BLD,ask an agent how i can report a payment problem,PAYMENT,payment_issue
BILQC,"the show was cancelled, what should I do to request a refund?",REFUNDS,get_refund
BPMLDW,"ask an agent how to inform of fucking issues paying, please",PAYMENT,payment_issue
BILQZ,can I check the status of my reimbursement ?,REFUNDS,track_refund
BIPLWC,"I'd like to see the status of my fucking purchase, could you help me?",ORDER,track_order
BPLC,"I got an error message when I tried to make a payment, but I was charged anyway and I'd like to report it, please",PAYMENT,payment_issue
BILC,"I want to check my delivery, can you tell me where I can do it?",ORDER,track_order
BSLQC,"i need information, i need help speaking with customer support",CONTACT,contact_customer_service
BILQ,where do I report a problem making a payment?,PAYMENT,payment_issue
BL,how to lodge a consumer complaint for a service,FEEDBACK,complaint
BL,I want to know where to track my package,ORDER,track_order
BILQCZ,"i havent got a suer account, what do i haveto do?",ACCOUNT,create_account
BLCZ,"i have a pproblem paying with card, help me notify it",PAYMENT,payment_issue
BIQC,"I want to use my other account, what can I do to change them?",ACCOUNT,switch_account
BMSLQC,I lost my bill and I want to see it,INVOICES,check_invoices
BLQCZ,the show was  postponed and I want to obtain a refund,REFUNDS,get_refund
BILQCZ,"I have no shipping address, can Iset it up?",SHIPPING,set_up_shipping_address
BILQC,"an error pops when i attempt to make a payment for my order, what do i have to do?",PAYMENT,payment_issue
BPSL,"please, i want to ask for information about modifying my purchase",ORDER,change_order
BILQ,"I want to get a bill, can you tell me where to do it?",INVOICES,get_invoice
BSLCZ,"I have a question, I need help callinglCient Service",CONTACT,contact_customer_service
BLQC,"i cant remember my account password, retrieve it",ACCOUNT,recover_password
BSQC,i can't find my invoices and i wanna check them,INVOICES,check_invoices
BLC,"I haven't got a user account, register",ACCOUNT,create_account
BILQC,"I have no user account, how can I register?",ACCOUNT,create_account
BLQD,ask an agent where i can notify a problem with my payment,PAYMENT,payment_issue
BSLCZ,"I don't undertand you, I need help speaking with a human",CONTACT,contact_human_agent
BIPLQWCZ,"i cant understand you, how could i speak with an fucking person?",CONTACT,contact_human_agent
BILQD,can u ask an agent how i can view the status of my purchase?,ORDER,track_order
BMQD,ask an agent if i can track my orders,ORDER,track_order
BML,I found an issue when trying to open an account,ACCOUNT,registration_problems
BILC,"I got an error when I attempted to pay, but my card was charged anyway, can you help me?",PAYMENT,payment_issue
BPLD,"ask an agent how i can remove my account, please",ACCOUNT,delete_account
BILC,"I get an error message when I try to make a payment, can you help me?",PAYMENT,payment_issue
BILC,"I want to make a review for a service, what do I have to do?",FEEDBACK,review
BLC,you're not helping and I want to talk to someone,CONTACT,contact_human_agent
BMQ,i want to know if i can own several accounts,ACCOUNT,create_account
BILQZ,how can i lodge a ccomplaint for a service?,FEEDBACK,complaint
BILQC,"the game was cancelled, what do i have to do?",REFUNDS,get_refund
BILC,"you aren't helping, what do I have to do to contact a person?",CONTACT,contact_human_agent
BILQC,"I have a problem paying for my order, can I inform of it?",PAYMENT,payment_issue
BI,how can i check my invoices?,INVOICES,check_invoices
BLQC,"I bought an item, help me modify my purchase",ORDER,change_order
BILQD,can u ask an agent if i can solve a problem paying?,PAYMENT,payment_issue
BPLC,"you're not helping and I want to contact a human, please",CONTACT,contact_human_agent
BSLQ,I need information about obtaining a bill,INVOICES,get_invoice
BIPLQC,"i wanna see the ticket delivery options, could u help me, please?",DELIVERY,delivery_options
BILCZ,"i got an error message when i attempted tl pay, but my card was charged anyway, how do i notify it?",PAYMENT,payment_issue
BILQC,"i want to use my other profile, what should i do to switch them?",ACCOUNT,switch_account
BILQC,"I have a question, what can I do to speak with Client Service?",CONTACT,contact_customer_service
BLQC,I have a question and I want to contact Customer Support,CONTACT,contact_customer_service
BL,I want to view the delivery options,DELIVERY,delivery_options
BIPMLD,"please, can you ask an agent how I can notify issues with my payment?",PAYMENT,payment_issue
BIPLQWC,"im discontent with the service, could u submit a fucking consumer complaint, please?",FEEDBACK,complaint
BIMLQ,can I inform of problems paying?,PAYMENT,payment_issue
BILEQCZ,"i dont have an user account,  what should i do to create one?",ACCOUNT,create_account
BLDWZ,ask an agent how to make changes ot the information on my fucking profile,ACCOUNT,edit_account
BIPQC,"I want to check your refund policy, what can I do, please?",REFUNDS,check_refund_policy
BILC,"I got an error message when I tried to pay, but I was charged anyway, can I report it?",PAYMENT,payment_issue
BI,can you provide information about my invoices?,INVOICES,check_invoices
BILQC,"the concert was postponed, what can i do to get a reimbursement?",REFUNDS,get_refund
BSL,I want to request information about receiving the newsletter,NEWSLETTER,newsletter_subscription
BLC,"I'm happy with the service, help me file a comment",FEEDBACK,review
BILC,"I need an account, how do I open one?",ACCOUNT,create_account
BIQC,"my account was hacked, can u recover it?",ACCOUNT,recover_password
BIPL,could I request a refund?,REFUNDS,get_refund
BIL,where do I view my invoices?,INVOICES,check_invoices
BILC,"I want to check your money back policy, can you help me?",REFUNDS,check_refund_policy
BIPLWCZ,"you're not hepling, could you contact a fucking human?",CONTACT,contact_human_agent
BILQ,where do I remove my account?,ACCOUNT,delete_account
BLC,"I don't understand you, talk to a human",CONTACT,contact_human_agent
BILQC,"I changed my mind, what can I do to close my online account?",ACCOUNT,delete_account
BILQCZ,"i need an online account , what do i have to do to create one?",ACCOUNT,create_account
BLQD,ask an agent if i can check their reimbursement policy,REFUNDS,check_refund_policy
BLQ,I wanna download a bill,INVOICES,get_invoice
BILC,"I don't have a shipping address, how do I set one up?",SHIPPING,set_up_shipping_address
BLC,I need a user account and I want to open one,ACCOUNT,create_account
BILQC,"youre not helping, what should i do to talk to a human?",CONTACT,contact_human_agent
BLC,"I can't understand you, help me contact a human agent",CONTACT,contact_human_agent
BI,how can I file a complaint?,FEEDBACK,complaint
BIPMQ,"can u give me information about the delivery period for my tickets, please?",DELIVERY,delivery_period
BL,an error message pops when i try to pay with card,PAYMENT,payment_issue
BILC,"I've got no profile, how do I create one?",ACCOUNT,create_account
BILQCZ,"I want to use my other profile , what can I do to switch them?",ACCOUNT,switch_account
BILQC,"ive got no user account, what can i do to create one?",ACCOUNT,create_account
BIPLDW,"please, could you ask an agent for information about the fucking status of my reimbursement?",REFUNDS,track_refund
BIPD,"please, could you ask an agent to give me information about the delivery period?",DELIVERY,delivery_period
BILQC,"I got an error when I attempted to pay, but I was charged anyway, what do I have to do to notify it?",PAYMENT,payment_issue
BML,tell me how to obtain some bills,INVOICES,get_invoice
BILWC,"my fucking profile was hacked, what should i do to get it back?",ACCOUNT,recover_password
BC,"my account was hacked, help me recover it",ACCOUNT,recover_password
BIPLC,"I'd like to make a comment, what can I do?",FEEDBACK,review
BILZ,can I register two zccounts with a single email address?,ACCOUNT,create_account
BLQC,i changed my mind and i wanna delete my user account,ACCOUNT,delete_account
BEQD,ask an agent if there is a newsletter I can subscribe to,NEWSLETTER,newsletter_subscription
BQDZ,ask an agent to find information about there refund policy,REFUNDS,check_refund_policy
BIQC,"I want to file a review, what can I do?",FEEDBACK,review
BILQC,"I purchased a product, what do I have to do to modify my purchase?",ORDER,change_order
BIQC,"I want to report an issue with my payment, what should I do?",PAYMENT,payment_issue
BLEQC,"i dont have a user account, help me create one",ACCOUNT,create_account
BL,tell me if my reimbursement has been processed,REFUNDS,track_refund
BL,help me make changes to my profile,ACCOUNT,edit_account
BL,tell me what the mail address of the Customer Support is,CONTACT,contact_customer_service
BILQC,"youre not helping, what should i do to speak with a human agent?",CONTACT,contact_human_agent
BL,how to check my delivery,ORDER,track_order
BIC,"I haven't got an account, how can I create one?",ACCOUNT,create_account
BLQC,"im discontent with the service, help me lodge a consumer complaint",FEEDBACK,complaint
BL,help me retrieve my account password,ACCOUNT,recover_password
BL,where to see an invoice,INVOICES,get_invoice
BIC,"I'm happy with the service, how can I file a review?",FEEDBACK,review
BIL,can you show me the number of Customer Service?,CONTACT,contact_customer_service
BPLQDW,"please, ask an agent what the fucking phone number to contact client service is",CONTACT,contact_customer_service
BLC,"I have a problem when trying to pay with card, help me inform of it",PAYMENT,payment_issue
BILQC,"I want to register, what should I do?",ACCOUNT,create_account
BLCZ,"I want to change my purtchase, tell me how I can do it",ORDER,change_order
BIQ,can I check the options for delivery?,DELIVERY,delivery_options
BILC,"I don't want my account, what do I have to do to remove it?",ACCOUNT,delete_account
BILCZ,"I want information, whatdo I have to do to speak with Customer Support?",CONTACT,contact_customer_service
BLC,"the show was cancelled, help me obtain a reimbursement",REFUNDS,get_refund
BILC,"I need an account, what do I have to do to open one?",ACCOUNT,create_account
BLC,"the show was cancelled, obtain a refund",REFUNDS,get_refund
BLC,"I got an error when I tried to make a payment, but my card was charged anyway and I want to report it",PAYMENT,payment_issue
BILQ,how can I change the information on my profile?,ACCOUNT,edit_account
BILQ,can u give me information about the mail address of the Customer Service?,CONTACT,contact_customer_service
BILQC,"the event was postponed, can I request a reimbursement?",REFUNDS,get_refund
BIMSC,"I lost my invoice, how can I check it?",INVOICES,check_invoices
BIQC,"the event was cancelled, can I get a refund?",REFUNDS,get_refund
BILQC,"I want information, how do I send an email to Client Service?",CONTACT,contact_customer_service
BILCZ,"I want to submnit a comment, what should I do?",FEEDBACK,review
BILQC,"i want information, how can i contact customer support?",CONTACT,contact_customer_service
BILC,"I want to close my online account, where can I do it?",ACCOUNT,delete_account
BIMQ,"I want to get some invoices, can you tell me how I can do it?",INVOICES,get_invoice
BIQC,"I want to know the status of my refund, what do I have to do to track it?",REFUNDS,track_refund
BMLQD,ask an agent if i can inform of issues making a payment,PAYMENT,payment_issue
BL,how to register,ACCOUNT,create_account
BLCZ,"I lost my account apssword, retrieve it",ACCOUNT,recover_password
BL,i want to check the options for ticket delivery,DELIVERY,delivery_options
BIPML,"could you tell me if I could create more than one user account with a single email, please?",ACCOUNT,create_account
BSLQZ,I need help downloading an bill,INVOICES,get_invoice
BIQ,how do i file a complaint?,FEEDBACK,complaint
BL,I want to leave an opinion,FEEDBACK,review
BILQZ,can u find information about thr email to contact Customer Support?,CONTACT,contact_customer_service
BIPMLD,"can you ask an agent how to report issues paying, please?",PAYMENT,payment_issue
BLQC,"I got an error message when I tried to make a payment, but I was charged anyway and I want to inform of it",PAYMENT,payment_issue
BIMSLCZ,"I can't find my bill , what can I do to check it?",INVOICES,check_invoices
BIPLEQC,"I would like to track my shipment, could you tell me how to do it?",ORDER,track_order
BLQC,"youre not helping, help me contact a human",CONTACT,contact_human_agent
BILQCZ,"i have an issue when trying to pau with card, how can i notify it?",PAYMENT,payment_issue
BLCZ,"ym profile's been hacked, reocver it",ACCOUNT,recover_password
BIM,how do I check the cancellation fees?,CANCELLATION_FEE,check_cancellation_fee
BILQC,"I have a problem paying for my online order, what should I do?",PAYMENT,payment_issue
BILC,"I'm discontent with the service, what can I do to lodge a complaint?",FEEDBACK,complaint
BSL,I want to ask for information about downloading a bill,INVOICES,get_invoice
BILC,"i need a user account, can i create one?",ACCOUNT,create_account
BILQWC,"i wanna modify my fucking purchase, can you tell me how to do it?",ORDER,change_order
BIC,"I want to get a refund, what do I have to do?",REFUNDS,get_refund
BILCZ,"I can't understand you, what shoupd I do to speak with a human agent?",CONTACT,contact_human_agent
BIPLC,"I have no user account, could you create one, please?",ACCOUNT,create_account
BILCZ,"I want an reimbursement, what should I do to get one?",REFUNDS,get_refund
BIPMLDW,"please, could you ask an agent how I could see my fucking bill?",INVOICES,check_invoices
BLCZ,"I need a reund, obtain one",REFUNDS,get_refund
BLZ,k get an error when i try to make a payment,PAYMENT,payment_issue
BIPLDW,can you ask an agent where I could see their fucking reimbursement policy?,REFUNDS,check_refund_policy
BILC,"I have no account, what can I do to open one?",ACCOUNT,create_account
BILC,"I need information, how do I speak with Customer Service?",CONTACT,contact_customer_service
BML,I found a problem while creating a profile,ACCOUNT,registration_problems
BILC,"I get an error when I try to pay for my online order, can you help me?",PAYMENT,payment_issue
BILC,"I want information, can I speak with Customer Service?",CONTACT,contact_customer_service
BICZ,"I have an issue paying with card, how can I report ot?",PAYMENT,payment_issue
BILC,"I'm not happy with the service, how do I submit a consumer complaint?",FEEDBACK,complaint
BMLQDZ,ask an agent if i can report  issues paying,PAYMENT,payment_issue
BILCZ,"I have a question, how can I send an emaul to Customer Service?",CONTACT,contact_customer_service
BIL,can I register several user accounts with the same email address?,ACCOUNT,create_account
BILQ,where can I open a user account?,ACCOUNT,create_account
BIQD,can u ask an agent how to solve an issue with my payment?,PAYMENT,payment_issue
BSLQ,i need help obtaining a refund,REFUNDS,get_refund
BILCZ,"I want toi make a consumer complaint, can you help me?",FEEDBACK,complaint
BILC,"I need information, can you contact Client Service?",CONTACT,contact_customer_service
BLQ,I want to see the mail address to contact Customer Support,CONTACT,contact_customer_service
BL,help me change to another online account,ACCOUNT,switch_account
BLD,ask an agent where i can leave an opinion for a service,FEEDBACK,review
BIQC,"I want a refund, what should I do to get one?",REFUNDS,get_refund
BILQ,can I delete my user account?,ACCOUNT,delete_account
BLZ,I  want to know if I can create several profiles with the same email,ACCOUNT,create_account
BILQ,can i register two user accounts with a single email?,ACCOUNT,create_account
BILQCZ,"i have an issue when trying to make a payment with card, what should i do to inform of it ?",PAYMENT,payment_issue
BI,where do I track my refund?,REFUNDS,track_refund
BLC,"i want a user account, help me open one",ACCOUNT,create_account
BML,show me the cancellation penalties,CANCELLATION_FEE,check_cancellation_fee
BILQCZ,"the show was cancelled, how can I obtain an refund?",REFUNDS,get_refund
BILQWC,"the fucking game was postponed, what should i do to obtain a refund?",REFUNDS,get_refund
BLQC,I have a question and I want to speak with Customer Service,CONTACT,contact_customer_service
BSLQC,"I ordered an item, i need help changing my purchase",ORDER,change_order
BIPLQD,"can u ask an agent where i can notify an issue paying, please?",PAYMENT,payment_issue
BILQC,"i havent got an online account, what can i do to open one?",ACCOUNT,create_account
BIL,can you tell me what the email to contact Client Service is?,CONTACT,contact_customer_service
BSLCZ,"I can't find my bills , I need help viewing them",INVOICES,check_invoices
BILQC,"i dont want my profile, can u cancel it?",ACCOUNT,delete_account
BIQ,where can I check the options for delivery?,DELIVERY,delivery_options
BILQC,"I want to track my purchase, what should I do?",ORDER,track_order
BIQC,"i want to check the status of my refund, can u help me?",REFUNDS,track_refund
BLQC,"I have an issue when trying to pay for my order, help me inform of it",PAYMENT,payment_issue
BLQ,i wanna know how to check my shipment,ORDER,track_order
BILC,"the game was cancelled, what should I do to request a reimbursement?",REFUNDS,get_refund
BIL,can I see the status of my order?,ORDER,track_order
BLC,"the concert was cancelled, obtain a reimbursement",REFUNDS,get_refund
BIMSL,what information do you have about requesting some bills?,INVOICES,get_invoice
BLQ,I want to write a comment for a service,FEEDBACK,review
BILC,"the game was cancelled, what do I have to do to request a refund?",REFUNDS,get_refund
BLZ,tell me if their is someone available,CONTACT,contact_human_agent
BLD,ask an agent where i can receive a reimbursement,REFUNDS,get_refund
BILCZ,"I want a user account, can I create one ?",ACCOUNT,create_account
BILQWCZ,"i have no fucking user account, what should i do to create one ?",ACCOUNT,create_account
BLQDWZ,ask an agent what the fucking email address of client setvice is,CONTACT,contact_customer_service
BSLQC,"I want to use my other user account, I need help switching them",ACCOUNT,switch_account
BL,where to download an invoice,INVOICES,get_invoice
BILC,"I bought something, can I change my order?",ORDER,change_order
BILQC,"an error pops when I try to make a payment, what should I do?",PAYMENT,payment_issue
BIML,can you tell me how to check my orders?,ORDER,track_order
BL,I want to change the information on my profile,ACCOUNT,edit_account
BILQCZ,"I have no shipping address, whjat do I haave to do to set it up?",SHIPPING,set_up_shipping_address
BILQC,"the payment didnt go through, can u help me?",PAYMENT,payment_issue
BMLQ,I want to track my shipments,ORDER,track_order
BIPLQDW,"please, could u ask an agent where to notify a fucking issue with my payment?",PAYMENT,payment_issue
BL,I want to see the free phone number of Customer Service,CONTACT,contact_customer_service
BILC,"the concert was postponed, how can I get a reimbursement?",REFUNDS,get_refund
BSLC,"i want information, i need help sending an email to customer support",CONTACT,contact_customer_service
BILQD,can u ask an agent how to inform of an issue with my payment?,PAYMENT,payment_issue
BICZ,"I lost my pasword, can you recover it?",ACCOUNT,recover_password
BILC,"I need an online account, what can I do to create one?",ACCOUNT,create_account
BML,how to notify issues with my payment,PAYMENT,payment_issue
BDZ,ask an agent how to track myorder,ORDER,track_order
BIQC,"i wanna know the status of my refund, can u help me?",REFUNDS,track_refund
BILC,"I got an error message when I tried to pay, but my card was charged anyway, what do I have to do to report it?",PAYMENT,payment_issue
BML,help me inform of issues with my payment,PAYMENT,payment_issue
BPLEQC,"i dont have a user account and i want to open one, please",ACCOUNT,create_account
BIC,"you're not helping, what do I have to do to contact a human agent?",CONTACT,contact_human_agent
BILC,"i have a question, what should i do to send an email to customer service?",CONTACT,contact_customer_service
BL,send an email to Client Service,CONTACT,contact_customer_service
BILQ,how can I cancel my account?,ACCOUNT,delete_account
BLQ,i wanna make changes to the information on my profile,ACCOUNT,edit_account
BLC,"the game was postponed, help me request a reimbursement",REFUNDS,get_refund
BILQC,"I have a problem making a payment with card, what can I do to notify it?",PAYMENT,payment_issue
BIPLD,"please, can you ask an agent to check the cancellation penalty?",CANCELLATION_FEE,check_cancellation_fee
BPMD,"please, ask an agent how i can report issues with my payment",PAYMENT,payment_issue
BISLC,"I didn't receive my bills, can you check them?",INVOICES,check_invoices
BILCZ,"my online account's been hacked, can you get  it back?",ACCOUNT,recover_password
BILQC,"i want to check my delivery, can you tell me how I can do it?",ORDER,track_order
BILC,"you're not helping, what should I do to speak with someone?",CONTACT,contact_human_agent
BILQ,where can i obtain a refund?,REFUNDS,get_refund
BIL,can you show me the mail address of the Customer Service?,CONTACT,contact_customer_service
BLC,I'm happy with the service and I want to make an opinion,FEEDBACK,review
BLCZ,"I  have a problem when trying to pay, help me report it",PAYMENT,payment_issue
BILQD,can u ask an agent where to request an invoice?,INVOICES,get_invoice
BI,can you tell me how long the delivery takes?,DELIVERY,delivery_period
BLC,the show was cancelled and I want to get a refund,REFUNDS,get_refund
BLQC,"i have a problem paying with card, inform of it",PAYMENT,payment_issue
BPLQC,ive got no online account and id like to register,ACCOUNT,create_account
BPMLQD,"please, ask an agent where I can see my bill",INVOICES,check_invoices
BICZ,"I want an account, can you create one ?",ACCOUNT,create_account
BMLQ,I want to report issues making a payment,PAYMENT,payment_issue
BIPLQWC,"I bought something, could i modify my fucking purchase, please?",ORDER,change_order
BLQ,i want to know if i can create two online accounts with the same email address,ACCOUNT,create_account
BILCZ,"I want tp make a purchase, can you help me?",ORDER,place_order
BILQC,"you arent helping, what do i have to do to talk to someone?",CONTACT,contact_human_agent
BLD,ask an agent if i can track my package,ORDER,track_order
BILC,"I want to view my bills, can you help me?",INVOICES,check_invoices
BIML,how can I see the cancellation penalties?,CANCELLATION_FEE,check_cancellation_fee
BLD,ask an agent if i can check my delivery,ORDER,track_order
BMLQD,ask an agent if i can obtain some invoices,INVOICES,get_invoice
BSLQC,"I bought something, I need help modifying my purchase",ORDER,change_order
BMSLQC,"I didn't receive my bill, I need help checking it",INVOICES,check_invoices
BILQ,can I create several user accounts with the same email?,ACCOUNT,create_account
BMLQ,I want to know if I can register more than one online account with a single email address,ACCOUNT,create_account
BIPLQD,"can u ask an agent how i could notify a payment problem, please?",PAYMENT,payment_issue
BILQD,can u ask an agent where i can delete my profile?,ACCOUNT,delete_account
BILC,"I lost my password, what should I do to retrieve it?",ACCOUNT,recover_password
BIPLEWC,"I would like information, could I send an email to fucking Customer Support?",CONTACT,contact_customer_service
BIL,can you tell me if I can create several online accounts with the same email?,ACCOUNT,create_account
BIL,can I register several profiles with the same email address?,ACCOUNT,create_account
BILQ,how can I lodge a complaint?,FEEDBACK,complaint
BILZ,can I get the trackig no for my delivery?,ORDER,track_order
BILCZ,"you aren't helping , how can I talk to a human agent?",CONTACT,contact_human_agent
BILQZ,how can I solve as problem paying?,PAYMENT,payment_issue
BML,tell me how I can request some bills,INVOICES,get_invoice
BILC,"I got an error message when I attempted to make a payment, but my card was charged anyway, how can I inform of it?",PAYMENT,payment_issue
BSLQC,"someone stole my password, I need help resetting it",ACCOUNT,recover_password
BILC,"I don't want my online account, what should I do to cancel it?",ACCOUNT,delete_account
BIL,where can I delete my profile?,ACCOUNT,delete_account
BQC,"I want a refund, get one",REFUNDS,get_refund
BSLQC,"im discontent with the service, i need help submitting a consumer complaint",FEEDBACK,complaint
BIML,can you tell me if i can register more than one profile with a single email?,ACCOUNT,create_account
BML,tell me where to check my deliveries,ORDER,track_order
BIL,what can I obtain a reimbursement for?,REFUNDS,get_refund
BILC,"the game was postponed, how do I get a refund?",REFUNDS,get_refund
BIPLQDZ,"could u ask an agent if i could cancel my online account, pleasd?",ACCOUNT,delete_account
BILCZ,"I haven't got a user account, what cqn I do?",ACCOUNT,create_account
BLQC,the show was cancelled and I want to obtain a refund,REFUNDS,get_refund
BILC,"I'm not happy with the service, how do I file a consumer complaint?",FEEDBACK,complaint
BLQC,I made a mistake and I wanna change my purchase,ORDER,change_order
BILQC,"I got an error message when I tried to make a payment, but I was charged anyway, what should I do to inform of it?",PAYMENT,payment_issue
BLQ,I want information about your money back policy,REFUNDS,check_refund_policy
BLZ,tell me how to  modify my purchase,ORDER,change_order
BILQC,"I got an error message when I attempted to make a payment, but I was charged anyway, how can I inform of it?",PAYMENT,payment_issue
BLQD,ask an agent to check the options for ticket delivery,DELIVERY,delivery_options
BL,I want to know if there is any person available,CONTACT,contact_human_agent
BLEQC,i am happy with the service and i wanna submit a review,FEEDBACK,review
BPMSL,"i need help solving issues making a payment, please",PAYMENT,payment_issue
BILCZ,"I have an issue making a payment, what do  I have to do to notify it?",PAYMENT,payment_issue
BILC,"i get an error message when i try to make a payment for my order, what can i do?",PAYMENT,payment_issue
BIPL,"could you check your money back policy, please?",REFUNDS,check_refund_policy
BQZ,i want to knolw if i can change my order,ORDER,change_order
BL,how to check the cancellation penalty,CANCELLATION_FEE,check_cancellation_fee
BSLC,"i ordered something, i need help modifying my order",ORDER,change_order
BILZ,how do i see the ticket delivery options ?,DELIVERY,delivery_options
BILQC,"im discontent with the service, what should i do to make a complaint?",FEEDBACK,complaint
BPMLQW,"please, i want to know how to know where my fucking packages are",ORDER,track_order
BILC,"I can't understand you, can you contact a human?",CONTACT,contact_human_agent
BL,i want to know if i can create two online accounts with the same email,ACCOUNT,create_account
BIQC,"i want to check my invoices, what do i have to do?",INVOICES,check_invoices
BILQC,"I got an error message when I tried to make a payment, but my card was charged anyway, how do I report it?",PAYMENT,payment_issue
BIPWC,"I want to use my other fucking account, could you change them?",ACCOUNT,switch_account
BLZ,I want o open an online account,ACCOUNT,create_account
BILC,"I can't remember my password, what do I have to do to reset it?",ACCOUNT,recover_password
BLC,"someone stole my account password, help me retrieve it",ACCOUNT,recover_password
BMSLQ,i wanna ask for information about downloading some invoices,INVOICES,get_invoice
BILCZ,"I'm hqppy with the service, what should I do to make an opinion?",FEEDBACK,review
BPLQDZ,"please , ask an agent if i could notify an issue making a payment",PAYMENT,payment_issue
BIL,can I check the ticket delivery options?,DELIVERY,delivery_options
BML,where to view the cancellation penalties,CANCELLATION_FEE,check_cancellation_fee
BILC,"I ordered something, what do I have to do to modify my purchase?",ORDER,change_order
BILC,"I have an issue when trying to pay for my online order, what should I do?",PAYMENT,payment_issue
BIPLDZ,"could you ask an agentif I can create a user account, please?",ACCOUNT,create_account
BISLZ,what can you tell me aboutt changing my purchase?,ORDER,change_order
BILC,"I want to view the status of my reimbursement, what can I do?",REFUNDS,track_refund
BILC,"someone stole my password, what do I have to do to retrieve it?",ACCOUNT,recover_password
BILQC,"I bought something, what can i do to modify my order?",ORDER,change_order
BIQWC,"I have no fucking account, how do I create one?",ACCOUNT,create_account
BILCZ,"I want to ssee your money back policy, what should I do?",REFUNDS,check_refund_policy
BILQC,"my account's been hacked, what can I do to recover it?",ACCOUNT,recover_password
BL,how to send an email to customer service,CONTACT,contact_customer_service
BPLEC,"I have a problem when trying to pay and I would like to report it, please",PAYMENT,payment_issue
BILQ,how can I retrieve my account password?,ACCOUNT,recover_password
BIPLD,could you ask an agent if I could close my account?,ACCOUNT,delete_account
BLCZ,"i got an reror mesage when i attempted to pay, but i was charged anyway and i want to notify it",PAYMENT,payment_issue
BIC,"I lost my password, can you help me?",ACCOUNT,recover_password
BIPL,"can you tell me the mail to contact Client Service, please?",CONTACT,contact_customer_service
BLCZ,"I want to change my purchase , tell me how to do it",ORDER,change_order
BIPLQD,could u ask an agent how to delete my profile?,ACCOUNT,delete_account
BILC,"I got an error message when I attempted to pay, but I was charged anyway, can you notify it?",PAYMENT,payment_issue
BLQC,I forgot my account password and I want to recover it,ACCOUNT,recover_password
BILC,"I have a problem when trying to make a payment with card, can I inform of it?",PAYMENT,payment_issue
BILQC,"I have an issue paying for my online order, how can I inform of it?",PAYMENT,payment_issue
BIMSLQCZ,"I lost my bill , can I see it?",INVOICES,check_invoices
BLCZ,"I have a problem paying for my  online order, report it",PAYMENT,payment_issue
BILQC,"I want to use my other user account, how can I change them?",ACCOUNT,switch_account
BLQC,i bought something and I wanna change my order,ORDER,change_order
BMSLZ,information about getting some bils,INVOICES,get_invoice
BILQ,can you tell me if I can create two user accounts with the same email?,ACCOUNT,create_account
BILQ,where do i see your payment options?,PAYMENT,check_payment_methods
BIMLQZ,can I report payment problems ?,PAYMENT,payment_issue
BILC,"I need information, can I talk to Customer Support?",CONTACT,contact_customer_service
BILQC,"the show was cancelled, what can i do to request a reimbursement?",REFUNDS,get_refund
BIMLQ,how can i solve issues making a payment?,PAYMENT,payment_issue
BIMLQ,can you tell me if I can register more than one user account with the same email address?,ACCOUNT,create_account
BIPLW,"could you tell me if I could create two fucking accounts with the same email, please?",ACCOUNT,create_account
BLEQC,u are not helping and i want to talk to a person,CONTACT,contact_human_agent
BILQC,"my profile was hacked, what should I do to get it back?",ACCOUNT,recover_password
BILQC,"I need information, how can I call Client Service?",CONTACT,contact_customer_service
BIPLQCZ,"I want to track my reimbursemennt, what can I do, please?",REFUNDS,track_refund
BLQC,"I want information, speak with Client Service",CONTACT,contact_customer_service
BIMSLC,"I didn't receive my bill, can I view it?",INVOICES,check_invoices
BPQ,"I'd like to get an invoice, can you give me some information?",INVOICES,get_invoice
BL,help me view the cancellation penalty,CANCELLATION_FEE,check_cancellation_fee
BILQC,"i ordered a product, can I change my order?",ORDER,change_order
BIQC,"i got an error when i tried to pay, but i was charged anyway, can i report it?",PAYMENT,payment_issue
BIC,"I changed my mind, how do I delete my account?",ACCOUNT,delete_account
BPLQC,"i got an error when i tried to make a payment, but my card was charged anyway and id like to inform of it, please",PAYMENT,payment_issue
BIL,how do I delete my online account?,ACCOUNT,delete_account
BPMLZ,"please, tell me if I can register more than one user account with an single emai",ACCOUNT,create_account
BIL,can I create several profiles with the same email address?,ACCOUNT,create_account
BIQ,how can I check the options for delivery?,DELIVERY,delivery_options
BSL,i need help leaving an opinion,FEEDBACK,review
BIPMLW,"please, could you tell me if I could create more than one fucking account with the same email address?",ACCOUNT,create_account
BIMQD,can u ask an agent about my invoice?,INVOICES,check_invoices
BSLQC,"i changed my mind, i need help removing my user account",ACCOUNT,delete_account
BIQC,"i need an account, how can i create one?",ACCOUNT,create_account
BILEQC,"u are not helping, what can i do to speak with someone?",CONTACT,contact_human_agent
BIM,is it possible to get some invoices?,INVOICES,get_invoice
BILQC,"the show was postponed, how do I request a refund?",REFUNDS,get_refund
BIMLQ,can I create more than one online account with a single email address?,ACCOUNT,create_account
BILQC,"I forgot my account password, how do I recover it?",ACCOUNT,recover_password
BILC,"I'm happy with the service, can I lodge a comment?",FEEDBACK,review
BILQW,where do i notify a fucking problem with my payment?,PAYMENT,payment_issue
BILQC,"I got an error message when I attempted to pay, but I was charged anyway, what can I do to report it?",PAYMENT,payment_issue
BD,ask an agent how i can file a complaint,FEEDBACK,complaint
BILC,"I want to request a reimbursement, can you help me?",REFUNDS,get_refund
BIMSLQCZ,"I didn't receive my invooce, what should I do to view it ?",INVOICES,check_invoices
BILCZ,"I've got no account , can I register?",ACCOUNT,create_account
BL,i want to see the mail to contact client service,CONTACT,contact_customer_service
BMSZ,I need help trackign y orders,ORDER,track_order
BILQCZ,"i dont understand you, what do i have to do to speak withsomeone?",CONTACT,contact_human_agent
BILQC,"the game was postponed, what can I do to obtain a reimbursement?",REFUNDS,get_refund
BIL,can you show me the status of my refund?,REFUNDS,track_refund
BLQCZ,"I want to modify myorder , tell me where to do it",ORDER,change_order
BPLEC,I am happy with the service and I would like to make an opinion,FEEDBACK,review
BIL,can you tell me if my shipment is out for delivery?,ORDER,track_order
BSLEQC,"i am happy with the service, i need help filing a comment",FEEDBACK,review
BIL,can you tell me where to download an invoice?,INVOICES,get_invoice
BILC,"I get an error when I attempt to make a payment for my order, what do I have to do?",PAYMENT,payment_issue
BPMQD,"please, ask an agent to show me information about my invoice",INVOICES,check_invoices
BILCZ,"I'm discontent with the service, what should I do to make an consumer complaint?",FEEDBACK,complaint
BILQCZ,"I need a usre account, what do I have to do to create one ?",ACCOUNT,create_account
BLQ,i wanna know how I can check my package,ORDER,track_order
BLQC,"I got an error message when I attempted to pay, but my card was charged anyway, help me notify it",PAYMENT,payment_issue
BIL,how do I report a problem paying?,PAYMENT,payment_issue
BILQC,"I lost my password, what can I do to retrieve it?",ACCOUNT,recover_password
BPLDW,"please, ask an agent where to file a fucking consumer complaint",FEEDBACK,complaint
BLD,ask an agent for information about their payment options,PAYMENT,check_payment_methods
BPLQWC,"the fucking event was postponed and id like to obtain a refund, please",REFUNDS,get_refund
BL,tell me if I can create several online accounts with a single email,ACCOUNT,create_account
BL,I want to know where to request an invoice,INVOICES,get_invoice
BSLQC,"I need an online account, I need help opening one",ACCOUNT,create_account
BLC,I forgot my password and I want to reset it,ACCOUNT,recover_password
BILC,"I want to see the status of my refund, what should I do?",REFUNDS,track_refund
BLQC,"I changed my mind, help me remove my online account",ACCOUNT,delete_account
BILQC,"i havent got a profile, what should i do to create one?",ACCOUNT,create_account
BLC,I don't like the service and I want to file a consumer complaint,FEEDBACK,complaint
BLC,"I don't have an online account, open one",ACCOUNT,create_account
BPEQD,"please, ask an agent if there is a newsletter i could subscribe to",NEWSLETTER,newsletter_subscription
BILW,what are your fucking payment options?,PAYMENT,check_payment_methods
BILC,"I can't understand you, what do I have to do to contact a person?",CONTACT,contact_human_agent
BILQC,"i got an error message when i tried to pay, but i was charged anyway, what can i do to inform of it?",PAYMENT,payment_issue
BML,send me some bills,INVOICES,get_invoice
BILZ,where do I close my online account ?,ACCOUNT,delete_account
BLQ,I want to lodge a complaint,FEEDBACK,complaint
BIPLQDZ,"please, can u ask an agent where to view the status of my eefund?",REFUNDS,track_refund
BLZ,I need information about your payment option,PAYMENT,check_payment_methods
BIQDZ,can u ask an agent how to set up my shiping address?,SHIPPING,set_up_shipping_address
BILQDZ,can you ask an agent how I can get a ibll?,INVOICES,get_invoice
BILZ,can you tell me where I cantrack my package?,ORDER,track_order
BILQ,where do I inform of a problem with my payment?,PAYMENT,payment_issue
BIL,can you tell me how I can download a bill?,INVOICES,get_invoice
BQCZ,"i want a refund, help me egt one",REFUNDS,get_refund
BILC,"I have a problem when trying to make a payment with card, how can I report it?",PAYMENT,payment_issue
BLC,I have an issue paying for my order and I want to notify it,PAYMENT,payment_issue
BILC,"I want to submit an opinion for a service, what do I have to do?",FEEDBACK,review
BILQC,"i have an issue paying for my order, what do i have to do to notify it?",PAYMENT,payment_issue
BILC,"I'm happy with the service, what do I have to do to submit an opinion?",FEEDBACK,review
BILC,"I've got no online account, what can I do?",ACCOUNT,create_account
BIPLWC,"I don't want my fucking account, can you cancel it, please?",ACCOUNT,delete_account
BILQCZ,"i dont understand you, how can i speak with a person ?",CONTACT,contact_human_agent
BPLC,"I'm interested in your money back guarantee, tell me about it, please",REFUNDS,check_refund_policy
BLQD,ask an agent where to see the options for ticket delivery,DELIVERY,delivery_options
BLQ,I want information about the email of the Customer Service,CONTACT,contact_customer_service
B,I have registration problems,ACCOUNT,registration_problems
BIC,"my account was hacked, can you help me?",ACCOUNT,recover_password
BILC,"I need information, what do I have to do to talk to Client Service?",CONTACT,contact_customer_service
BSLC,"I'm not happy with the service, I need help submitting a complaint",FEEDBACK,complaint
BILQ,where do I see your payment options?,PAYMENT,check_payment_methods
BILQCZ,"i wanna submit an opinion, can uu help me?",FEEDBACK,review
BIMLC,"i want to view cancellation penalties, what can i do?",CANCELLATION_FEE,check_cancellation_fee
BILQ,can I report an issue making a payment?,PAYMENT,payment_issue
BILC,"the game was cancelled, how can I obtain a reimbursement?",REFUNDS,get_refund
BPMLQW,"I want to know how to get some fucking bills, please",INVOICES,get_invoice
BILC,"my user account's been hacked, how can I recover it?",ACCOUNT,recover_password
BIPDW,"can you ask an agent where I can check the status of my fucking order, please?",ORDER,track_order
BPLQW,"I wanna know how I can obtain a fucking invoice, please",INVOICES,get_invoice
BILQC,"an error message pops when i attempt to pay for my online order, what do i have to do?",PAYMENT,payment_issue
BILCZ,"I ca't remember my password, can I retrieveit?",ACCOUNT,recover_password
BSLC,"I ordered a product, I need help changing my order",ORDER,change_order
BMLQ,I want to know if I can request some bills,INVOICES,get_invoice
BQC,"I want to subscribe to the newsletter, can you give me some information?",NEWSLETTER,newsletter_subscription
BSL,I want to know about modifying my purchase,ORDER,change_order
BIPLEC,"I would like a refund, can I obtain one?",REFUNDS,get_refund
BILQC,"i get an error message when i attempt to pay for my online order, can u help me?",PAYMENT,payment_issue
BLQC,"i cant understand you, speak with a human agent",CONTACT,contact_human_agent
BILQ,whats the free phone number to contact client service?,CONTACT,contact_customer_service
BILQW,can I register several fucking user accounts with the same email?,ACCOUNT,create_account
BILQD,can u ask an agent how i can obtain a refund?,REFUNDS,get_refund
BILC,"the show was postponed, what do I have to do to request a reimbursement?",REFUNDS,get_refund
BLQC,"I have an issue making a payment, report it",PAYMENT,payment_issue
BIPLD,"please, can you ask an agent where I can modify my shipping address?",SHIPPING,change_shipping_address
BM,tell me how to know where my orders are,ORDER,track_order
BILC,"the concert was postponed, what can I do to get a refund?",REFUNDS,get_refund
BLQ,I forgot my account password,ACCOUNT,recover_password
BILC,"the concert was postponed, how can I get a refund?",REFUNDS,get_refund
B,I have problems registering,ACCOUNT,registration_problems
BIL,can I create several accounts with a single email?,ACCOUNT,create_account
BILQC,"i wanna submit a consumer complaint, what should i do?",FEEDBACK,complaint
BILC,"i get an error when i attempt to make a payment for my order, what do i have to do?",PAYMENT,payment_issue
BILC,"i have an issue when trying to make a payment with card, how can i notify it?",PAYMENT,payment_issue
BLC,"you aren't helping, speak with a person",CONTACT,contact_human_agent
BILQC,"i have no user account, how can i open one?",ACCOUNT,create_account
BIL,how can I speak with a human agent?,CONTACT,contact_human_agent
BILC,"the show was cancelled, can you help me?",REFUNDS,get_refund
BLQ,i want to know where to download a bill,INVOICES,get_invoice
BMLZ,tell me were to track my deliveries,ORDER,track_order
BILCZ,"I want to inform of a problem with my payment, what do I havr to do?",PAYMENT,payment_issue
BILC,"I don't like the service, what do I have to do to lodge a consumer complaint?",FEEDBACK,complaint
BQCZ,"I got an error wnen I tried to pay, but I was charged amyway",PAYMENT,payment_issue
BSLC,"I'm discontent with the service, I need help lodging a consumer complaint",FEEDBACK,complaint
BIML,can you tell me where I can check my orders?,ORDER,track_order
BLC,"you aren't helping, talk to a person",CONTACT,contact_human_agent
BIC,"I don't understand you, can I contact a human agent?",CONTACT,contact_human_agent
BLC,I don't like the service and I want to submit a consumer complaint,FEEDBACK,complaint
BIMLQ,"I want to see some invoices, can you tell me how to do it?",INVOICES,get_invoice
BL,where to change to another profile,ACCOUNT,switch_account
BML,I want to know where to track my shipments,ORDER,track_order
BL,I want to track my delivery,ORDER,track_order
BILQC,"I have a problem when trying to pay with card, can I notify it?",PAYMENT,payment_issue
BQ,i wanna create an account,ACCOUNT,create_account
BIPLDWZ,"could you ask an agent if I could solve a fucking problrm paying, please?",PAYMENT,payment_issue
BILQ,can u show me the mail to contact customer service?,CONTACT,contact_customer_service
BILQD,can u ask an agent where to lodge a consumer complaint for a service?,FEEDBACK,complaint
BIZ,how canI solve a payment issue ?,PAYMENT,payment_issue
BI,how do I check the status of my order?,ORDER,track_order
BISQC,"I lost my invoices, how do I check them?",INVOICES,check_invoices
BILC,"I have a problem paying for my online order, how can I inform of it?",PAYMENT,payment_issue
BPLDWZ,"please, ask an agent how i could inform of an fucking problem paying",PAYMENT,payment_issue
BILC,"I'm happy with the service, what can I do to file an opinion?",FEEDBACK,review
BSLQC,I lost my bills and I want to see them,INVOICES,check_invoices
BMLZ,where to see my bgill,INVOICES,check_invoices
B,help me check the cancellation fee,CANCELLATION_FEE,check_cancellation_fee
BILQC,"I get an error message when I try to pay, what should I do?",PAYMENT,payment_issue
BIML,"I want to obtain some invoices, can you tell me how to do it?",INVOICES,get_invoice
BIC,"I haven't got an account, what can I do?",ACCOUNT,create_account
BML,"i want to see some bills, tell me how I can do it",INVOICES,get_invoice
BIMLQD,can you ask an agent if I can obtain some invoices?,INVOICES,get_invoice
BPLQWC,"i cant understand you and i wanna speak with a fucking human agent, please",CONTACT,contact_human_agent
BLQ,i wanna know if i can register two profiles with the same email,ACCOUNT,create_account
BILQC,"I want to retrieve my account password, what can I do?",ACCOUNT,recover_password
BILC,"I don't want my user account, can you cancel it?",ACCOUNT,delete_account
BLC,I don't know anything about your reimbursement policy and I want to know about it,REFUNDS,check_refund_policy
BILQ,how can I see your refund policy?,REFUNDS,check_refund_policy
BLC,I lost my account password and I want to reset it,ACCOUNT,recover_password
BILQ,can I make changes to the information on my profile?,ACCOUNT,edit_account
BIPMLQD,could u ask an agent if i can solve problems paying?,PAYMENT,payment_issue
BL,help me open an online account,ACCOUNT,create_account
BILQC,"I have a problem when trying to pay for my online order, what should I do?",PAYMENT,payment_issue
BIMQZ,can i check the cancellation fees ?,CANCELLATION_FEE,check_cancellation_fee
BILQC,"I want information, what should I do to talk to Customer Service?",CONTACT,contact_customer_service
BIL,can I speak with a human agent?,CONTACT,contact_human_agent
BILQC,"an error pops when I attempt to make a payment with card, what do I have to do?",PAYMENT,payment_issue
BLC,"the show was postponed, request a refund",REFUNDS,get_refund
BILQC,"I ordered a product, what do I have to do to modify my order?",ORDER,change_order
BIPLC,"i want information, how could i call client service?",CONTACT,contact_customer_service
BILC,"I want to make a consumer complaint, what do I have to do?",FEEDBACK,complaint
BIL,can you show me information about the email of the Customer Service?,CONTACT,contact_customer_service
BLZ,tell me if I cann register two profiles with a single email address,ACCOUNT,create_account
BIPL,"i'd like to see a bill, can you tell me where to do it, please?",INVOICES,get_invoice
BILC,"I need an online account, what should I do to create one?",ACCOUNT,create_account
BILQC,"I have no online account, can I create one?",ACCOUNT,create_account
BILQCZ,"i discontent with the serviice, what do i have to do to lodge a complaint?",FEEDBACK,complaint
BILCZ,"the concert was cancelled, can I request an refund?",REFUNDS,get_refund
BPMLQ,"please, I want to know how to obtain some invoices",INVOICES,get_invoice
BILC,"I don't want my user account, how can I delete it?",ACCOUNT,delete_account
BLC,"the show was postponed, help me request a reimbursement",REFUNDS,get_refund
BSLC,"I don't like the service, I need help submitting a consumer complaint",FEEDBACK,complaint
BLZ,I wanty to kknow how I can check my order,ORDER,track_order
BPLC,"i got an error when i attempted to make a payment, but my card was charged anyway, i need help notifying it, please",PAYMENT,payment_issue
BL,where to check my delivery,ORDER,track_order
BISQC,"i didn't receive my invoices, can u check them?",INVOICES,check_invoices
BILQZ,where do I check mydelivery?,ORDER,track_order
BILQC,"I got an error when I attempted to make a payment, but my card was charged anyway, how can I notify it?",PAYMENT,payment_issue
BILQCZ,"ive got no user account, how can i create one ?",ACCOUNT,create_account
BMQZ,I want to know how  to track my orders,ORDER,track_order
BILC,"I can't remember my password, what should I do to reset it?",ACCOUNT,recover_password
BILQC,"i changed my mind, can i close my profile?",ACCOUNT,delete_account
BLQ,show me the email address to contact Customer Support,CONTACT,contact_customer_service
BILC,"I lost my password, can you reset it?",ACCOUNT,recover_password
BIC,"my account was hacked, what can I do to recover it?",ACCOUNT,recover_password
BLC,"I have a problem when trying to pay, I need help notifying it",PAYMENT,payment_issue
BSLC,"I purchased something, I need help changing my order",ORDER,change_order
BMSC,I didn't receive my invoice and I want to check it,INVOICES,check_invoices
BSL,I need help seeing my bills,INVOICES,check_invoices
BILC,"I bought a product, what do I have to do to change my order?",ORDER,change_order
BILQ,how can I open an online account?,ACCOUNT,create_account
BLC,I don't understand you and I want to speak with someone,CONTACT,contact_human_agent
BMLQ,i want to request some invoices,INVOICES,get_invoice
BILC,"I want to know the status of my reimbursement, what do I have to do?",REFUNDS,track_refund
BIPLEWC,"I would like a fucking profile, what should I do?",ACCOUNT,create_account
BQ,I want to know how I can change my order,ORDER,change_order
BIL,how do I track my purchase?,ORDER,track_order
BILQ,where can I switch to another online account?,ACCOUNT,switch_account
BL,where to check the cancellation penalty,CANCELLATION_FEE,check_cancellation_fee
BLQDZ,ask an agent what the email address to contacxt customer support is,CONTACT,contact_customer_service
BPLD,"please, ask an agent where i can notify an issue with my payment",PAYMENT,payment_issue
BIPC,"I haven't got an account, could you create one?",ACCOUNT,create_account
BMLQ,I want to download some bills,INVOICES,get_invoice
BIQD,can u ask an agent how to track my refund?,REFUNDS,track_refund
BILQDZ,can u ask an agent how i can report an isue making a payment?,PAYMENT,payment_issue
BIQD,can u ask an agent if i can solve an issue with my payment?,PAYMENT,payment_issue
BL,how to obtain an invoice,INVOICES,get_invoice
BIM,can you tell me if I get a full refund in case I cancel my tickets?,REFUNDS,check_refund_policy
BLQ,tell me if i can change my purchase,ORDER,change_order
BIL,what's the email address of Client Service?,CONTACT,contact_customer_service
BILC,"I don't have a user account, what can I do to create one?",ACCOUNT,create_account
BIQCZ,"I got an error when I tried to pay, but my card was charged anywaay, what can I do to report it?",PAYMENT,payment_issue
BILQD,can u ask an agent how to create a profile?,ACCOUNT,create_account
BI,can i report a payment issue?,PAYMENT,payment_issue
BLQ,"I wanna see a bill, can you give me some information?",INVOICES,get_invoice
BILC,"I don't want my user account, can I close it?",ACCOUNT,delete_account
BLC,"I'm happy with the service, lodge a comment",FEEDBACK,review
BILQC,"i wanna open a user account, what do i have to do?",ACCOUNT,create_account
BLQ,"I want to see an invoice, can you show me some information?",INVOICES,get_invoice
BIML,where can I check my orders?,ORDER,track_order
BILC,"I want to use my other user account, can you switch them?",ACCOUNT,switch_account
BIL,can you give me information about the mail of the Client Service?,CONTACT,contact_customer_service
BLZ,how to switch to anoher online account,ACCOUNT,switch_account
BILQC,"the event was postponed, what can I do to obtain a reimbursement?",REFUNDS,get_refund
BIL,can I have more than one user account?,ACCOUNT,create_account
BQ,I want to know how long the delivery takes,DELIVERY,delivery_period
BIPMLD,"please, can you ask an agent how I can check my bill?",INVOICES,check_invoices
BIPQD,could u ask an agent if i can check their payment methods?,PAYMENT,check_payment_methods
BSLQ,I need help filing a consumer complaint,FEEDBACK,complaint
BL,tell me what the free number to contact Customer Service is,CONTACT,contact_customer_service
BL,where to leave an opinion,FEEDBACK,review
BIQC,"i want an account, can u create one?",ACCOUNT,create_account
BIML,can you tell me if I can create more than one user account with the same email?,ACCOUNT,create_account
BIPLC,"I got an error message when I attempted to make a payment, but I was charged anyway, can you inform of it, please?",PAYMENT,payment_issue
BILC,"I don't like the service, what do I have to do to submit a consumer complaint?",FEEDBACK,complaint
BLQ,show me the number of customer support,CONTACT,contact_customer_service
BILC,"I want to file a consumer complaint, what do I have to do?",FEEDBACK,complaint
BMSLD,ask an agent for information about downloading some bills,INVOICES,get_invoice
BILCZ,"I'm happy with the sevice, can I lodge a review?",FEEDBACK,review
BLQ,I want to request a bill,INVOICES,get_invoice
BIL,how do I inform of an issue making a payment?,PAYMENT,payment_issue
BILW,can you show me the fucking free phone number of Customer Support?,CONTACT,contact_customer_service
BILC,"I have a problem paying for my order, what should I do to notify it?",PAYMENT,payment_issue
BILC,"I want information, what can I do to speak with Customer Service?",CONTACT,contact_customer_service
BILCZ,"I have a problem making a payment , how can I report it?",PAYMENT,payment_issue
BPSLQW,"i need help removing my fucking user account, please",ACCOUNT,delete_account
BQ,i want information about the delivery period for my ticket,DELIVERY,delivery_period
BILC,"I want to register, can you help me?",ACCOUNT,create_account
BLC,"the concert was cancelled, obtain a refund",REFUNDS,get_refund
BIL,where can I change my purchase?,ORDER,change_order
BLQC,i have a problem paying for my order and i want to inform of it,PAYMENT,payment_issue
BL,tell me what the mail to contact Customer Service is,CONTACT,contact_customer_service
BMDZ,ask an agent where  i can check my invoice,INVOICES,check_invoices
BML,check my packages,ORDER,track_order
BILQ,where do i report an issue making a payment?,PAYMENT,payment_issue
BILC,"I have a problem when trying to pay for my online order, what do I have to do to inform of it?",PAYMENT,payment_issue
BLC,"I'm happy with the service, help me submit a comment",FEEDBACK,review
BIMSLCZ,"I lost my bill, ohw do I check it?",INVOICES,check_invoices
BL,help me leave an opinion for a service,FEEDBACK,review
BPMLQD,ask an agent how i could solve payment problems,PAYMENT,payment_issue
BILQ,can u give me information about the mail address to contact Customer Service?,CONTACT,contact_customer_service
BIC,"I forgot my password, what do I have to do to recover it?",ACCOUNT,recover_password
BLC,"I got an error message when I tried to pay, but I was charged anyway, help me notify it",PAYMENT,payment_issue
BLC,I need a user account and I want to create one,ACCOUNT,create_account
BILQ,where can I lodge a complaint?,FEEDBACK,complaint
BILC,"I have no user account, what should I do?",ACCOUNT,create_account
BMLQ,I want to know how to obtain some bills,INVOICES,get_invoice
BLQC,"I have an issue paying for my order, I need help notifying it",PAYMENT,payment_issue
BSLQ,i need help registering,ACCOUNT,create_account
BILQWC,"i want information, can u call fucking customer support?",CONTACT,contact_customer_service
BISLC,"I lost my bills, what should I do to view them?",INVOICES,check_invoices
BLC,I want a user account and I want to open one,ACCOUNT,create_account
BMLQZ,i want toknow if i can request some invoices,INVOICES,get_invoice
BLQDZ,ask an gaent how i can report a problem with my payment,PAYMENT,payment_issue
BIQC,"I get an error when I try to pay for my order, what can I do?",PAYMENT,payment_issue
BPMLQ,id like to solve issues making a payment,PAYMENT,payment_issue
BIQC,"I have an issue when trying to pay with card, can I report it?",PAYMENT,payment_issue
BML,I had a problem while creating an account,ACCOUNT,registration_problems
BLC,"I want to use my other user account, help me switch them",ACCOUNT,switch_account
BIL,can you tell me if I can create several profiles with the same email?,ACCOUNT,create_account
BILQ,can you tell me the number of Client Service?,CONTACT,contact_customer_service
BILC,"my user account's been hacked, what should I do?",ACCOUNT,recover_password
BSLC,"you're not helping, I need help speaking with someone",CONTACT,contact_human_agent
BIMSLQC,"i can't find my invoice, what should i do to view it?",INVOICES,check_invoices
BL,tell me how to request a bill,INVOICES,get_invoice
BILQC,"I want a user account, what should I do to open one?",ACCOUNT,create_account
BIMLZ,where do I see the caqncellation fees?,CANCELLATION_FEE,check_cancellation_fee
BIL,where can I remove my account?,ACCOUNT,delete_account
BML,tell me if I can have several profiles,ACCOUNT,create_account
BILQC,"I want to track my delivery, can you tell me where to do it?",ORDER,track_order
BMSL,I want to ask for information about getting some bills,INVOICES,get_invoice
BL,where to change to another user account,ACCOUNT,switch_account
BIQCZ,"i want to solve an payment issue, whazt can i do?",PAYMENT,payment_issue
BILC,"I want to check my shipment, can you tell me where I can do it?",ORDER,track_order
BILCZ,"I have an isue paying with card, how do I notify it?",PAYMENT,payment_issue
BILQC,"I bought something, what should I do to modify my purchase?",ORDER,change_order
BIPLEWC,"I do not have a fucking shipping address, how could I set it up?",SHIPPING,set_up_shipping_address
BLQC,"I got an error message when I attempted to pay, but I was charged anyway, I need help notifying it",PAYMENT,payment_issue
BLC,i have a problem making a payment and i want to notify it,PAYMENT,payment_issue
BIM,can I own several accounts?,ACCOUNT,create_account
BIL,can you tell me the email of Customer Service?,CONTACT,contact_customer_service
BILC,"the game was postponed, how can I get a refund?",REFUNDS,get_refund
B,tell me what the email address of Customer Service is,CONTACT,contact_customer_service
BLQCZ,"i dont want my profole, cancel it",ACCOUNT,delete_account
BML,how to check my orders,ORDER,track_order
BLDZ,ask an agent where to file aconsumer complaint for a service,FEEDBACK,complaint
BIPLQDWZ,"please, could u ask an agent how to ese the fucking status of my refund?",REFUNDS,track_refund
BLQZ,I want to know what the free no to contact Customer Service is,CONTACT,contact_customer_service
BILQ,can I register two online accounts with a single email address?,ACCOUNT,create_account
BLQC,I purchased an item and I want to modify my order,ORDER,change_order
BL,send me a bill,INVOICES,get_invoice
BIMLQ,how do I notify problems making a payment?,PAYMENT,payment_issue
BLZ,how to viwe your refund policy,REFUNDS,check_refund_policy
BLWC,you aren't helping and I want to speak with a fucking human agent,CONTACT,contact_human_agent
BILCZ,"I changed ym mind, can you cancel my account?",ACCOUNT,delete_account
BIML,how do I check the cancellation penalties?,CANCELLATION_FEE,check_cancellation_fee
BICZ,"I want to check the status of my refund, can you help me ?",REFUNDS,track_refund
BIPLQD,"can u ask an agent how i could view their payment methods, please?",PAYMENT,check_payment_methods
BILC,"an error pops when i attempt to make a payment for my online order, what do i have to do?",PAYMENT,payment_issue
BILQDZ,cam u ask an agent if i can see their money back guarantee?,REFUNDS,check_refund_policy
BIL,where do I view the cancellation penalty?,CANCELLATION_FEE,check_cancellation_fee
BSLC,"I don't like the service, I need help filing a consumer complaint",FEEDBACK,complaint
BLQZ,i wanna kow where I can check my delivery,ORDER,track_order
BLD,ask an agent what the mail to contact customer service is,CONTACT,contact_customer_service
BLQ,I want to view the status of my purchase,ORDER,track_order
BILQC,"i want to use my other user account, what should i do to change them?",ACCOUNT,switch_account
BIPSLQC,"i lost my invoices, can u show them, please?",INVOICES,check_invoices
BLC,I need an account and I want to open one,ACCOUNT,create_account
BILC,"I've got no online account, what should I do to register?",ACCOUNT,create_account
BILC,"the concert was postponed, what should I do to obtain a refund?",REFUNDS,get_refund
BSLC,"I have no user account, I need help registering",ACCOUNT,create_account
BILQC,"I want to view the status of my purchase, what should I do?",ORDER,track_order
BILQCZ,"the show was postponed, howcan I obtain a reimbursement?",REFUNDS,get_refund
BSL,I need help solving an issue making a payment,PAYMENT,payment_issue
BIL,how can I make a consumer complaint for a service?,FEEDBACK,complaint
BSLC,"I bought a product, I need help changing my order",ORDER,change_order
BSLQZ,I want to ask for infofmation about getting an invoice,INVOICES,get_invoice
BLQC,I have no online account and I want to register,ACCOUNT,create_account
BILQCZ,"I hjave no online account, what should I do to create one?",ACCOUNT,create_account
BILC,"an error pops when I try to make a payment for my order, can you help me?",PAYMENT,payment_issue
BILQC,"the show was postponed, what should i do to obtain a reimbursement?",REFUNDS,get_refund
BILQC,"I have a problem making a payment with card, can I notify it?",PAYMENT,payment_issue
BIL,can you download an invoice?,INVOICES,get_invoice
BLQC,"i have a problem making a payment with card, report it",PAYMENT,payment_issue
BIC,"you aren't helping, how can I contact a human agent?",CONTACT,contact_human_agent
BILC,"someone stole my account password, what can I do to retrieve it?",ACCOUNT,recover_password
BMSL,I want to know something about downloading some invoices,INVOICES,get_invoice
BIL,can you show me the free phone number to contact Customer Service?,CONTACT,contact_customer_service
BILC,"I need information, what do I have to do to speak with Customer Service?",CONTACT,contact_customer_service
BLQZ,tell meif I can modify my purchase,ORDER,change_order
BML,how to notify payment problems,PAYMENT,payment_issue
BPLD,ask an agent if I could recover my account password,ACCOUNT,recover_password
BILCZ,"I hyave no user account, can you craete one?",ACCOUNT,create_account
BILC,"I want information, what can I do to talk to Customer Support?",CONTACT,contact_customer_service
BILC,"I want to use my other user account, how do I switch them?",ACCOUNT,switch_account
BILC,"I have an issue making a payment with card, can you inform of it?",PAYMENT,payment_issue
BMLQD,ask an agent if i can obtain some invoices,INVOICES,get_invoice
BIPLQD,"can u ask an agent how to send an email to customer service, please?",CONTACT,contact_customer_service
BPLQ,i want to know if i could register several accounts with a single email address,ACCOUNT,create_account
BILC,"I want to view the status of my reimbursement, what should I do?",REFUNDS,track_refund
BILQC,"my account's been hacked, what do i have to do to get it back?",ACCOUNT,recover_password
BIQC,"I have a question, how do I contact Customer Service?",CONTACT,contact_customer_service
BLQ,I want to see the status of my order,ORDER,track_order
BLQD,ask an agent if there is a free phone number to contact client service,CONTACT,contact_customer_service
BILQC,"i want to inform of a problem making a payment, what do i have to do?",PAYMENT,payment_issue
BIL,can you tell me if I can make a payment with Amex?,PAYMENT,check_payment_methods
BIPL,could i register several profiles with a single email address?,ACCOUNT,create_account
BIL,how can I write a comment?,FEEDBACK,review
B,help me contact a human agent,CONTACT,contact_human_agent
BSLQ,i need help informing of an issue making a payment,PAYMENT,payment_issue
BIPQ,"please, could you tell me if theres a newsletter I can subscribe to?",NEWSLETTER,newsletter_subscription
BIL,how can I see the options for ticket delivery?,DELIVERY,delivery_options
BILC,"I changed my mind, can I remove my online account?",ACCOUNT,delete_account
BILCZ,"I watn to reset my account password, what can I do?",ACCOUNT,recover_password
BILC,"I want to see my invoices, what should I do?",INVOICES,check_invoices
BILQD,can u ask an agent how to check the cancellation penalty?,CANCELLATION_FEE,check_cancellation_fee
BL,I want to know how to track my package,ORDER,track_order
BILCZ,"the show was postponed, can I obgain a reimbursement?",REFUNDS,get_refund
BIL,can I write a review?,FEEDBACK,review
BILC,"I changed my mind, what can I do to remove my user account?",ACCOUNT,delete_account
BILQZ,can you tell me what  the phone no to contact Client Service is?,CONTACT,contact_customer_service
BILQCZ,"I bought somethikng, how can I change my order?",ORDER,change_order
BIPMLQD,could u ask an agent if i can check my bill?,INVOICES,check_invoices
BILQC,"I have an issue when trying to pay for my order, how do I notify it?",PAYMENT,payment_issue
BILC,"I haven't got an online account, what should I do to register?",ACCOUNT,create_account
BMLQC,"I want to check my packages, tell me how I can do it",ORDER,track_order
BLQC,"i got an error when i attempted to make a payment, but my card was charged anyway, i need help notifying it",PAYMENT,payment_issue
BMLQ,I want to know if I can create more than one account with the same email address,ACCOUNT,create_account
BIC,"I need information, can you contact Customer Service?",CONTACT,contact_customer_service
BIPD,could you ask an agent where I can change my order?,ORDER,change_order
BZ,I didn't get an paymentconfirmation,PAYMENT,payment_issue
BILQC,"I ordered something, how do I modify my order?",ORDER,change_order
BILQC,"you arent helping, how can i talk to a human agent?",CONTACT,contact_human_agent
BPLWC,"someone stole my fucking password, retrieve it, please",ACCOUNT,recover_password
BMLQ,I want to know if my orders are on their way,ORDER,track_order
BIC,"I'm happy with the service, what should I do to file a review?",FEEDBACK,review
BILC,"I got an error message when I tried to pay, but I was charged anyway, can you inform of it?",PAYMENT,payment_issue
BILC,"I want to cancel my user account, how can I do it?",ACCOUNT,delete_account
BPLQC,"im not happy with the service, make a complaint, please",FEEDBACK,complaint
BQ,i need information about your payment methods,PAYMENT,check_payment_methods
BIML,how do I track my shipments?,ORDER,track_order
BMLD,ask an agent how i can solve payment problems,PAYMENT,payment_issue
BLQCZ,"I have a problem when tryingto pay for my order, notify it",PAYMENT,payment_issue
BILQ,how can I know where my shipment is?,ORDER,track_order
BLQC,I made a mistake and I want to change my purchase,ORDER,change_order
BILC,"I want a user account, what do I have to do to create one?",ACCOUNT,create_account
BLC,I don't know anything about your money back guarantee and I need information about it,REFUNDS,check_refund_policy
BILC,"I want to modify my order, can you tell me how I can do it?",ORDER,change_order
BISC,"I didn't receive my invoices, what can I do to check them?",INVOICES,check_invoices
B,help me get an invoice,INVOICES,get_invoice
BL,"I want to obtain a bill, tell me where I can do it",INVOICES,get_invoice
BILCZ,"I odn't want my user account, how do I delete it?",ACCOUNT,delete_account
BILQD,can u ask an agent where i can report a problem making a payment?,PAYMENT,payment_issue
BIMLQ,can I register more than one account with the same email address?,ACCOUNT,create_account
BLQC,the game was cancelled and i wanna request a refund,REFUNDS,get_refund
BILC,"i want to open a user account, what should i do?",ACCOUNT,create_account
BLC,"I got an error when I attempted to pay, but my card was charged anyway, help me report it",PAYMENT,payment_issue
BLZ,I have a problem paying for mmy online order,PAYMENT,payment_issue
BILC,"I have an issue paying for my online order, how can I notify it?",PAYMENT,payment_issue
BILC,"I don't understand you, what should I do to contact someone?",CONTACT,contact_human_agent
BIMLQ,where do i notify payment issues?,PAYMENT,payment_issue
BSLQC,"im not happy with the service, i need help submitting a complaint",FEEDBACK,complaint
BILQ,how do I see my invoices?,INVOICES,check_invoices
BL,I need information about the email of the Customer Support,CONTACT,contact_customer_service
BIL,can I get a reimbursement?,REFUNDS,get_refund
BL,help me cancel my online account,ACCOUNT,delete_account
BILQD,can u ask an agent what the mail address to contact Customer Service is?,CONTACT,contact_customer_service
BSLQ,i want to request information about getting a bill,INVOICES,get_invoice
BILQC,"i dont want my profile, can i close it?",ACCOUNT,delete_account
BPLWC,I don't understand you and I'd like to talk to fucking someone,CONTACT,contact_human_agent
BIQ,can u give me information about my invoices?,INVOICES,check_invoices
BLQC,"I got an error when I attempted to pay, but I was charged anyway, I need help informing of it",PAYMENT,payment_issue
BIMLC,"I want to see my invoice, can you help me?",INVOICES,check_invoices
BILQC,"I ordered something, what can I do to change my purchase?",ORDER,change_order
BSLQC,"I have a question, I need help speaking with Customer Support",CONTACT,contact_customer_service
BIC,"I want to check the status of my order, what should I do?",ORDER,track_order
BLEQC,"i dont have an account, open one",ACCOUNT,create_account
BILQCZ,"I want to cherck my order, can you tell me where to do it?",ORDER,track_order
BML,I want to view my bill,INVOICES,check_invoices
BIQCZ,"I want to change my order, can you tell me wshere to do it?",ORDER,change_order
BC,"I have an issue paying with card, report it",PAYMENT,payment_issue
BLQC,"i have a problem paying for my online order, notify it",PAYMENT,payment_issue
BLQ,an error pops when I try to pay for my online order,PAYMENT,payment_issue
BILC,"I got an error when I attempted to pay, but my card was charged anyway, what should I do?",PAYMENT,payment_issue
BILC,"I have no online account, can you register?",ACCOUNT,create_account
BL,tell me how to check my delivery,ORDER,track_order
BLQ,i wanna know if i can create two profiles with the same email,ACCOUNT,create_account
BLEQ,i want to know if there is a newsletter to stay up-to-date,NEWSLETTER,newsletter_subscription
BICZ,"I have no account, can ylu help me?",ACCOUNT,create_account
BSQC,"I didn't receive my invoices, I need help checking them",INVOICES,check_invoices
BIC,"i want to solve an issue with my payment, what can i do?",PAYMENT,payment_issue
BMLZ,i want to know how to dowmmload some invoices,INVOICES,get_invoice
BIMSLC,"i didn't receive my bill, can i see it?",INVOICES,check_invoices
BILC,"I want information, what can I do to call Customer Service?",CONTACT,contact_customer_service
BILQC,"I bought a product, how do I change my order?",ORDER,change_order
BILQD,can you ask an agent where I can modify my purchase?,ORDER,change_order
BLC,i have an issue when trying to make a payment with card and i want to report it,PAYMENT,payment_issue
BI,how can i change my shipping address?,SHIPPING,change_shipping_address
BL,how to open a user account,ACCOUNT,create_account
BILQC,"I want to use my other user account, can I switch them?",ACCOUNT,switch_account
BL,help me make an order,ORDER,place_order
BILC,"I have an issue paying, how do I inform of it?",PAYMENT,payment_issue
BILCZ,"I have an problem when trying to pay, what do I have to do?",PAYMENT,payment_issue
B,I want to know when my ticket is going to arrive,DELIVERY,delivery_period
BIC,"i got an error when i tried to pay, but i was charged anyway, what should i do?",PAYMENT,payment_issue
BILC,"the game was postponed, can I get a reimbursement?",REFUNDS,get_refund
BLQD,ask an agent where to view my bills,INVOICES,check_invoices
BLQC,im discontent with the service and i want to file a complaint,FEEDBACK,complaint
BIPMQD,"can u ask an agent how I can get some invoices, please?",INVOICES,get_invoice
BPLEWCZ,my fucking profile's beewn hacked and I would like to get it back,ACCOUNT,recover_password
BQ,I want to know how to get an invoice,INVOICES,get_invoice
BILQC,"i wanna inform of a payment problem, what should i do?",PAYMENT,payment_issue
BILQCZ,"I  want to view your payment options, what do I have to do?",PAYMENT,check_payment_methods
BIMSLQC,"I didn't receive my bill, what do I have to do to view it?",INVOICES,check_invoices
BLQC,"i have a problem paying for my order, i need help notifying it",PAYMENT,payment_issue
BIC,"the event was postponed, can you help me?",REFUNDS,get_refund
BLC,"you're not helping, help me speak with a human agent",CONTACT,contact_human_agent
BIMLQ,can you tell me if I can register more than one online account with a single email?,ACCOUNT,create_account
BILC,"I can't understand you, can you contact a human agent?",CONTACT,contact_human_agent
BILCZ,"I want to see the options for delivery, what shuold I do?",DELIVERY,delivery_options
BILQC,"i want to use my other user account, how can i switch them?",ACCOUNT,switch_account
BIL,how do I modify my order?,ORDER,change_order
BL,help me reset my password,ACCOUNT,recover_password
BILC,"I got an error message when I attempted to pay, but I was charged anyway, can you help me?",PAYMENT,payment_issue
BIQ,where do I track my order?,ORDER,track_order
BLCZ,"I want to track my package, tell me were to do it",ORDER,track_order
BLQC,"I want to check my shipment, tell me where I can do it",ORDER,track_order
BMSL,tell me about downloading some bills,INVOICES,get_invoice
BIPLDW,"please, can you ask an agent if I could lodge a fucking complaint for a service?",FEEDBACK,complaint
BI,can you give me information about the delivery period for my ticket?,DELIVERY,delivery_period
BQZ,i want to know iif i can own more than one account,ACCOUNT,create_account
BILQCZ,"an error message pops when I attempt topay for my online order, what do I have to do?",PAYMENT,payment_issue
BLQD,ask an agent if i can check the cancellation penalty,CANCELLATION_FEE,check_cancellation_fee
BL,i want to see the email address of client service,CONTACT,contact_customer_service
BLCZ,"i have a isue making a payment, help me inform of it",PAYMENT,payment_issue
BIPLQD,"can u ask an agent if i can obtain a bill, please?",INVOICES,get_invoice
BIPQDZ,culd u ask an agent where i could check their refund policy?,REFUNDS,check_refund_policy
BIPLQW,how could I view your fucking payment options?,PAYMENT,check_payment_methods
BL,how to check my package,ORDER,track_order
BLQ,I wanna know how to download a bill,INVOICES,get_invoice
BIPMQD,"please, can u ask an agent where to check my invoice?",INVOICES,check_invoices
BIPLQC,"i have no user account, how could i open one?",ACCOUNT,create_account
BMQ,I want to know how to know where my orders are,ORDER,track_order
BILQC,"I ordered an item, can I change my order?",ORDER,change_order
BILQC,"i got an error message when i tried to pay, but i was charged anyway, what do i have to do to notify it?",PAYMENT,payment_issue
BILQC,"the concert was cancelled, what should I do to obtain a reimbursement?",REFUNDS,get_refund
BIPMD,"please, could you ask an agent if I can check the cancellation fees?",CANCELLATION_FEE,check_cancellation_fee
BPL,"I want to know what the mail of the Client Service is, please",CONTACT,contact_customer_service
BILQC,"i bought something, how can I change my purchase?",ORDER,change_order
BQC,my account was hacked and I want to recover it,ACCOUNT,recover_password
BILQC,"I got an error message when I attempted to pay, but I was charged anyway, what can I do to inform of it?",PAYMENT,payment_issue
BLZ,how  to update my shipping address,SHIPPING,change_shipping_address
BIPLC,"I need information, could I send an email to Customer Support, please?",CONTACT,contact_customer_service
BILQC,"I purchased an item, can I modify my purchase?",ORDER,change_order
BSLQC,"I want information, I need help speaking with Client Service",CONTACT,contact_customer_service
BQD,ask an agent where i can place an order,ORDER,place_order
BILQC,"I ordered a product, what can I do to modify my order?",ORDER,change_order
BLQC,"I have a problem when trying to make a payment with card, I need help informing of it",PAYMENT,payment_issue
BISLC,"i can't find my invoices, what should i do to see them?",INVOICES,check_invoices
BLQC,"i havent got a user account, create one",ACCOUNT,create_account
BILQ,can I make a payment with credit card?,PAYMENT,check_payment_methods
BIPQD,"can you ask an agent if i could get an invoice, please?",INVOICES,get_invoice
BILQ,"I want to request a bill, can you tell me how I can do it?",INVOICES,get_invoice
BILC,"I got an error when I attempted to make a payment, but my card was charged anyway, what do I have to do to report it?",PAYMENT,payment_issue
BILQC,"the show was postponed, what can i do to request a refund?",REFUNDS,get_refund
BIMLQ,can I create more than one online account with the same email address?,ACCOUNT,create_account
BSLC,"I have no account, I need help opening one",ACCOUNT,create_account
BIQ,where do I place an order?,ORDER,place_order
BIC,"I forgot my password, what should I do?",ACCOUNT,recover_password
BMLZ,i want to notify issues wih my payment,PAYMENT,payment_issue
BILC,"I'm happy with the service, what can I do to make an opinion?",FEEDBACK,review
BML,I want to know how I can download some bills,INVOICES,get_invoice
BILQC,"i dont understand you, what can i do to speak with a human?",CONTACT,contact_human_agent
BL,where to request a bill,INVOICES,get_invoice
BSLC,"I purchased a product, I need help modifying my purchase",ORDER,change_order
BILQC,"I want a reimbursement, how do I request one?",REFUNDS,get_refund
BLD,ask an agent if i can open a user account,ACCOUNT,create_account
BSLQ,I want information about modifying my order,ORDER,change_order
BIL,can you show me your reimbursement policy?,REFUNDS,check_refund_policy
BMLZ,how to chcek my shipments,ORDER,track_order
BIPMLQ,"please, can you tell me if I could create more than one profile with the same email?",ACCOUNT,create_account
BIC,"I want to know the status of my refund, can you help me?",REFUNDS,track_refund
BILC,"I don't like the service, can I make a complaint?",FEEDBACK,complaint
BPLC,"I have an issue when trying to make a payment, I need help reporting it, please",PAYMENT,payment_issue
BLC,"someone stole my account password, retrieve it",ACCOUNT,recover_password
BIPLD,"could you ask an agent how I can remove my profile, please?",ACCOUNT,delete_account
BI,can you send me an invoice?,INVOICES,get_invoice
BIPLQC,"id like information, what can i do to contact client service?",CONTACT,contact_customer_service
BILQ,can I receive a reimbursement?,REFUNDS,get_refund
BIC,"I've got no account, what do I have to do?",ACCOUNT,create_account
BILC,"I got an error message when I tried to pay, but I was charged anyway, what can I do to notify it?",PAYMENT,payment_issue
BSLQCZ,"I want information , I need help speaking with Customer Service",CONTACT,contact_customer_service
BIC,"I want an account, can you help me?",ACCOUNT,create_account
BLC,I have a question and I want to talk to Client Service,CONTACT,contact_customer_service
BC,"I haven't got an account, help me create one",ACCOUNT,create_account
BLCZ,"I got an error messae when I tried to make a payment, but my card was charged anyway, report it",PAYMENT,payment_issue
BSLC,"i can't find my bills, check them",INVOICES,check_invoices
BML,I want to solve payment problems,PAYMENT,payment_issue
BIPLQD,"please, could u ask an agent where to see their money back policy?",REFUNDS,check_refund_policy
BILQZ,where can I check my shipmetn?,ORDER,track_order
BILC,"I get an error when I attempt to pay for my order, can you help me?",PAYMENT,payment_issue
BL,tell me how I can request an invoice,INVOICES,get_invoice
BILQC,"i got an error message when i attempted to pay, but my card was charged anyway, what can i do to report it?",PAYMENT,payment_issue
BIC,"I have a question, can you contact Customer Service?",CONTACT,contact_customer_service
BILQ,how do I solve a problem making a payment?,PAYMENT,payment_issue
BLCZ,"I got an error message when I tried to make a payment , but my card was charged anyway and I want to inform of it",PAYMENT,payment_issue
BILQC,"i changed my mind, what should i do to cancel my user account?",ACCOUNT,delete_account
BPLEWC,"I would like to modify my fucking order, tell me where I can do it, please",ORDER,change_order
BIMZ,can I solve isuses with  my payment?,PAYMENT,payment_issue
BIPLD,can you ask an agent if I could modify my shipping address?,SHIPPING,change_shipping_address
BILQC,"i lost my password, can u reset it?",ACCOUNT,recover_password
BILC,"I don't understand you, what do I have to do to speak with a human?",CONTACT,contact_human_agent
BMSW,i need help reporting fucking payment issues,PAYMENT,payment_issue
BLQ,i wanna know how I can request a bill,INVOICES,get_invoice
BIPLD,could you ask an agent where I could receive a refund?,REFUNDS,get_refund
BIPSLD,"do you mind asking an agent where I can modify my order, please?",ORDER,change_order
BSLCZ,"I can't understand you , I need help speaking with a human",CONTACT,contact_human_agent
BSL,I need help seeing the status of my order,ORDER,track_order
BIPMLQDZ,"can u ask an agent how i could notify issues with my payment, please ?",PAYMENT,payment_issue
BLC,I have an issue when trying to pay for my online order and I want to report it,PAYMENT,payment_issue
BML,tell me if my orders are on their way,ORDER,track_order
BILQC,"I have an issue when trying to pay with card, can I inform of it?",PAYMENT,payment_issue
BILC,"I've got no user account, can you register?",ACCOUNT,create_account
BPLQDW,"ask an agent where i can lodge a fucking complaint for a service, please",FEEDBACK,complaint
BLDZ,ask an agent ofr information about the status of my purchase,ORDER,track_order
BLQ,I want to know where I can see an invoice,INVOICES,get_invoice
BILC,"I need an online account, can you open one?",ACCOUNT,create_account
BIL,can you tell me if I can create two online accounts with the same email?,ACCOUNT,create_account
BIMLQC,"i wanna see my bill, what should i do?",INVOICES,check_invoices
BLQC,"i have an issue paying, help me notify it",PAYMENT,payment_issue
BILQC,"i wanna check my bills, what do i have to do?",INVOICES,check_invoices
BILQCZ,"the show was cancelled, can Iobtain a reimbursement?",REFUNDS,get_refund
BLC,my profile was hacked and I want to get it back,ACCOUNT,recover_password
BILQC,"I have a problem when trying to make a payment, how do I inform of it?",PAYMENT,payment_issue
BILQ,how can i see your payment methods?,PAYMENT,check_payment_methods
BLQC,"I got an error message when I tried to pay, but I was charged anyway and I want to notify it",PAYMENT,payment_issue
BL,how to track my delivery,ORDER,track_order
BIPLEC,"I am not happy with the service, could I file a consumer complaint?",FEEDBACK,complaint
BIC,"I have an issue paying with card, what should I do to report it?",PAYMENT,payment_issue
BPMLDW,"please, ask an agent how to notify fucking payment problems",PAYMENT,payment_issue
BS,i need help placing an order,ORDER,place_order
BML,I want to know if I can download some bills,INVOICES,get_invoice
BL,help me check my bills,INVOICES,check_invoices
BILQ,can i view the status of my order?,ORDER,track_order
BMLQ,i wanna know if i can download some invoices,INVOICES,get_invoice
BIQD,can u ask an agent if i can pay with card?,PAYMENT,check_payment_methods
BILC,"I ordered a product, can I change my purchase?",ORDER,change_order
BIL,can you tell me how to modify my order?,ORDER,change_order
BL,I want to see the free phone number to contact Client Service,CONTACT,contact_customer_service
BILC,"I got an error message when I attempted to pay, but I was charged anyway, can I report it?",PAYMENT,payment_issue
BIPQDW,"please, can u ask an agent to find information about the fucking options for delivery?",DELIVERY,delivery_options
BL,i want to know if i can create two accounts with the same email,ACCOUNT,create_account
BILQZ,can you tell me if i can create two user accounts with a single email ?,ACCOUNT,create_account
BILQC,"I need information, what can I do to speak with Customer Service?",CONTACT,contact_customer_service
BMSLQC,"I can't find my bill, view it",INVOICES,check_invoices
BILQCZ,"I bought something, whta can I do to change my order?",ORDER,change_order
BIPLQ,"can you tell me the number to contact Client Service, please?",CONTACT,contact_customer_service
BILWC,"I need a fucking refund, what do I have to do to obtain one?",REFUNDS,get_refund
BILQ,where can I make a purchase?,ORDER,place_order
BIQC,"i need information, can u contact customer service?",CONTACT,contact_customer_service
BILQC,"I need information, what can I do to speak with Client Service?",CONTACT,contact_customer_service
BILC,"I don't want my profile, what should I do to close it?",ACCOUNT,delete_account
BLC,I don't have an online account and I want to register,ACCOUNT,create_account
BLQZ,i anna notify an issue paying,PAYMENT,payment_issue
BIMLQ,can I check my packages?,ORDER,track_order
BILC,"I want information, can you speak with Client Service?",CONTACT,contact_customer_service
BML,tell me if I can create more than one online account with a single email,ACCOUNT,create_account
BIPLQD,"please, can u ask an agent how to switch to another profile?",ACCOUNT,switch_account
BIC,"I have an issue when trying to pay with card, what can I do?",PAYMENT,payment_issue
BIM,can you tell me about my invoice?,INVOICES,check_invoices
BD,ask an agent where to check the options for delivery,DELIVERY,delivery_options
BILC,"I need a reimbursement, what should I do to request one?",REFUNDS,get_refund
BPQDW,"ask an agent where to report a fucking payment issue, please",PAYMENT,payment_issue
BM,where to track my orders,ORDER,track_order
BLQC,i ordered something and i wanna change my purchase,ORDER,change_order
BMLQD,ask an agent if i can report problems paying,PAYMENT,payment_issue
BIPLQWC,"i dont want my fucking profile, how could i close it?",ACCOUNT,delete_account
BILCZ,"I want to make a complaint for a service,what do I have to do?",FEEDBACK,complaint
BIL,what's the email of Client Service?,CONTACT,contact_customer_service
BLQZ,I want to ger a bill,INVOICES,get_invoice
BL,I want to report an issue making a payment,PAYMENT,payment_issue
BIMSLQC,"I lost my bill, what do I have to do to see it?",INVOICES,check_invoices
BIPLD,"could you ask an agent how to cancel my account, please?",ACCOUNT,delete_account
BIC,"I want to report a payment issue, what can I do?",PAYMENT,payment_issue
BL,where to see your money back guarantee,REFUNDS,check_refund_policy
BSLQC,i can't find my invoices and i want to see them,INVOICES,check_invoices
BLC,"I don't understand you, speak with a person",CONTACT,contact_human_agent
BILC,"I have no account, what do I have to do to register?",ACCOUNT,create_account
BC,I don't have an account and I want to create one,ACCOUNT,create_account
BILC,"I have no user account, what can I do to open one?",ACCOUNT,create_account
BILC,"I get an error message when I try to make a payment, what should I do?",PAYMENT,payment_issue
BILCZ,"my profile was hacked, what should i do ?",ACCOUNT,recover_password
BLQC,I want information and I want to send an email to Customer Service,CONTACT,contact_customer_service
BILQC,"i havent got a user account, what can i do?",ACCOUNT,create_account
BIQCZ,"I want an account, what do I have to do to createone?",ACCOUNT,create_account
BILCZ,"I need  information, can you call Clkent Service?",CONTACT,contact_customer_service
BLC,I don't have a shipping address and I want to set it up,SHIPPING,set_up_shipping_address
BIPQ,"please, could you tell me if I could own more than one account?",ACCOUNT,create_account
BLC,"the show was postponed, obtain a reimbursement",REFUNDS,get_refund
BILQC,"I bought something, what can I do to change my purchase?",ORDER,change_order
BILQC,"i wanna report a problem with my payment, can u help me?",PAYMENT,payment_issue
BILC,"I've got no online account, what can I do to register?",ACCOUNT,create_account
BILC,"I want to inform of a problem paying, what can I do?",PAYMENT,payment_issue
BILQZ,can you tell me the mail addrss to contact Customer Support?,CONTACT,contact_customer_service
BML,help me track my packages,ORDER,track_order
B,tell me how to subscribe to the newsletter,NEWSLETTER,newsletter_subscription
BIC,"I don't have an account, what can I do to create one?",ACCOUNT,create_account
BL,I found problems while creating a profile,ACCOUNT,registration_problems
BILQC,"I have no online account, how do I register?",ACCOUNT,create_account
BISLQ,what information can u tell me about getting a bill?,INVOICES,get_invoice
BILQC,"i want to lodge a complaint for a service, can u help me?",FEEDBACK,complaint
BILQC,"I want information, what do I have to do to contact Customer Support?",CONTACT,contact_customer_service
BILQC,"i got an error when i tried to pay, but i was charged anyway, how can i inform of it?",PAYMENT,payment_issue
BILC,"I want to modify my shipping address, can you help me?",SHIPPING,change_shipping_address
BILC,"I don't like the service, how do I make a consumer complaint?",FEEDBACK,complaint
BLQ,I want to know if you have a newsletter I can subscribe to,NEWSLETTER,newsletter_subscription
BIL,can you tell me where my purchase is?,ORDER,track_order
BL,tell me if I can create two accounts with a single email,ACCOUNT,create_account
BLC,I haven't got an account and I want to open one,ACCOUNT,create_account
BL,show me the email of the Customer Support,CONTACT,contact_customer_service
BILC,"I have an issue making a payment, can I report it?",PAYMENT,payment_issue
BPLWC,someone stole my fucking account password and I'd like to reset it,ACCOUNT,recover_password
BLC,"I want information, help me call Client Service",CONTACT,contact_customer_service
BIMSL,what information can you tell me about requesting some bills?,INVOICES,get_invoice
BSLQ,I need information about modifying my purchase,ORDER,change_order
BILC,"you're not helping, can you speak with a human?",CONTACT,contact_human_agent
BILQ,where do I notify a problem paying?,PAYMENT,payment_issue
BIL,can you show me the mail of the Customer Support?,CONTACT,contact_customer_service
BILQCZ,"I have a question, what do I haveto do to talk to Customer Service ?",CONTACT,contact_customer_service
BLCZ,"the event was postponed,  get a reimbursement",REFUNDS,get_refund
BIMSLC,"I lost my invoice, can I view it?",INVOICES,check_invoices
BPML,"i want to know how I can know where my packages are, please",ORDER,track_order
BILC,"I can't understand you, can I contact a human?",CONTACT,contact_human_agent
BILC,"I don't have an online account, what do I have to do to open one?",ACCOUNT,create_account
BIL,where can i see the ticket delivery options?,DELIVERY,delivery_options
BILQC,"someone stole my account password, what should I do to retrieve it?",ACCOUNT,recover_password
BILC,"I don't have an online account, can you create one?",ACCOUNT,create_account
BILQCZ,"i wannaq obtai a reimbursement, can u help me?",REFUNDS,get_refund
BILC,"I want to make a consumer complaint for a service, what can I do?",FEEDBACK,complaint
BIPSLD,do you mind asking an agent if i can check my package?,ORDER,track_order
BLD,ask an agent what the mail of the Customer Service,CONTACT,contact_customer_service
BLQ,i wanna know how I can check my order,ORDER,track_order
BL,I want to check your payment options,PAYMENT,check_payment_methods
BI,how do I change to another account?,ACCOUNT,switch_account
BILCZ,"my user account's been hacked , can you get it back?",ACCOUNT,recover_password
BMSLQC,"I didn't receive my bill, help me see it",INVOICES,check_invoices
BIPLQD,"can u ask an agent how i could notify a problem with my payment, please?",PAYMENT,payment_issue
BILC,"I get an error message when I attempt to make a payment for my online order, what can I do?",PAYMENT,payment_issue
BILC,"I get an error when I attempt to pay for my order, what can I do?",PAYMENT,payment_issue
BILC,"I can't remember my password, how do I retrieve it?",ACCOUNT,recover_password
BIPMLQD,"please, could u ask an agent how i can inform of issues making a payment?",PAYMENT,payment_issue
BIQWC,"i want to check the fucking status of my refund, can u help me?",REFUNDS,track_refund
BIMSC,"I lost my invoice, can you check it?",INVOICES,check_invoices
BL,how to create an online account,ACCOUNT,create_account
BIPLQD,"could you ask an agent how I can request an invoice, please?",INVOICES,get_invoice
BL,where to inform of an issue making a payment,PAYMENT,payment_issue
BILC,"I have no online account, what can I do to register?",ACCOUNT,create_account
BLQ,I want to know if there is a free phone number to contact Client Service,CONTACT,contact_customer_service
BL,I want to know if I can create two profiles with the same email address,ACCOUNT,create_account
BILQC,"I want information, how can I contact Client Service?",CONTACT,contact_customer_service
BILC,"I want to file a consumer complaint for a service, can you help me?",FEEDBACK,complaint
BILC,"I don't want my profile, what can I do to close it?",ACCOUNT,delete_account
BILQ,can I see your payment methods?,PAYMENT,check_payment_methods
BILQD,can u ask an agent how to cancel my profile?,ACCOUNT,delete_account
BILCZ,"I got an error when I attempted to make an payment, but I was charged anyway, can you inform of it?",PAYMENT,payment_issue
BQC,"I wanna change my order, tell me where I can do it",ORDER,change_order
BILQC,"I want to use my other user account, what should I do to change them?",ACCOUNT,switch_account
BIQ,how do I track my refund?,REFUNDS,track_refund
BL,tell me how I can modify my purchase,ORDER,change_order
BILQC,"i bought something, what do I have to do to modify my order?",ORDER,change_order
BILQZ,can you tell me what the mail address to contact Customer Service is ?,CONTACT,contact_customer_service
BL,help me remove my profile,ACCOUNT,delete_account
BLQD,ask an agent how to check the ticket delivery options,DELIVERY,delivery_options
BLC,"i need an online account, help me open one",ACCOUNT,create_account
BILC,"I got an error message when I attempted to pay, but my card was charged anyway, can I report it?",PAYMENT,payment_issue
BILQ,where can I see your money back policy?,REFUNDS,check_refund_policy
BILQCZ,"i purchased something, how can i hcange my purchase?",ORDER,change_order
BILC,"I can't remember my account password, how can I retrieve it?",ACCOUNT,recover_password
BILQC,"i get an error message when i attempt to pay, can u help me?",PAYMENT,payment_issue
BPLDW,"ask an agent where I can see the fucking options for delivery, please",DELIVERY,delivery_options
BILC,"I want to retrieve my password, how can I do it?",ACCOUNT,recover_password
BSLCZ,"my profile's been hacked , and I need help recovering it",ACCOUNT,recover_password
BILC,"I got an error when I tried to make a payment, but I was charged anyway, can I inform of it?",PAYMENT,payment_issue
BIML,can you tell me how to obtain some invoices?,INVOICES,get_invoice
BL,tell me what the email address of the Client Service is,CONTACT,contact_customer_service
BIPQ,"please, could u find information about the email address to contact Customer Service?",CONTACT,contact_customer_service
BLQC,"I got an error message when I attempted to make a payment, but I was charged anyway",PAYMENT,payment_issue
BIPSLD,"do you mind asking an agent where I can modify my order, please?",ORDER,change_order
BLQ,I wanna download an invoice,INVOICES,get_invoice
BILQC,"i have no online account, can u open one?",ACCOUNT,create_account
BIPSLCZ,"I didn't receive my invoices, how ciuld I see them?",INVOICES,check_invoices
BLQD,ask an agent if i can receive a refund,REFUNDS,get_refund
BIMLZ,"I want to download some bills, casn you tell me how I can do it?",INVOICES,get_invoice
BLQ,help me talk to Customer Support,CONTACT,contact_customer_service
BILQD,can u ask an agent how i can solve a problem paying?,PAYMENT,payment_issue
BQC,"I got an error when I tried to pay, but my card was charged anyway, report it",PAYMENT,payment_issue
BIPSLD,do you mind asking an agent where I can modify my order?,ORDER,change_order
BILC,"someone stole my password, what do I have to do to reset it?",ACCOUNT,recover_password
BSQC,"i want to know the status of my refund, i need help tracking it",REFUNDS,track_refund
BIQC,"i want to check the cancellation fee, what can i do?",CANCELLATION_FEE,check_cancellation_fee
BMSLC,"i can't find my bill, help me view it",INVOICES,check_invoices
BIMLQZ,can you tell me if I  can request some bills?,INVOICES,get_invoice
BILQC,"the show was cancelled, what can I do to obtain a refund?",REFUNDS,get_refund
BILQD,can u ask an agent where to make an order?,ORDER,place_order
BLQ,I have a problem when trying to pay,PAYMENT,payment_issue
BMLQ,i wanna notify payment problems,PAYMENT,payment_issue
BL,I want to see the number to contact Customer Service,CONTACT,contact_customer_service
BIMLZ,can you tell me how ot know where my shipments are?,ORDER,track_order
BLC,"you aren't helping, help me contact a person",CONTACT,contact_human_agent
BILC,"the concert was postponed, how can I request a reimbursement?",REFUNDS,get_refund
BILC,"I haven't got a user account, what should I do to open one?",ACCOUNT,create_account
BSLQ,i want to ask for information about seeing a bill,INVOICES,get_invoice
BLZ,help me track my pyrchase,ORDER,track_order
BLQ,I want to notify an issue making a payment,PAYMENT,payment_issue
BILCZ,"I have a problem when trying to pay with card , what do I have to do to notify it ?",PAYMENT,payment_issue
BILC,"I want to see the status of my refund, what can I do?",REFUNDS,track_refund
BILC,"I'm not happy with the service, what should I do to lodge a consumer complaint?",FEEDBACK,complaint
BIPLD,could you ask an agent how to write a review for a service?,FEEDBACK,review
BILQC,"I have a problem paying with card, what can I do to report it?",PAYMENT,payment_issue
BLC,"I'm discontent with the service, help me file a complaint",FEEDBACK,complaint
BILQ,where do i remove my account?,ACCOUNT,delete_account
BLC,"I have an issue paying for my order, I need help informing of it",PAYMENT,payment_issue
BLQ,I want to view your reimbursement policy,REFUNDS,check_refund_policy
BMLQZ,I want to know where to ceck my shipments,ORDER,track_order
BLC,"you're not helping, help me speak with a person",CONTACT,contact_human_agent
BILC,"I get an error message when I attempt to make a payment for my online order, can you help me?",PAYMENT,payment_issue
BIPLDW,"could you ask an agent to find information about the fucking ticket delivery options, please?",DELIVERY,delivery_options
BIML,where do I inform of issues paying?,PAYMENT,payment_issue
BI,where do I leave a review?,FEEDBACK,review
BILC,"I've got no profile, can you create one?",ACCOUNT,create_account
BILQC,"ive got no account, what should i do to register?",ACCOUNT,create_account
BIML,how do I know where my packages are?,ORDER,track_order
BILCZ,"I odn't like the service, how can Isubmit a complaint?",FEEDBACK,complaint
BPSLQWC,i lost my fucking bills and id like to see them,INVOICES,check_invoices
BQD,ask an agent to recover my password,ACCOUNT,recover_password
BILQC,"i want to use my other account, can u switch them?",ACCOUNT,switch_account
BIL,can I open a user account?,ACCOUNT,create_account
BILQD,can u ask an agent if i can create an online account?,ACCOUNT,create_account
BILC,"i want to retrieve my password, what should i do?",ACCOUNT,recover_password
BILC,"I don't like the service, what can I do to lodge a consumer complaint?",FEEDBACK,complaint
BLC,"I have no profile, help me create one",ACCOUNT,create_account
BIMQC,"I want to track my orders, can you tell me where to do it?",ORDER,track_order
BI,how can I leave a review for a service?,FEEDBACK,review
BILC,"i get an error when i try to make a payment for my order, what can i do?",PAYMENT,payment_issue
BILC,"i want to reset my password, what can i do?",ACCOUNT,recover_password
BILQC,"i wanna notify an issue paying, can u help me?",PAYMENT,payment_issue
BIL,how can i notify a payment problem?,PAYMENT,payment_issue
BLC,"I have a problem paying for my online order, help me notify it",PAYMENT,payment_issue
BISLC,"I lost my bills, can you show them?",INVOICES,check_invoices
B,I can't pay,PAYMENT,payment_issue
BILQ,can you tell me the email of Client Service?,CONTACT,contact_customer_service
BILQC,"I want to submit a consumer complaint for a service, what do I have to do?",FEEDBACK,complaint
BILQ,can u find information about the mail of the Client Service?,CONTACT,contact_customer_service
BLQ,i wanna update my profile,ACCOUNT,edit_account
BILC,"you're not helping, what do I have to do to talk to a human agent?",CONTACT,contact_human_agent
BLQC,i need information and i wanna contact customer support,CONTACT,contact_customer_service
BILQCZ,"I want an online zccount, how can I open one?",ACCOUNT,create_account
BQWCZ,I made a mistake andi wanna change my fucking order,ORDER,change_order
BIPLC,"I have an issue paying for my order, can you notify it, please?",PAYMENT,payment_issue
BILC,"the show was cancelled, what do I have to do to get a refund?",REFUNDS,get_refund
BLQZ,i wanna see the emailaddress to contact client service,CONTACT,contact_customer_service
BILQCZ,"i got an error message when i attemped to pay, but i was charged anyway, what can i do to notify it?",PAYMENT,payment_issue
BSLCZ,"I can't find my invoices , view them",INVOICES,check_invoices
BMQ,I want to know how fast I can expect my tickets to arrive,DELIVERY,delivery_period
BILC,"I changed my mind, can you close my profile?",ACCOUNT,delete_account
BILQC,"i have a question, what should i do to talk to customer service?",CONTACT,contact_customer_service
BLQCZ,i made an mistake and I want to modify my purchase,ORDER,change_order
BIPD,"please, could you ask an agent if I can track my order?",ORDER,track_order
BILC,"I want to report an issue making a payment, can you help me?",PAYMENT,payment_issue
BL,tell me where I can check my package,ORDER,track_order
BLC,"I got an error message when I attempted to make a payment, but my card was charged anyway and I want to notify it",PAYMENT,payment_issue
BILQD,can u ask an agent how I can obtain an invoice?,INVOICES,get_invoice
BILQCZ,"i have a issue making a payment with card, can u report it?",PAYMENT,payment_issue
BLQD,ask an agent if i can update my shipping address,SHIPPING,change_shipping_address
BIMLZ,where do i view the cancellation penalties ?,CANCELLATION_FEE,check_cancellation_fee
BIPLQDW,"please, could u ask an agent if I could check my fucking package?",ORDER,track_order
BLQCZ,o made aa mistake and i wanna modify my order,ORDER,change_order
BL,tell me if I can create several profiles with a single email address,ACCOUNT,create_account
BLQC,"I have an issue paying with card, notify it",PAYMENT,payment_issue
BMLQ,i want to know if i can create more than one user account with the same email,ACCOUNT,create_account
BIM,can you track my orders?,ORDER,track_order
BML,request some bills,INVOICES,get_invoice
BL,I found issues when trying to sign up,ACCOUNT,registration_problems
BLZ,tell em how to see an invoice,INVOICES,get_invoice
BILQC,"I want information, how do I send an email to Customer Support?",CONTACT,contact_customer_service
BILC,"I want to check your money back guarantee, what can I do?",REFUNDS,check_refund_policy
BIML,can i view my invoice?,INVOICES,check_invoices
BLC,"I'm discontent with the service, file a complaint",FEEDBACK,complaint
BSLQ,i wanna know something about requesting a bill,INVOICES,get_invoice
BILEQC,"u are not helping, what can i do to talk to a human?",CONTACT,contact_human_agent
BIPMQD,"can u ask an agent to provide information about the delivery period for my tickets, please?",DELIVERY,delivery_period
BIQ,how can I get a refund?,REFUNDS,get_refund
BILQC,"I want to check the status of my purchase, what do I have to do?",ORDER,track_order
BIPLQDWZ,"can you ask an agent what my package of ym fucking shipment is, please ?",ORDER,track_order
BL,I want to speak with someone,CONTACT,contact_human_agent
BLQ,i wanna know if i can create two profiles with a single email address,ACCOUNT,create_account
BLCZ,"I got an error message when I tried to pay , but my card was charged anyway, I need help reporting it",PAYMENT,payment_issue
BS,I need help recovering my password,ACCOUNT,recover_password
BML,help me solve problems paying,PAYMENT,payment_issue
BILCZ,"I'm not happy with the service, can I file a consumer omplaint?",FEEDBACK,complaint
BLQC,"I got an error when I tried to make a payment, but I was charged anyway",PAYMENT,payment_issue
BILQC,"i need information, how can i speak with customer support?",CONTACT,contact_customer_service
BLQ,i need information about the mail address of the Client Service,CONTACT,contact_customer_service
BILQ,how can I get a reimbursement?,REFUNDS,get_refund
BIPMLD,"please, can you ask an agent how I could solve problems paying?",PAYMENT,payment_issue
BILQC,"my account's been hacked, what should I do to get it back?",ACCOUNT,recover_password
BMLW,where to inform of fucking issues paying,PAYMENT,payment_issue
BLQ,i want to check the status of my reimbursement,REFUNDS,track_refund
BLQ,I want to know if I can download an invoice,INVOICES,get_invoice
BIPSLD,do you mind asking an agent how I can know where my package is?,ORDER,track_order
BIQC,"I get an error when I try to pay, what do I have to do?",PAYMENT,payment_issue
BLZ,i want to check m order,ORDER,track_order
BILQC,"the concert was postponed, how do I get a refund?",REFUNDS,get_refund
BLC,"I don't understand you, help me contact a human",CONTACT,contact_human_agent
BLC,"I have a question, help me send an email to Customer Support",CONTACT,contact_customer_service
BISLQC,"i didn't receive my invoices, how do i view them?",INVOICES,check_invoices
BILQC,"i need information, what should i do to send an email to customer service?",CONTACT,contact_customer_service
BL,show me the status of my refund,REFUNDS,track_refund
BQC,"I wanna change my order, tell me how I can do it",ORDER,change_order
BILCZ,"I get an error when I attempt to make a payment for m order, what should I do?",PAYMENT,payment_issue
BLC,"i got an error when i attempted to make a payment, but i was charged anyway, i need help notifying it",PAYMENT,payment_issue
BIPMSLDW,"do you mind asking an agent how to get some fucking bills, please?",INVOICES,get_invoice
BIL,where do i view the status of my refund?,REFUNDS,track_refund
BIC,"I got an error when I tried to pay, but my card was charged anyway, can you help me?",PAYMENT,payment_issue
BLEQ,i dont have a user account,ACCOUNT,create_account
BIC,"the payment failed, what can I do?",PAYMENT,payment_issue
BISLC,"I didn't receive my bills, how can I check them?",INVOICES,check_invoices
BISQC,"I can't find my invoices, what should I do to check them?",INVOICES,check_invoices
BLQ,i wanna send an email to client service,CONTACT,contact_customer_service
BILQC,"i cant remember my password, can u retrieve it?",ACCOUNT,recover_password
BC,"I need an account, help me create one",ACCOUNT,create_account
BLZ,elp me check my shipment,ORDER,track_order
BIL,can you tell me where to track my shipment?,ORDER,track_order
BIPLQC,"id like to track my shipment, can you tell me how to do it?",ORDER,track_order
BIQC,"I have an issue when trying to pay, what should I do?",PAYMENT,payment_issue
BILQ,where can I check the status of my reimbursement?,REFUNDS,track_refund
BL,i want to see the mail of client service,CONTACT,contact_customer_service
BILC,"the event was cancelled, what can I do to request a reimbursement?",REFUNDS,get_refund
BILQC,"I want to make a review for a service, what can I do?",FEEDBACK,review
BIQ,where can I file a complaint for a service?,FEEDBACK,complaint
BLQ,I want to solve an issue making a payment,PAYMENT,payment_issue
BILQCZ,"I need information, how can I talk to Client eSrvice?",CONTACT,contact_customer_service
BMSLC,"i lost my invoice, i need help viewing it",INVOICES,check_invoices
BL,talk to a human agent,CONTACT,contact_human_agent
BILC,"I have an issue paying for my order, what can I do to inform of it?",PAYMENT,payment_issue
BPQDZ,"lease, ask an agent how ican check my invoices",INVOICES,check_invoices
BILQC,"i dont want my account, can i close it?",ACCOUNT,delete_account
BIPLQZ,could you tell me the maip address to contact client service ?,CONTACT,contact_customer_service
BMLQ,I want to know how I can track my deliveries,ORDER,track_order
BPMLD,"ask an agent how to solve issues making a payment, please",PAYMENT,payment_issue
BIL,where do I cancel my user account?,ACCOUNT,delete_account
BLQC,"i dont understand you, talk to a human agent",CONTACT,contact_human_agent
BIZ,canyou find information about the cancellation fee?,CANCELLATION_FEE,check_cancellation_fee
BIPQDW,"please, could u ask an agent to solve a fucking issue with my payment?",PAYMENT,payment_issue
BILQ,whats the mail of customer service?,CONTACT,contact_customer_service
BSLQ,I need help calling Client Service,CONTACT,contact_customer_service
BMSLQ,I need information about getting some bills,INVOICES,get_invoice
BLQC,im happy with the service and i want to make a comment,FEEDBACK,review
BILC,"I forgot my account password, how can I reset it?",ACCOUNT,recover_password
BIQCZ,"I have an issue when trying ot pay, what can I do to repott it?",PAYMENT,payment_issue
BILC,"I can't understand you, how can I talk to a human?",CONTACT,contact_human_agent
BIPLD,could you ask an agent if i can request an invoice?,INVOICES,get_invoice
BSLCZ,"I don't understand you , I need help speaking with someone",CONTACT,contact_human_agent
BILC,"I have a problem paying for my online order, can you inform of it?",PAYMENT,payment_issue
BL,how to check your payment options,PAYMENT,check_payment_methods
BIPMSLDW,"do you mind asking an agent how to request some fucking invoices, please?",INVOICES,get_invoice
BILC,"I've got no online account, can I open one?",ACCOUNT,create_account
BSLQ,i wanna ask for information about requesting a bill,INVOICES,get_invoice
BIC,"I've got no account, can you create one?",ACCOUNT,create_account
BLQ,call Customer Support,CONTACT,contact_customer_service
BILQC,"I need an account, what should I do to open one?",ACCOUNT,create_account
BIPLC,"I'd like to create an online account, what do I have to do?",ACCOUNT,create_account
BLC,i need information and i want to talk to client service,CONTACT,contact_customer_service
BQC,the event was cancelled and i wanna get a refund,REFUNDS,get_refund
BIPL,"please, can you tell me if I could register several accounts with the same email address?",ACCOUNT,create_account
BISCZ,"i didn't receive my invoics, how dl i check them?",INVOICES,check_invoices
BIMQD,can u ask an agent to give me information about my invoice?,INVOICES,check_invoices
BIQC,"i changed my mind, what can i do to delete my account?",ACCOUNT,delete_account
BILQZ,can you tell me if I can request an invoice ?,INVOICES,get_invoice
BS,I need help subscribing to the newsletter,NEWSLETTER,newsletter_subscription
BILQ,how do I see the options for ticket delivery?,DELIVERY,delivery_options
BLQC,"i dont understand you, contact a human",CONTACT,contact_human_agent
BMSLQC,"i lost my bill, help me check it",INVOICES,check_invoices
BILC,"I need information, what can I do to call Customer Support?",CONTACT,contact_customer_service
BILQC,"I made a mistake, what should I do to modify my order?",ORDER,change_order
BL,I want to view my bills,INVOICES,check_invoices
BIPMLDW,"can you ask an agent where I could notify fucking problems paying, please?",PAYMENT,payment_issue
BILC,"I want to file an opinion for a service, what can I do?",FEEDBACK,review
BILCZ,"I'm discontent with the service, how caj I submit a consumer complaint?",FEEDBACK,complaint
BILZ,where can i check your reimbursemet policy?,REFUNDS,check_refund_policy
BLQC,"I need information, help me contact Customer Support",CONTACT,contact_customer_service
BILCZ,"I want an online accoynt, can you create one?",ACCOUNT,create_account
BLQ,I have an issue when trying to make a payment with card,PAYMENT,payment_issue
BIPDZ,"please, can you ask an agent where I can create a account?",ACCOUNT,create_account
BPLQC,"ive got no user account and i want to create one, please",ACCOUNT,create_account
BL,i want to see the phone number of client service,CONTACT,contact_customer_service
BLQ,show me the number of Customer Support,CONTACT,contact_customer_service
BILQC,"I have a problem when trying to pay with card, can I report it?",PAYMENT,payment_issue
BIPMLQD,"please, could u ask an agent how i could view my invoice?",INVOICES,check_invoices
BLCZ,"I have an issue paying weith card, I need help notifying it",PAYMENT,payment_issue
BILQC,"I purchased an item, how do I modify my purchase?",ORDER,change_order
BILC,"I want to submit a complaint, can you help me?",FEEDBACK,complaint
BIPMQC,"id like to track my orders, can you tell me how to do it, please?",ORDER,track_order
BSL,I need help seeing the status of my reimbursement,REFUNDS,track_refund
BLZ,i want to leave an comment,FEEDBACK,review
BIC,"i have an issue when trying to pay with card, what should i do?",PAYMENT,payment_issue
BL,help me check your payment options,PAYMENT,check_payment_methods
BILQC,"I want to close my user account, how can I do it?",ACCOUNT,delete_account
BILQC,"I ordered something, how do I modify my purchase?",ORDER,change_order
BIL,can you tell me about your reimbursement policy?,REFUNDS,check_refund_policy
BILC,"I have a problem paying, what do I have to do to report it?",PAYMENT,payment_issue
BSLC,"I haven't got a profile, I need help creating one",ACCOUNT,create_account
BILQC,"i have an issue paying for my order, how can i inform of it?",PAYMENT,payment_issue
BILC,"I have a problem making a payment with card, how do I inform of it?",PAYMENT,payment_issue
BML,I want to inform of issues paying,PAYMENT,payment_issue
BIL,can I create two accounts with the same email?,ACCOUNT,create_account
BM,help me solve issues with my payment,PAYMENT,payment_issue
BILQ,can I register two user accounts with a single email?,ACCOUNT,create_account
BQC,"i wanna track my order, tell me where I can do it",ORDER,track_order
BIPLD,"could you ask an agent where I could track my package, please?",ORDER,track_order
BS,I need help solving an issue with my payment,PAYMENT,payment_issue
BLC,"I'm discontent with the service, help me lodge a consumer complaint",FEEDBACK,complaint
BILC,"I don't want my online account, can I delete it?",ACCOUNT,delete_account
BLQC,"I changed my mind, close my account",ACCOUNT,delete_account
BLC,"I have an issue when trying to pay for my online order, inform of it",PAYMENT,payment_issue
BIMLQC,"I wanna track my shipments, can you tell me how to do it?",ORDER,track_order
BISL,what information do you have about obtaining a bill?,INVOICES,get_invoice
BILC,"I want information, can you speak with Customer Service?",CONTACT,contact_customer_service
BILCZ,"I want to solve an issue making apayment, what can I do?",PAYMENT,payment_issue
BILQC,"I have a question, what do I have to do to talk to Client Service?",CONTACT,contact_customer_service
BSLQC,"i havent got an account, i need help registering",ACCOUNT,create_account
BILCZ,"I have an issue paying for my online order , what do I have to do to inform of it?",PAYMENT,payment_issue
BILQC,"i want information, how do i speak with customer service?",CONTACT,contact_customer_service
BILQC,"I want a reimbursement, what do I have to do to get one?",REFUNDS,get_refund
BLQ,I get an error when I attempt to pay for my online order,PAYMENT,payment_issue
BILQC,"I have a problem when trying to make a payment, how do I notify it?",PAYMENT,payment_issue
BPMLQD,"ask an agent if I could check my shipments, please",ORDER,track_order
BILQZ,how do I make a consumer complpaint?,FEEDBACK,complaint
BLQ,"I want to download a bill, can you give me some information?",INVOICES,get_invoice
BILQC,"youre not helping, what should i do to talk to a person?",CONTACT,contact_human_agent
BILC,"I'm discontent with the service, what do I have to do to submit a complaint?",FEEDBACK,complaint
BIMLZ,where can I inform of issues making a payment ?,PAYMENT,payment_issue
BILC,"I'm happy with the service, can I submit a review?",FEEDBACK,review
BILCZ,"I'm discontent with the service, can you fioe a complaint?",FEEDBACK,complaint
BMLC,"I want to check my shipments, tell me how to do it",ORDER,track_order
BIL,how can I check the options for ticket delivery?,DELIVERY,delivery_options
BML,check my bill,INVOICES,check_invoices
BILQ,"I want to download a bill, can you tell me how to do it?",INVOICES,get_invoice
BILQ,"I want to request an invoice, can you tell me where to do it?",INVOICES,get_invoice
BLQC,I changed my mind and I want to remove my profile,ACCOUNT,delete_account
BMSLQ,I need help solving problems with my payment,PAYMENT,payment_issue
BILQC,"I have an issue paying for my order, what should I do to notify it?",PAYMENT,payment_issue
BILQC,"I need information, what can I do to contact Customer Support?",CONTACT,contact_customer_service
BIQ,how fast can I expect my ticket to arrive?,DELIVERY,delivery_period
BIL,what's the number of Customer Support?,CONTACT,contact_customer_service
BIQC,"I need a refund, what should I do?",REFUNDS,get_refund
BIL,where do i write a review?,FEEDBACK,review
BQZ,i wanna know what the hours of customer setvice are,CONTACT,contact_customer_service
BIL,where can i remove my profile?,ACCOUNT,delete_account
BLQC,"I need information, send an email to Client Service",CONTACT,contact_customer_service
BILQD,can u ask an agent how to request an invoice?,INVOICES,get_invoice
BILQC,"i got an error when i attempted to make a payment, but my card was charged anyway, how can i notify it?",PAYMENT,payment_issue
BILCZ,"I have an problem when trying to pay for my online order, can you notify it?",PAYMENT,payment_issue
BLZ,how to view hte status of my purchase,ORDER,track_order
BILC,"i changed my mind, how do i cancel my profile?",ACCOUNT,delete_account
BLC,"I got an error message when I tried to pay, but I was charged anyway, I need help informing of it",PAYMENT,payment_issue
BILC,"I can't understand you, what can I do to speak with a person?",CONTACT,contact_human_agent
BILC,"I changed my mind, can I cancel my profile?",ACCOUNT,delete_account
BL,I want to know if there is someone available,CONTACT,contact_human_agent
BLQ,i wanna notify a problem with my payment,PAYMENT,payment_issue
BLC,my profile was hacked and I want to recover it,ACCOUNT,recover_password
BIL,how do I see your reimbursement policy?,REFUNDS,check_refund_policy
BQ,I want to know if my refund has been processed,REFUNDS,track_refund
BIL,can I register several online accounts with a single email?,ACCOUNT,create_account
BIL,where do i modify my shipping address?,SHIPPING,change_shipping_address
BSL,information about seeing an invoice,INVOICES,get_invoice
BLC,I haven't got an online account and I want to register,ACCOUNT,create_account
BML,tell me how to request some invoices,INVOICES,get_invoice
BILC,"I have a problem when trying to pay for my order, can you inform of it?",PAYMENT,payment_issue
BILC,"I have a problem making a payment with card, can you help me?",PAYMENT,payment_issue
BILEQC,"i dont have a profile, what do i have to do?",ACCOUNT,create_account
BLZ,show me the mail dadress to contact customer service,CONTACT,contact_customer_service
BIPMLQD,"can u ask an agent to notify problems making a payment, please?",PAYMENT,payment_issue
BQ,i wanna know if I can change my order,ORDER,change_order
BILQ,can u show me the mail address of Customer Service?,CONTACT,contact_customer_service
BIL,can you show me my invoices?,INVOICES,check_invoices
BILC,"I have a problem paying for my order, what do I have to do?",PAYMENT,payment_issue
BILC,"I don't want my online account, how do I remove it?",ACCOUNT,delete_account
BIPLQDW,"please, could u ask an agent to inform of a fucking payment issue?",PAYMENT,payment_issue
BIC,"I can't remember my password, can I recover it?",ACCOUNT,recover_password
BILC,"you aren't helping, what can I do to talk to a human?",CONTACT,contact_human_agent
BLQ,I want to know where to obtain an invoice,INVOICES,get_invoice
BLW,information about the fucking mail address of the Client Service,CONTACT,contact_customer_service
BPLQC,"i dont understand you and i want to contact a person, please",CONTACT,contact_human_agent
BILQC,"i want to open an online account, what can i do?",ACCOUNT,create_account
BMLD,ask an agent how i can solve issues paying,PAYMENT,payment_issue
BILC,"I want to notify a payment problem, what do I have to do?",PAYMENT,payment_issue
BQ,i wanna know when my ticket will arrive,DELIVERY,delivery_period
BPLQW,"please, speak with fucking client service",CONTACT,contact_customer_service
BILQ,can I modify my shipping address?,SHIPPING,change_shipping_address
BILQC,"I want an online account, how can I create one?",ACCOUNT,create_account
BILQD,can u ask an agent how I can request an invoice?,INVOICES,get_invoice
BILQ,how can i receive a reimbursement?,REFUNDS,get_refund
BIPLC,"you aren't helping, could I talk to a human, please?",CONTACT,contact_human_agent
BLQCZ,"i havent got an account,  register",ACCOUNT,create_account
BILC,"the concert was postponed, what should i do to obtain a refund?",REFUNDS,get_refund
BLQ,"I want to get a bill, can you give me some information?",INVOICES,get_invoice
BIPLQD,"could u ask an agent how i could cancel my user account, please?",ACCOUNT,delete_account
BMSLC,"i didn't receive my bill, help me check it",INVOICES,check_invoices
BMSQC,"I didn't receive my invoice, help me check it",INVOICES,check_invoices
BILQ,can I check my delivery?,ORDER,track_order
BILQCZ,"i wanna  recover my account password, how can i do it?",ACCOUNT,recover_password
BILC,"I need a user account, can you open one?",ACCOUNT,create_account
BIPMLQDZ,could u ask an agent were to notify problems making a payment?,PAYMENT,payment_issue
BIPMLQDW,"can u ask an agent where i could report fucking issues making a payment, please?",PAYMENT,payment_issue
BML,tell me if I can register more than one online account with a single email,ACCOUNT,create_account
BLC,"i purchased a product, help me modify my order",ORDER,change_order
BILQC,"I need information, how can I send an email to Customer Service?",CONTACT,contact_customer_service
BIL,can you show me the hours of Customer Support?,CONTACT,contact_customer_service
BSLQC,"I want information, I need help calling Customer Support",CONTACT,contact_customer_service
BLQD,ask an agent if i can make a payment with Master Card,PAYMENT,check_payment_methods
BIPWCZ,"I need information , could you contact fuckinmg Customer Service?",CONTACT,contact_customer_service
BQ,i need information about the status of my order,ORDER,track_order
BLQ,I want to know how I can know where my package is,ORDER,track_order
BILC,"I need an online account, how can I open one?",ACCOUNT,create_account
BILC,"i want information, what do i have to do to speak with customer support?",CONTACT,contact_customer_service
BILQC,"I got an error message when I tried to make a payment, but my card was charged anyway, what do I have to do?",PAYMENT,payment_issue
BIPLWZ,"can you tell me if i can register several fuckingaccounts with a single email, please?",ACCOUNT,create_account
BILC,"I got an error when I attempted to make a payment, but my card was charged anyway, can you report it?",PAYMENT,payment_issue
BIL,can you tell me how to track my shipment?,ORDER,track_order
BIPLDW,"can you ask an agent if I could retrieve my fucking password, please?",ACCOUNT,recover_password
BIPMLD,"please, could you ask an agent if I could solve problems making a payment?",PAYMENT,payment_issue
BMLDW,ask an agent how i can report fucking problems with my payment,PAYMENT,payment_issue
BSW,I need help solving a fucking issue with my payment,PAYMENT,payment_issue
BLQC,"I have an issue when trying to pay for my online order, help me inform of it",PAYMENT,payment_issue
BIL,can you tell me the mail address of the Client Service?,CONTACT,contact_customer_service
BILQD,can u ask an agent when I will obtain a refund?,REFUNDS,get_refund
BL,how to change the information on my profile,ACCOUNT,edit_account
BLC,i want information and i want to contact customer support,CONTACT,contact_customer_service
BQ,I want to know what the email address of the Customer Service is,CONTACT,contact_customer_service
BSLQZ,I ant to ask for information about modifying my purchase,ORDER,change_order
BIMLD,can you ask an agent if my shipments are on their way?,ORDER,track_order
BPLEC,I can't understand you and I would like to speak with someone,CONTACT,contact_human_agent
BILQC,"i wanna notify a problem with my payment, what can i do?",PAYMENT,payment_issue
BILC,"i have a problem paying for my online order, what can i do?",PAYMENT,payment_issue
BLC,"I bought a product, help me change my order",ORDER,change_order
BC,"i have an issue when trying to pay, report it",PAYMENT,payment_issue
BPDW,"ask an agent if I could report a fucking issue with my payment, please",PAYMENT,payment_issue
BLC,i have an issue paying with card and i want to notify it,PAYMENT,payment_issue
BML,i want to inform of problems paying,PAYMENT,payment_issue
BILQ,can i have more than one account?,ACCOUNT,create_account
BLC,"I don't want my user account, help me close it",ACCOUNT,delete_account
BI,can you tell me how I can track my order?,ORDER,track_order
B,show me your refund policy,REFUNDS,check_refund_policy
BILQCZ,"I purchased an product, how can I change my order?",ORDER,change_order
BILQC,"I need a reimbursement, how do I obtain one?",REFUNDS,get_refund
BL,show me my bills,INVOICES,check_invoices
BILQC,"I have a problem when trying to pay for my order, how do I inform of it?",PAYMENT,payment_issue
B,tell me where I can change my order,ORDER,change_order
BL,"I want to see a bill, tell me where I can do it",INVOICES,get_invoice
BPLQZ,"i wanna know if Ican modify my purchase, please",ORDER,change_order
BSLC,"I'm discontent with the service, I need help submitting a consumer complaint",FEEDBACK,complaint
BILQ,can u show me the email address to contact customer support?,CONTACT,contact_customer_service
BILQ,how do I obtain a refund?,REFUNDS,get_refund
BIMSQCZ,"I didn't receive my invoice, how do Icheck it?",INVOICES,check_invoices
BILQ,how can I see the options for delivery?,DELIVERY,delivery_options
BQZ,I want to know if I can subscribe to the newwsletter,NEWSLETTER,newsletter_subscription
BL,help me notify an issue making a payment,PAYMENT,payment_issue
BLQC,i have an issue paying and i wanna notify it,PAYMENT,payment_issue
BIL,how can I view the status of my refund?,REFUNDS,track_refund
BPLD,"please, ask an agent where i can close my account",ACCOUNT,delete_account
BLC,"the show was postponed, request a reimbursement",REFUNDS,get_refund
BIPSLDZ,"do you mind asking an agent howw to track my delivery, please?",ORDER,track_order
BIPLD,"please, can you ask an agent how to obtain a refund?",REFUNDS,get_refund
BILQC,"i have an issue making a payment, can u notify it?",PAYMENT,payment_issue
BIQCZ,"I want to edit the information on mny profile, how can I do it?",ACCOUNT,edit_account
BMLQDW,ask an agent how i can inform of fucking payment problems,PAYMENT,payment_issue
BL,how to get a reimbursement,REFUNDS,get_refund
BQC,I want information and I want to contact Customer Service,CONTACT,contact_customer_service
BIC,"i have an issue when trying to pay with card, what should i do to report it?",PAYMENT,payment_issue
BIL,where do i remove my user account?,ACCOUNT,delete_account
BIL,how can I recover my account password?,ACCOUNT,recover_password
BILQDZ,can u ask an agent how tomake changes to my shipping addrrss?,SHIPPING,change_shipping_address
BIPLD,"please, can you ask an agent if I can track my shipment?",ORDER,track_order
BPLC,"the event was postponed, help me obtain a reimbursement, please",REFUNDS,get_refund
BLC,I lost my password and I want to retrieve it,ACCOUNT,recover_password
BIL,where can i open an online account?,ACCOUNT,create_account
BLQC,the concert was cancelled and I want to obtain a refund,REFUNDS,get_refund
BILQ,can you tell me if you have a newsletter I can subscribe to?,NEWSLETTER,newsletter_subscription
BIL,where can i notify an issue with my payment?,PAYMENT,payment_issue
BIPDW,"could you ask an agent how I could subscribe to the fucking newsletter, please?",NEWSLETTER,newsletter_subscription
BPLQD,ask an agent if I could lodge a complaint for a service,FEEDBACK,complaint
BILQC,"the event was cancelled, how can I request a refund?",REFUNDS,get_refund
BMLQ,"I wanna see some bills, tell me how to do it",INVOICES,get_invoice
BILC,"I don't like the service, can I lodge a consumer complaint?",FEEDBACK,complaint
BML,"I want to download some invoices, can you give me some information?",INVOICES,get_invoice
BIC,"I have a question, what should I do to contact Customer Service?",CONTACT,contact_customer_service
BIQ,can i leave a review?,FEEDBACK,review
BILZ,can yyou check my shipment ?,ORDER,track_order
BQ,i wanna know if I can track my order,ORDER,track_order
BIMSLQCZ,"I lots my invoice, how can Iview it?",INVOICES,check_invoices
BPLC,"I bought an item and i'd like to modify my order, please",ORDER,change_order
B,how to contact a human agent,CONTACT,contact_human_agent
BIPLDW,"please, could you ask an agent if I can inform of a fucking payment issue?",PAYMENT,payment_issue
BPLQD,"ask an agent how I could change to another user account, please",ACCOUNT,switch_account
BILQC,"i wanna lodge a consumer complaint, what can i do?",FEEDBACK,complaint
BEWC,I am interested in your fucking refund policy and I want to know about it,REFUNDS,check_refund_policy
BLQ,i wanna see the number of customer service,CONTACT,contact_customer_service
BL,tell me if you have a newsletter I can receive,NEWSLETTER,newsletter_subscription
BIL,can you show me information about the status of my reimbursement?,REFUNDS,track_refund
BISQC,"I lost my invoices, how can I check them?",INVOICES,check_invoices
BLZ,how to open a online zccount,ACCOUNT,create_account
BLC,i have a problem when trying to make a payment and i want to notify it,PAYMENT,payment_issue
BIQCZ,"i get an error when i try to pay, what can  i do?",PAYMENT,payment_issue
BMSL,I want to request information about requesting some bills,INVOICES,get_invoice
BL,tell me how to know where my shipment is,ORDER,track_order
BLQ,tell me if you have a newsletter I can subscribe to,NEWSLETTER,newsletter_subscription
BL,how to speak with someone,CONTACT,contact_human_agent
BIPLDW,"please, can you ask an agent if I can make changes to my fucking shipping address?",SHIPPING,change_shipping_address
BILC,"I need information, can you send an email to Customer Support?",CONTACT,contact_customer_service
BLQC,"i got an error when i tried to pay, but i was charged anyway and i wanna notify it",PAYMENT,payment_issue
BSLC,"i need information, i need help talking to customer service",CONTACT,contact_customer_service
BIQC,"I want to file a complaint, what do I have to do?",FEEDBACK,complaint
BPLQD,"ask an agent how I can notify an issue making a payment, please",PAYMENT,payment_issue
BILC,"I'm happy with the service, can I make a review?",FEEDBACK,review
BIPLQ,"can you tell me if i could create two online accounts with the same email, please?",ACCOUNT,create_account
BIPLQD,could u ask an agent how I could track my package?,ORDER,track_order
BLQC,"I have a question, call Customer Service",CONTACT,contact_customer_service
BIL,how do I view the cancellation penalty?,CANCELLATION_FEE,check_cancellation_fee
BILC,"I don't understand you, how can I talk to a human agent?",CONTACT,contact_human_agent
BSLQ,i wanna request information about getting an invoice,INVOICES,get_invoice
BILC,"I changed my mind, what do I have to do to close my account?",ACCOUNT,delete_account
BILQC,"i get an error when i attempt to make a payment for my online order, can u help me?",PAYMENT,payment_issue
BLQ,an error pops when I attempt to pay with card,PAYMENT,payment_issue
BML,I found a problem when trying to create an account,ACCOUNT,registration_problems
BQCZ,"I have an issue paying  with card, help me report  it",PAYMENT,payment_issue
BILQ,"I wanna obtain an invoice, can you tell me how I can do it?",INVOICES,get_invoice
BLC,"the event was cancelled, request a refund",REFUNDS,get_refund
BILC,"I don't have a profile, can you create one?",ACCOUNT,create_account
BILQCZ,"I have an issue making an payment with card, what do I have to do to report it?",PAYMENT,payment_issue
BLQC,i want a user account and i wanna create one,ACCOUNT,create_account
BILZ,where can I report a problem  making a payment?,PAYMENT,payment_issue
BILQC,"i have an issue paying with card, what can i do to inform of it?",PAYMENT,payment_issue
BLCZ,"Iwant to receive the newsletter, can you give me some information?",NEWSLETTER,newsletter_subscription
BPLCZ,"I need information,call Customer Support, please",CONTACT,contact_customer_service
BILQC,"i wanna notify an issue with my payment, what should i do?",PAYMENT,payment_issue
BLQC,i have a problem paying and i want to inform of it,PAYMENT,payment_issue
BILC,"i bought a product, can i change my purchase?",ORDER,change_order
BILQC,"I lost my password, what do I have to do to reset it?",ACCOUNT,recover_password
BIPLD,"please, could you ask an agent where I can obtain a reimbursement?",REFUNDS,get_refund
BIML,is it possible to track my shipments?,ORDER,track_order
BILQZ,can I view the status of my uprchase?,ORDER,track_order
BMQ,"i want to get some invoices, can you give me some information?",INVOICES,get_invoice
BIPLQ,"please, could you tell me if I could register two accounts with a single email?",ACCOUNT,create_account
BILQ,where can i report an issue paying?,PAYMENT,payment_issue
BIPLQD,"please, could u ask an agent how i could notify an issue with my payment?",PAYMENT,payment_issue
BLQ,I want to know what the email of the Customer Support is,CONTACT,contact_customer_service
BILC,"I got an error when I attempted to make a payment, but my card was charged anyway, can you inform of it?",PAYMENT,payment_issue
BILC,"i want an online account, what can i do?",ACCOUNT,create_account
BIL,can you tell me if I can pay with Amex?,PAYMENT,check_payment_methods
BPMZ,"i needc niformation about my invoice, please",INVOICES,check_invoices
BIPQDWZ,"can u ask an agent how i could solve a fucking issue with my paymeht, please?",PAYMENT,payment_issue
B,how to check your payment methods,PAYMENT,check_payment_methods
BILC,"I want information, what do I have to do to send an email to Customer Service?",CONTACT,contact_customer_service
BIL,can you tell me where I can check my package?,ORDER,track_order
BILC,"I've got no online account, can you help me?",ACCOUNT,create_account
BLC,I don't understand you and I want to speak with a human agent,CONTACT,contact_human_agent
BIPL,could you show me the mail to contact Client Service?,CONTACT,contact_customer_service
BLC,"I got an error message when I attempted to pay, but my card was charged anyway",PAYMENT,payment_issue
BL,help me notify a problem making a payment,PAYMENT,payment_issue
BIPDW,"please, can you ask an agent how I could contact fucking Customer Service?",CONTACT,contact_customer_service
BILQC,"I purchased a product, what should I do to change my order?",ORDER,change_order
BIPL,"could you tell me if i could register several online accounts with a single email address, please?",ACCOUNT,create_account
BICZ,"I haven't got a account, what do I have to do to create one?",ACCOUNT,create_account
BLZ,I want to know how to modcify my purchase,ORDER,change_order
BLC,"I have a problem when trying to make a payment with card, help me notify it",PAYMENT,payment_issue
BPLEWC,"I do not understand you, help me contact a fucking person, please",CONTACT,contact_human_agent
BILC,"I'm happy with the service, what do I have to do to submit a comment?",FEEDBACK,review
BIQC,"i havent got an account, what can i do to create one?",ACCOUNT,create_account
BIL,where can I request an invoice?,INVOICES,get_invoice
BILQC,"I want to view your money back guarantee, what do I have to do?",REFUNDS,check_refund_policy
BILQC,"i bought something, how can I change my order?",ORDER,change_order
BILZ,can you tell me if I can register two user accouns with a single email address?,ACCOUNT,create_account
BIC,"i have an issue paying for my order, can i report it?",PAYMENT,payment_issue
BIMLQ,"I want to request some invoices, can you tell me how I can do it?",INVOICES,get_invoice
BILQC,"I want to see the delivery options, what can I do?",DELIVERY,delivery_options
BD,ask an agent if I can track my order,ORDER,track_order
BIQC,"i got an error when i tried to pay, but i was charged anyway, what can i do?",PAYMENT,payment_issue
BIPMLQDW,could u ask an agent how to report fucking problems paying?,PAYMENT,payment_issue
BPLQC,"Id like to modify my order, tell me how I can do it",ORDER,change_order
BPLEC,"i would like to check my order, tell me where to do it",ORDER,track_order
BIPLD,"please, can you ask an agent where to notify a problem with my payment?",PAYMENT,payment_issue
BILQC,"i have a problem when trying to pay with card, what can i do to inform of it?",PAYMENT,payment_issue
BILQC,"i need information, what should i do to contact client service?",CONTACT,contact_customer_service
BILC,"I don't understand you, what do I have to do to contact a person?",CONTACT,contact_human_agent
BIMLQC,"I want to check cancellation penalties, what should I do?",CANCELLATION_FEE,check_cancellation_fee
BLQ,I want to modify my profile,ACCOUNT,edit_account
BILQ,how can i notify a payment issue?,PAYMENT,payment_issue
BIPLD,"could you ask an agent where I could get a bill, please?",INVOICES,get_invoice
BMSLZ,I want informatiopn about getting some bils,INVOICES,get_invoice
BLC,i have no online account and i want to create one,ACCOUNT,create_account
BIC,"I got no payment confirmation, can you help me?",PAYMENT,payment_issue
BPLQD,"please, ask an agent to update my shipping address",SHIPPING,change_shipping_address
BILCZ,"my account's been hacked, can I get  it back?",ACCOUNT,recover_password
BILC,"the game was cancelled, what should i do?",REFUNDS,get_refund
BIMQZ,how do I solve issues  with my payment ?,PAYMENT,payment_issue
BILC,"I don't want my online account, what do I have to do to remove it?",ACCOUNT,delete_account
BIQC,"the event was postponed, what do I have to do to get a refund?",REFUNDS,get_refund
BISLQCZ,"I lost my bills, how  can I view them?",INVOICES,check_invoices
BISLQCZ,"I loxt my bills, what do I have to do to see them?",INVOICES,check_invoices
BILQ,can you tell me if I can create two online accounts with a single email?,ACCOUNT,create_account
BILCZ,"I don't want my usaer account, what should I do to remove it?",ACCOUNT,delete_account
BIL,what's the email of Customer Support?,CONTACT,contact_customer_service
BISLCZ,"I can't find ny nills, can you check them?",INVOICES,check_invoices
BLCZ,"I can't understand you , help me contact a human",CONTACT,contact_human_agent
BILQC,"I get an error message when I attempt to make a payment for my order, what do I have to do?",PAYMENT,payment_issue
BLD,ask an agent what the free number of client service is,CONTACT,contact_customer_service
BLQD,ask an agent where to check the cancellation penalty,CANCELLATION_FEE,check_cancellation_fee
BILQC,"I have a problem paying, how do I report it?",PAYMENT,payment_issue
BMSLQC,"i lost my invoice, view it",INVOICES,check_invoices
BILC,"i purchased something, how do I modify my purchase?",ORDER,change_order
BILC,"I haven't got an account, can I open one?",ACCOUNT,create_account
BIMLQ,how do i report problems making a payment?,PAYMENT,payment_issue
BIMSZ,what can you tell me about getting sme invoices?,INVOICES,get_invoice
BILQC,"the concert was postponed, what do i have to do to obtain a refund?",REFUNDS,get_refund
BPMLE,I would like to check my packages,ORDER,track_order
BIPLEC,"I would like information, could you send an email to Customer Support, please?",CONTACT,contact_customer_service
BLC,"I want to use my other profile, help me change them",ACCOUNT,switch_account
BL,I had issues opening an account,ACCOUNT,registration_problems
BILQC,"I purchased an item, how can I modify my order?",ORDER,change_order
BILQCZ,"I need information , what can I do to send an email to Customer Support?",CONTACT,contact_customer_service
BIQC,"i havent got an account, can i create one?",ACCOUNT,create_account
BILQ,where do I track my shipment?,ORDER,track_order
BIPQDW,could u ask an agent where to delete my fucking account?,ACCOUNT,delete_account
BIMLZ,can you tell me how I can request some bills ?,INVOICES,get_invoice
BILQC,"i got an error when i attempted to make a payment, but my card was charged anyway, can u inform of it?",PAYMENT,payment_issue
BILZ,can I esnd an email to Client Service?,CONTACT,contact_customer_service
BILC,"my user account's been hacked, what can I do to get it back?",ACCOUNT,recover_password
BILC,"i have an issue when trying to make a payment, what do i have to do to report it?",PAYMENT,payment_issue
B,show me the email address to contact Customer Service,CONTACT,contact_customer_service
BML,tell me how to get some bills,INVOICES,get_invoice
BIPLEC,"my online account has been hacked, how could I recover it?",ACCOUNT,recover_password
BIPMLQDW,"can you ask an agent to check my fucking packages, please?",ORDER,track_order
BLC,"I need information, help me talk to Client Service",CONTACT,contact_customer_service
BILQC,"i wanna remove my account, how can i do it?",ACCOUNT,delete_account
BILQD,can u ask an agent what the number of customer support is?,CONTACT,contact_customer_service
BILQD,can u ask an agent what the mail of the Customer Support?,CONTACT,contact_customer_service
BILC,"I'm discontent with the service, how can I file a consumer complaint?",FEEDBACK,complaint
BISC,"i can't find my invoices, what do i have to do to check them?",INVOICES,check_invoices
BIPLEC,"I would like to notify an issue paying, could you help me?",PAYMENT,payment_issue
BILC,"I got an error message when I attempted to pay, but I was charged anyway, can I inform of it?",PAYMENT,payment_issue
BILQCZ,"the gvame was postponed, can I request arefund?",REFUNDS,get_refund
BILC,"I can't remember my account password, what should I do to retrieve it?",ACCOUNT,recover_password
BIQWC,"i dont want my fucking account, how can i delete it?",ACCOUNT,delete_account
BIQCZ,"I need an account , what can I do to create one?",ACCOUNT,create_account
BIPQZ,"lpease, can u find information about the options for delivery?",DELIVERY,delivery_options
BL,I have no user account,ACCOUNT,create_account
BILC,"I don't have a user account, what should I do to create one?",ACCOUNT,create_account
BLZ,I want to know if  I can register two profiles with a single email address,ACCOUNT,create_account
BSLQ,i wanna get information about changing my purchase,ORDER,change_order
BLC,I don't want my profile and I want to cancel it,ACCOUNT,delete_account
BI,do you have a newsletter I can subscribe to?,NEWSLETTER,newsletter_subscription
B,help me check the delivery options,DELIVERY,delivery_options
BI,can you show me the email address of Customer Service?,CONTACT,contact_customer_service
BIMLCZ,"I want to view my bill, what should I do ?",INVOICES,check_invoices
BSLEQC,"i am happy with the service, i need help lodging a comment",FEEDBACK,review
BIPMLD,"can you ask an agent if I can inform of payment problems, please?",PAYMENT,payment_issue
BILC,"I get an error message when I try to make a payment for my online order, can you help me?",PAYMENT,payment_issue
BIPLC,"I don't want my user account, could I close it?",ACCOUNT,delete_account
BILC,"I got an error message when I attempted to pay, but my card was charged anyway, how do I report it?",PAYMENT,payment_issue
BIQ,can I edit the information on my profile?,ACCOUNT,edit_account
BML,tell me if I can have several online accounts,ACCOUNT,create_account
BLQC,i have a problem making a payment with card and i want to notify it,PAYMENT,payment_issue
BILC,"I want a refund, how do I obtain one?",REFUNDS,get_refund
BLC,"my online account was hacked, recover it",ACCOUNT,recover_password
BLQC,"i got an error message when i tried to make a payment, but i was charged anyway, help me notify it",PAYMENT,payment_issue
BLQC,"im interested in your reimbursement policy, tell me about it",REFUNDS,check_refund_policy
BPLQ,i want to know if i could register two profiles with a single email address,ACCOUNT,create_account
BL,help me see the options for ticket delivery,DELIVERY,delivery_options
BILC,"you aren't helping, how do I contact someone?",CONTACT,contact_human_agent
BSLQC,I didn't receive my invoices and I want to view them,INVOICES,check_invoices
BIPMD,"please, can you ask an agent how I can report issues with my payment?",PAYMENT,payment_issue
BIPMLD,"can you ask an agent how I can view the cancellation fees, please?",CANCELLATION_FEE,check_cancellation_fee
BLQ,I wanna know how to modify my purchase,ORDER,change_order
BIML,where can I check my bill?,INVOICES,check_invoices
BILCZ,"i need information, how do i speai with customer service?",CONTACT,contact_customer_service
BIQC,"the event was postponed, can I get a refund?",REFUNDS,get_refund
BLQZ,i want to know where todownload an invoie,INVOICES,get_invoice
BILC,"I can't understand you, can you contact a person?",CONTACT,contact_human_agent
BSLQ,I need help getting a bill,INVOICES,get_invoice
BILQD,can u ask an agent where to report an issue paying?,PAYMENT,payment_issue
BILQZ,can you tell me if I can get a biol?,INVOICES,get_invoice
BISQCZ,"i didn't reveive my invoices, what do i have to do to check them?",INVOICES,check_invoices
BILQC,"I got an error when I attempted to make a payment, but I was charged anyway, what can I do?",PAYMENT,payment_issue
BL,tell me if I can register two online accounts with the same email address,ACCOUNT,create_account
BILZ,is there a free no to contact Customer Service?,CONTACT,contact_customer_service
BLQC,I purchased a product and I want to change my purchase,ORDER,change_order
BILC,"i changed my mind, how do i delete my profile?",ACCOUNT,delete_account
BIL,can you show me the options for ticket delivery?,DELIVERY,delivery_options
BIMSLC,"I didn't receive my bill, can you view it?",INVOICES,check_invoices
BLQ,i wanna view the cancellation fee,CANCELLATION_FEE,check_cancellation_fee
BILC,"I'm happy with the service, how do I submit a comment?",FEEDBACK,review
BILQD,can u ask an agent how to track my package?,ORDER,track_order
BICZ,"I want to track my rder, canyou tell me how I can do it?",ORDER,track_order
BIL,can you find information about the mail address of the Customer Support?,CONTACT,contact_customer_service
B,information about your payment methods,PAYMENT,check_payment_methods
BIQ,can you tell me how fast I can expect my ticket to arrive?,DELIVERY,delivery_period
BLQ,i wanna know if i can register several profiles with the same email,ACCOUNT,create_account
BILC,"I want to see your payment methods, what do I have to do?",PAYMENT,check_payment_methods
BLQC,i have a problem paying with card and i wanna inform of it,PAYMENT,payment_issue
BML,how to inform of problems with my payment,PAYMENT,payment_issue
BQ,I get an error when I try to pay,PAYMENT,payment_issue
BILC,"I got an error message when I attempted to make a payment, but my card was charged anyway, can you report it?",PAYMENT,payment_issue
BISLCZ,"I can't find my invoices, ohw can I see them?",INVOICES,check_invoices
BQC,I have an issue when trying to pay for my order and I want to report it,PAYMENT,payment_issue
BLD,ask an agent to lodge a consumer complaint for a service,FEEDBACK,complaint
BSLQC,i can't find my invoices and i wanna view them,INVOICES,check_invoices
BSLC,"I don't want my online account, I need help deleting it",ACCOUNT,delete_account
BILQC,"I changed my mind, what should I do to cancel my online account?",ACCOUNT,delete_account
BLZ,where toobtain a  refund,REFUNDS,get_refund
BIMSLQC,"I can't find my bill, how can I view it?",INVOICES,check_invoices
BSLQ,I wanna ask for information about changing my order,ORDER,change_order
BLWC,"someone stole my fucking account password, reset it",ACCOUNT,recover_password
BIPLQD,"please, can u ask an agent where to inform of a payment issue?",PAYMENT,payment_issue
BIMQD,can u ask an agent to show me information about my invoice?,INVOICES,check_invoices
BILZ,can you speakwith a human?,CONTACT,contact_human_agent
BMSLQC,I lost my bill and I want to check it,INVOICES,check_invoices
BIL,how can I open a user account?,ACCOUNT,create_account
BIC,"I get an error when I try to pay, what should I do?",PAYMENT,payment_issue
BILQDZ,can u ask an agernt to create a user account?,ACCOUNT,create_account
BLC,"i have a problem paying, i need help informing of it",PAYMENT,payment_issue
BIL,can I talk to Client Service?,CONTACT,contact_customer_service
BILQC,"my profile was hacked, how do I recover it?",ACCOUNT,recover_password
BLQD,ask an agent how i can register,ACCOUNT,create_account
BLC,"I've got no user account, help me open one",ACCOUNT,create_account
BLQC,"I got an error when I attempted to make a payment, but I was charged anyway, notify it",PAYMENT,payment_issue
BIPML,where could I inform of issues with my payment?,PAYMENT,payment_issue
BILC,"i want to file a comment for a service, what can i do?",FEEDBACK,review
BILQ,can I view the status of my reimbursement?,REFUNDS,track_refund
B,I want to know where I can get an invoice,INVOICES,get_invoice
BLQC,i havent got a user account and i wanna open one,ACCOUNT,create_account
BSLQC,"im happy with the service, i need help submitting a comment",FEEDBACK,review
BLQC,"i have a problem when trying to pay for my online order, inform of it",PAYMENT,payment_issue
BILQ,where do I create a profile?,ACCOUNT,create_account
BLQCZ,"i dnt understand you, speak with a human agent",CONTACT,contact_human_agent
BILC,"I want to retrieve my password, can you help me?",ACCOUNT,recover_password
BC,I haven't got an account and I want to create one,ACCOUNT,create_account
BILZ,where do I viwe the status of my purchase?,ORDER,track_order
BSQZ,I need help tracking ym redfund,REFUNDS,track_refund
BIQ,can u show me the email address to contact customer service?,CONTACT,contact_customer_service
BILC,"I have a problem paying for my online order, can you notify it?",PAYMENT,payment_issue
BL,where to report a problem paying,PAYMENT,payment_issue
BIPMLD,"could you ask an agent where I can report issues making a payment, please?",PAYMENT,payment_issue
BLQ,i need information about the mail of the Customer Service,CONTACT,contact_customer_service
BMLQ,I wanna know where I can check my deliveries,ORDER,track_order
BILQ,where can I make a consumer complaint?,FEEDBACK,complaint
BC,I don't understand you and I want to contact a human agent,CONTACT,contact_human_agent
BILQC,"I purchased something, how do I change my order?",ORDER,change_order
BILQCZ,"I made an mistake, how do I chnage my purchase?",ORDER,change_order
BILQD,can u ask an agent if i can file a consumer complaint for a service?,FEEDBACK,complaint
BMSLQC,"I didn't receive my invoice, show it",INVOICES,check_invoices
BILQZ,"I want to see an invoice , can you tell me where I can do it?",INVOICES,get_invoice
BISLC,"I lost my bills, what should I do to see them?",INVOICES,check_invoices
BPML,"help me notify issues paying, please",PAYMENT,payment_issue
BILC,"I'm happy with the service, can I make a comment?",FEEDBACK,review
BPQD,"ask an agent where i can check the options for delivery, please",DELIVERY,delivery_options
BIL,can you find information about your reimbursement policy?,REFUNDS,check_refund_policy
BIPMLQDW,could u ask an agent where i can inform of fucking issues making a payment?,PAYMENT,payment_issue
BIPLQ,"Id like to download an invoice, could you tell me how I can do it?",INVOICES,get_invoice
BILC,"an error pops when i try to pay, what should i do?",PAYMENT,payment_issue
BSLQ,I wanna request information about getting an invoice,INVOICES,get_invoice
BLC,i have a question and i want to send an email to customer service,CONTACT,contact_customer_service
BILQ,whats the mail address to contact Client Service?,CONTACT,contact_customer_service
BLQ,"I want to obtain an invoice, tell me how I can do it",INVOICES,get_invoice
BILQC,"im discontent with the service, how do i lodge a consumer complaint?",FEEDBACK,complaint
BIPLQC,"id like to check the cancellation penalty, what do i have to do?",CANCELLATION_FEE,check_cancellation_fee
BL,"I want to obtain a bill, tell me how I can do it",INVOICES,get_invoice
BIPLC,"I want information, can you speak with Customer Service, please?",CONTACT,contact_customer_service
BIML,can I register more than one online account with the same email address?,ACCOUNT,create_account
BMLQ,i wanna know how I can see some bills,INVOICES,get_invoice
BILC,"I'm not happy with the service, how can I submit a consumer complaint?",FEEDBACK,complaint
BIL,can you tell me the hours of Customer Support?,CONTACT,contact_customer_service
BILC,"I want to track my purchase, can you help me?",ORDER,track_order
BISL,what information do you have about modifying my order?,ORDER,change_order
BPQDW,"ask an agent what the fucking phone number of Customer Service is, please",CONTACT,contact_customer_service
BIPDW,"could you ask an agent if I could report a fucking payment issue, please?",PAYMENT,payment_issue
BIMLQ,how can i view my invoice?,INVOICES,check_invoices
BI,has my refund been processed?,REFUNDS,track_refund
BILQC,"I got an error when I attempted to pay, but my card was charged anyway, how do I inform of it?",PAYMENT,payment_issue
BILC,"I don't understand you, what do I have to do to speak with someone?",CONTACT,contact_human_agent
BILQC,"i have a problem when trying to pay, can u inform of it?",PAYMENT,payment_issue
B,where to check the status of my order,ORDER,track_order
BILQC,"I bought an item, what can I do to change my purchase?",ORDER,change_order
BLC,I'm discontent with the service and I want to make a consumer complaint,FEEDBACK,complaint
BISLC,"I lost my bills, can you check them?",INVOICES,check_invoices
BLQ,i want to see the number of client service,CONTACT,contact_customer_service
BPLQ,"i wanna know if i could modify my order, please",ORDER,change_order
BMLQ,I wanna know where to check my orders,ORDER,track_order
BLC,"i have an issue when trying to make a payment, i need help notifying it",PAYMENT,payment_issue
BIPL,"I want to see a bill, can you tell me where I can do it, please?",INVOICES,get_invoice
BLQD,ask an agent how i can view my invoices,INVOICES,check_invoices
BILQC,"I want to create a profile, what can I do?",ACCOUNT,create_account
BILQC,"I bought something, what do I have to do to change my purchase?",ORDER,change_order
BLQ,i want to know if i can pay with credit card,PAYMENT,check_payment_methods
BM,how to solve issues with my payment,PAYMENT,payment_issue
BSQC,"I want to use my other account, I need help changing them",ACCOUNT,switch_account
BIML,"I want to see some bills, can you tell me how I can do it?",INVOICES,get_invoice
BPL,I'd like to leave a comment for a service,FEEDBACK,review
BILCZ,"your not helping, what do I have to do to speak with someone?",CONTACT,contact_human_agent
BIPLDZ,"could you ask an agent to provide information about my bills, please ?",INVOICES,check_invoices
BPLQZ,"i wanna know if i could register several profiles with a single email address , please",ACCOUNT,create_account
BCZ,"i have a queestion, help me contact customer service",CONTACT,contact_customer_service
BLC,"I got an error message when I attempted to make a payment, but I was charged anyway, help me notify it",PAYMENT,payment_issue
BILQC,"i dont like the service, can i lodge a complaint?",FEEDBACK,complaint
BIPLWC,"i have a question, could i speak with fucking customer support, please?",CONTACT,contact_customer_service
BL,i want to see the options for delivery,DELIVERY,delivery_options
BILQ,where do i notify a problem paying?,PAYMENT,payment_issue
BILQC,"i bought something, what should i do to modify my purchase?",ORDER,change_order
BMQZ,I want to tack my orders,ORDER,track_order
BILQC,"I got an error message when I tried to pay, but I was charged anyway, how can I notify it?",PAYMENT,payment_issue
BILQC,"the event was cancelled, how can I get a reimbursement?",REFUNDS,get_refund
BILC,"I want an account, can I open one?",ACCOUNT,create_account
BILQDZ,can u as an agent where to obtain an invoice?,INVOICES,get_invoice
BLCZ,"I have a problem making a paymemt, help me notify it",PAYMENT,payment_issue
BILQC,"i have a question, what should i do to contact customer support?",CONTACT,contact_customer_service
BILC,"I want to lodge a comment for a service, what do I have to do?",FEEDBACK,review
BL,help me remove my account,ACCOUNT,delete_account
BIPDWZ,"can you ask an agent ohw to get a fucking invoice, please?",INVOICES,get_invoice
BICZ,"the event was cancelled, what should I do go get a refund?",REFUNDS,get_refund
BILCZ,"I don't have a user account, what should I do to opn one?",ACCOUNT,create_account
BL,show me the free number to contact client service,CONTACT,contact_customer_service
BILC,"I forgot my account password, how can I retrieve it?",ACCOUNT,recover_password
BLQ,I want to see the mail of the Customer Support,CONTACT,contact_customer_service
BIPLDZ,could you ask an agent if I could speak with Client eSrvice?,CONTACT,contact_customer_service
BILQC,"my profile was hacked, what can i do?",ACCOUNT,recover_password
BSL,I need help changing to another online account,ACCOUNT,switch_account
BIML,can I register more than one profile with the same email address?,ACCOUNT,create_account
BILQ,whats the number to contact Customer Service?,CONTACT,contact_customer_service
BPLDZ,"ask an agent to speak with customer support,please",CONTACT,contact_customer_service
BIMC,"I want to check my invoice, what do I have to do?",INVOICES,check_invoices
BIC,"I want to use my other account, how do I change them?",ACCOUNT,switch_account
BIC,"I want to file a review, can you help me?",FEEDBACK,review
BILQ,"I want to obtain a bill, can you tell me where to do it?",INVOICES,get_invoice
BLQC,"I got an error when I tried to pay, but I was charged anyway and I want to notify it",PAYMENT,payment_issue
BILC,"you're not helping, what can I do to talk to a human agent?",CONTACT,contact_human_agent
BILZ,can tou tell me where to download a bill?,INVOICES,get_invoice
BSL,i need help reporting an issue making a payment,PAYMENT,payment_issue
BILC,"I want to solve a payment problem, what should I do?",PAYMENT,payment_issue
BPLQC,"i dont like the service, submit a consumer complaint, please",FEEDBACK,complaint
BILC,"I have a problem when trying to make a payment, how can I notify it?",PAYMENT,payment_issue
BILC,"I need information, can I speak with Client Service?",CONTACT,contact_customer_service
BPD,"please, ask an agent to solve an issue with my payment",PAYMENT,payment_issue
BIPL,could you track my package?,ORDER,track_order
BILC,"I'm happy with the service, what should I do to submit a comment?",FEEDBACK,review
BILQ,can I leave an opinion for a service?,FEEDBACK,review
BILC,"i have a problem when trying to pay for my online order, what should i do to inform of it?",PAYMENT,payment_issue
BILQC,"I have an issue paying with card, how can I notify it?",PAYMENT,payment_issue
BILC,"I got an error when I attempted to pay, but my card was charged anyway, what can I do to inform of it?",PAYMENT,payment_issue
BILC,"I need information, how do I send an email to Customer Support?",CONTACT,contact_customer_service
BILQC,"I got an error when I attempted to make a payment, but I was charged anyway, what can I do to inform of it?",PAYMENT,payment_issue
BLC,"I have no online account, help me create one",ACCOUNT,create_account
BL,how to view the options for ticket delivery,DELIVERY,delivery_options
BILQC,"I want to inform of a problem making a payment, what do I have to do?",PAYMENT,payment_issue
BMSLQ,I wanna request information about seeing some bills,INVOICES,get_invoice
BLZ,show me the mail to contact Custome Support,CONTACT,contact_customer_service
BILQZ,can you tell me the free phone number to contact Customer Sevrice?,CONTACT,contact_customer_service
BILQD,can u ask an agent where to close my online account?,ACCOUNT,delete_account
BILC,"I got an error message when I attempted to make a payment, but I was charged anyway, what should I do to report it?",PAYMENT,payment_issue
BLQCZ,"I have a issue when trying to pay with card, help me notify it",PAYMENT,payment_issue
BISLC,"I didn't receive my bills, how do I see them?",INVOICES,check_invoices
BML,tell me if I can register more than one account with a single email address,ACCOUNT,create_account
BILC,"I forgot my password, what can I do to reset it?",ACCOUNT,recover_password
BILQC,"i dont understand you, can i talk to a human agent?",CONTACT,contact_human_agent
BLWC,my fucking user account was hacked and i want to recover it,ACCOUNT,recover_password
BIL,can you show me information about the cancellation penalty?,CANCELLATION_FEE,check_cancellation_fee
BLQD,ask an agent if there is a free number to contact customer support,CONTACT,contact_customer_service
BILC,"the event was postponed, what should I do to obtain a reimbursement?",REFUNDS,get_refund
BIPLD,could you ask an agent how I can retrieve my password?,ACCOUNT,recover_password
BIL,how can I obtain an invoice?,INVOICES,get_invoice
BZ,I want to knpw how soon I can expect my ticket,DELIVERY,delivery_period
BILQC,"I have a question, what should I do to talk to Customer Service?",CONTACT,contact_customer_service
BLQC,"i need information, speak with client service",CONTACT,contact_customer_service
BILQC,"i want to notify an issue paying, what do i have to do?",PAYMENT,payment_issue
BILC,"an error message pops when I try to make a payment for my order, what can I do?",PAYMENT,payment_issue
BL,request an invoice,INVOICES,get_invoice
BIL,how can I register?,ACCOUNT,create_account
BQC,ive got no account and i want to create one,ACCOUNT,create_account
BIPLQD,could u ask an agent what the mail address of the Customer Service?,CONTACT,contact_customer_service
BLEQC,i am happy with the service and i wanna lodge an opinion,FEEDBACK,review
BLQC,i want information and i want to talk to customer service,CONTACT,contact_customer_service
BILQC,"I want to see the status of my reimbursement, what do I have to do?",REFUNDS,track_refund
BIPD,could you ask an agent if I could change to another account?,ACCOUNT,switch_account
BIML,can you tell me if i can register more than one profile with the same email address?,ACCOUNT,create_account
BILQC,"the game was postponed, what do i have to do to get a refund?",REFUNDS,get_refund
BML,i want to know if i can create more than one profile with the same email,ACCOUNT,create_account
BILC,"I forgot my account password, can you recover it?",ACCOUNT,recover_password
BILC,"I got an error message when I attempted to pay, but my card was charged anyway, can I inform of it?",PAYMENT,payment_issue
BISL,what can you tell me about modifying my order?,ORDER,change_order
BIPLD,"please, can you ask an agent where to check my delivery?",ORDER,track_order
BL,I want to know if I can check my shipment,ORDER,track_order
BILQC,"I got an error when I tried to make a payment, but my card was charged anyway, what should I do to notify it?",PAYMENT,payment_issue
BIC,"I want to file a complaint for a service, can you help me?",FEEDBACK,complaint
BILC,"I'm happy with the service, what can I do to lodge a review?",FEEDBACK,review
BLD,ask an agent to report a payment problem,PAYMENT,payment_issue
BML,I want to know where I can track my packages,ORDER,track_order
BPQC,"id like an account, create one, please",ACCOUNT,create_account
BILC,"my profile's been hacked, what should I do to recover it?",ACCOUNT,recover_password
BILQC,"i forgot my account password, can i recover it?",ACCOUNT,recover_password
BIML,how do I notify problems with my payment?,PAYMENT,payment_issue
BILZ,what's the free phone no to contact Customer Support?,CONTACT,contact_customer_service
BLC,I don't want my account and I want to remove it,ACCOUNT,delete_account
BIL,can you tell me what the email of the Customer Support is?,CONTACT,contact_customer_service
B,help me check the status of my refund,REFUNDS,track_refund
BLQC,I changed my mind and I want to close my profile,ACCOUNT,delete_account
BPLW,"help me notify a fucking problem making a payment, please",PAYMENT,payment_issue
BPSLQ,"id like to ask for information about changing my purchase, please",ORDER,change_order
BIM,can you tell me how to get some invoices?,INVOICES,get_invoice
BIPQDZ,"can u ask an agent whats the status of my oeder, please?",ORDER,track_order
BIPLDW,"can you ask an agent how I can request a fucking reimbursement, please?",REFUNDS,get_refund
BLQC,ive got no user account and i wanna register,ACCOUNT,create_account
BL,I'm interested in your money back guarantee,REFUNDS,check_refund_policy
BILC,"the concert was cancelled, what should I do to get a refund?",REFUNDS,get_refund
BLC,I can't understand you and I want to speak with someone,CONTACT,contact_human_agent
BIMLQ,can I own several online accounts?,ACCOUNT,create_account
BILC,"I want to use my other profile, how can I change them?",ACCOUNT,switch_account
BILQC,"ive got no online account, how can i open one?",ACCOUNT,create_account
BL,"I want to request a bill, can you show me some information?",INVOICES,get_invoice
BLC,"I have a problem making a payment with card, I need help reporting it",PAYMENT,payment_issue
BL,I'm having issues creating a profile,ACCOUNT,registration_problems
BILQCZ,"I want a reimbursement, what should I do to request on?",REFUNDS,get_refund
BILC,"I've got no online account, what can I do to open one?",ACCOUNT,create_account
BSLQC,"I need information, I need help calling Customer Support",CONTACT,contact_customer_service
BILQWC,"i wanna see the fucking status of my refund, what can i do?",REFUNDS,track_refund
BDZ,ask an agent fi I get an full refund in case I cancel my ticket,REFUNDS,check_refund_policy
BILQWC,"I bought something, what do I have to do to modify my fucking order?",ORDER,change_order
BIML,can you tell me how to request some invoices?,INVOICES,get_invoice
BIPW,"please, could you show me the fucking phone number of Customer Service?",CONTACT,contact_customer_service
BLC,I've got no online account and I want to register,ACCOUNT,create_account
BQD,ask an agent to find information about the delivery options,DELIVERY,delivery_options
BILC,"I have a problem when trying to pay for my online order, can you help me?",PAYMENT,payment_issue
BILC,"I've got no profile, what should I do to create one?",ACCOUNT,create_account
BSL,I want to get information about getting a bill,INVOICES,get_invoice
BILQC,"i got an error message when i tried to make a payment, but my card was charged anyway, how can i notify it?",PAYMENT,payment_issue
BLQZ,o want to contact a human,CONTACT,contact_human_agent
BM,help me report issues with my payment,PAYMENT,payment_issue
BL,tell me how I can receive the newsletter,NEWSLETTER,newsletter_subscription
BLC,"someone stole my account password, reset it",ACCOUNT,recover_password
BC,"I got an error when I tried to pay, but my card was charged anyway",PAYMENT,payment_issue
BIPLQDW,can you ask an agent if I could download a fucking bill?,INVOICES,get_invoice
BPLQDW,"ask an agent where I can see the fucking options for ticket delivery, please",DELIVERY,delivery_options
BILC,"I want to obtain a reimbursement, what do I have to do?",REFUNDS,get_refund
BSLQW,I need help speaking with fucking Customer Support,CONTACT,contact_customer_service
BI,can you tell me the email address to contact Customer Service?,CONTACT,contact_customer_service
BILQC,"i purchased an item, can I change my purchase?",ORDER,change_order
BILQZ,how doI speak with someone?,CONTACT,contact_human_agent
BIL,where can I see the ticket delivery options?,DELIVERY,delivery_options
BILQC,"i have an issue paying for my online order, how do i report it?",PAYMENT,payment_issue
BSQC,"I changed my mind, I need help deleting my account",ACCOUNT,delete_account
BIMLQ,where can I inform of issues with my payment?,PAYMENT,payment_issue
BILC,"I'm happy with the service, how can I make a review?",FEEDBACK,review
BIML,are my orders on their way?,ORDER,track_order
BILQC,"I want to open a user account, what can I do?",ACCOUNT,create_account
BSL,I need help writing a review,FEEDBACK,review
BIQC,"i want to track my order, what should i do?",ORDER,track_order
BILC,"the payment won't go through, what should I do?",PAYMENT,payment_issue
BILC,"i need a reimbursement, how can i obtain one?",REFUNDS,get_refund
BLQC,"I got an error message when I attempted to pay, but I was charged anyway, help me inform of it",PAYMENT,payment_issue
BL,I've got no user account,ACCOUNT,create_account
BIPMLDW,could you ask an agent where to inform of fucking problems with my payment?,PAYMENT,payment_issue
BILC,"I got an error when I tried to make a payment, but my card was charged anyway, what do I have to do to notify it?",PAYMENT,payment_issue
BILC,"I have a problem paying, can you notify it?",PAYMENT,payment_issue
BPLC,"i need information, talk to customer support, please",CONTACT,contact_customer_service
BIPLQC,"i have a question, can u speak with client service, please?",CONTACT,contact_customer_service
BL,I want information about the options for ticket delivery,DELIVERY,delivery_options
BILC,"I need information, what can I do to send an email to Customer Service?",CONTACT,contact_customer_service
BILZ,how can I download an nivoice?,INVOICES,get_invoice
BL,i want to know if i can register several profiles with a single email address,ACCOUNT,create_account
BILQC,"i wanna see your reimbursement policy, what should i do?",REFUNDS,check_refund_policy
BILC,"I need a user account, can I open one?",ACCOUNT,create_account
BSLQZ,i need help requesting an refund,REFUNDS,get_refund
BILQC,"you arent helping, what should i do to speak with a human?",CONTACT,contact_human_agent
BLC,"I can't understand you, contact a human agent",CONTACT,contact_human_agent
BPSLC,"I don't want my account, I need help canceling it, please",ACCOUNT,delete_account
BL,I had problems when trying to create a profile,ACCOUNT,registration_problems
BILC,"i have a problem when trying to make a payment, what can i do?",PAYMENT,payment_issue
BSLQC,"my profile's been hacked, i need help recovering it",ACCOUNT,recover_password
BLQ,i wanna see the number to contact client service,CONTACT,contact_customer_service
BIQC,"youre not helping, how can i contact a human agent?",CONTACT,contact_human_agent
BILQ,can I write a comment for a service?,FEEDBACK,review
BMLQ,I wanna know how to see some invoices,INVOICES,get_invoice
BILQC,"the game was postponed, what should i do to request a reimbursement?",REFUNDS,get_refund
BQC,"I want information, help me contact Customer Service",CONTACT,contact_customer_service
BMLQDZ,ask an agent how I can request somebills,INVOICES,get_invoice
BLC,"I'm happy with the service, file a comment",FEEDBACK,review
BPLQWC,"my fucking online account's been hacked and i wanna get it back, please",ACCOUNT,recover_password
BLC,"i have a problem when trying to make a payment, inform of it",PAYMENT,payment_issue
BPMLQD,"please, ask an agent how I can notify payment problems",PAYMENT,payment_issue
BILQC,"I made a mistake, what do I have to do to change my purchase?",ORDER,change_order
BLD,ask an agent where i can register,ACCOUNT,create_account
BSLC,"I lost my bills, I need help viewing them",INVOICES,check_invoices
BILC,"I'm happy with the service, what should I do to file a comment?",FEEDBACK,review
BILC,"you're not helping, can I talk to a human?",CONTACT,contact_human_agent
BPLE,I would like to contact Customer Support,CONTACT,contact_customer_service
BPLQD,"ask an agent if i can edit my shipping address, please",SHIPPING,change_shipping_address
BL,tell me what the number to contact Client Service is,CONTACT,contact_customer_service
B,tell me how I can change my order,ORDER,change_order
BI,where do I get a refund?,REFUNDS,get_refund
BILC,"I got no payment validation, what should I do?",PAYMENT,payment_issue
BILCZ,"I got an error when I attempted to pay, but my card was charged anyway, what shouldI do to notify it?",PAYMENT,payment_issue
BLC,"I want to modify my purchase, can you give me some information?",ORDER,change_order
BPDZ,"ask an agent where i could check the options for delivery , please",DELIVERY,delivery_options
BIL,can I make a payment with Visa?,PAYMENT,check_payment_methods
BIMSQC,"I can't find my invoice, how can I check it?",INVOICES,check_invoices
BLD,ask an agent how i can file a consumer complaint for a service,FEEDBACK,complaint
BILEQC,"my profile has been hacked, how can i recover it?",ACCOUNT,recover_password
BILQCZ,"I get an error message qhen I try to pay with card, what can I do?",PAYMENT,payment_issue
BIC,"I want to check the status of my refund, what can I do?",REFUNDS,track_refund
BLD,ask an agent where to see their payment methods,PAYMENT,check_payment_methods
BLC,"my online account's been hacked, recover it",ACCOUNT,recover_password
BILC,"I need information, how can I call Customer Support?",CONTACT,contact_customer_service
BILQCZ,"you arent helping, what do i ave to do tro talk to a human?",CONTACT,contact_human_agent
BILQ,where do I switch to another profile?,ACCOUNT,switch_account
BLQC,I ordered a product and I want to change my purchase,ORDER,change_order
BILC,"I can't understand you, what should I do to speak with someone?",CONTACT,contact_human_agent
BPSW,"I need help checking your fucking payment methods, please",PAYMENT,check_payment_methods
BILC,"I got an error message when I tried to pay, but my card was charged anyway, how do I notify it?",PAYMENT,payment_issue
BSLQC,"I purchased a product, I need help modifying my order",ORDER,change_order
BIPMLD,"could you ask an agent how I can request some bills, please?",INVOICES,get_invoice
BILQC,"i have a problem when trying to pay for my online order, what can i do to notify it?",PAYMENT,payment_issue
BILQC,"i wanna check the status of my reimbursement, can u help me?",REFUNDS,track_refund
BILC,"I want to notify a problem with my payment, can you help me?",PAYMENT,payment_issue
BIPL,"can you tell me if I can track my shipment, please?",ORDER,track_order
BL,where to notify a payment problem,PAYMENT,payment_issue
BLQZ,i wqnna switch to another user account,ACCOUNT,switch_account
BIPLQWC,"i purchased an item, can I modify my fucking purchase, please?",ORDER,change_order
BSL,information about downloading an invoice,INVOICES,get_invoice
BILC,"i need a refund, what do i have to do to obtain one?",REFUNDS,get_refund
BILQC,"the game was postponed, what do I have to do?",REFUNDS,get_refund
BIPLQD,"can u ask an agent if there is a free phone number to contact customer support, please?",CONTACT,contact_customer_service
BIPL,"please, could you tell me if I can modify my order?",ORDER,change_order
BIPLDZ,"could you ask an agent fi I can solv a problem with my payment, please?",PAYMENT,payment_issue
BIPLQC,"i want to file a comment, could u help me?",FEEDBACK,review
BLQC,"i need information, help me contact customer support",CONTACT,contact_customer_service
BIL,can i register two profiles with the same email address?,ACCOUNT,create_account
BSLC,"I'm not happy with the service, I need help lodging a complaint",FEEDBACK,complaint
BILQC,"im happy with the service, what do i have to do to lodge a comment?",FEEDBACK,review
BML,where to notify payment issues,PAYMENT,payment_issue
BILC,"I want to solve a problem paying, what do I have to do?",PAYMENT,payment_issue
BPMLQD,"please, ask an agent if i could notify problems paying",PAYMENT,payment_issue
BILCZ,"I haven't got an profile, what can I do to create one?",ACCOUNT,create_account
BILQC,"ive got no user account, what should i do to register?",ACCOUNT,create_account
BILC,"the concert was postponed, what should i do to request a reimbursement?",REFUNDS,get_refund
BIL,where do I notify a problem with my payment?,PAYMENT,payment_issue
BSLC,"I don't like the service, I need help lodging a consumer complaint",FEEDBACK,complaint
BPLD,"please, ask an agent if i could lodge a consumer complaint",FEEDBACK,complaint
BIMSC,"I can't find my invoice, what should I do to check it?",INVOICES,check_invoices
BL,I'm having an issue with the registration,ACCOUNT,registration_problems
BLEWC,"I am interested in your fucking reimbursement policy, tell me about it",REFUNDS,check_refund_policy
BMLQD,ask an agent where to notify problems with my payment,PAYMENT,payment_issue
BILC,"you aren't helping, can you talk to someone?",CONTACT,contact_human_agent
BLC,I'm happy with the service and I want to file an opinion,FEEDBACK,review
BL,I want to know what the free phone number to contact Customer Support is,CONTACT,contact_customer_service
BIQC,"the event was cancelled, how can i get a refund?",REFUNDS,get_refund
BLQZ,an error messagd pops when I attempt to pay with card,PAYMENT,payment_issue
BLQ,I wanna know where I can get a bill,INVOICES,get_invoice
BILQC,"i want to see your money back policy, can u help me?",REFUNDS,check_refund_policy
BMLQ,i wanna know how to see some invoices,INVOICES,get_invoice
BIL,where can i view your refund policy?,REFUNDS,check_refund_policy
BILC,"the event was postponed, what do I have to do to obtain a refund?",REFUNDS,get_refund
BML,tell me how to know where my shipments are,ORDER,track_order
BILQC,"I ordered something, how can I change my purchase?",ORDER,change_order
BILQC,"i have an issue making a payment with card, what can i do to inform of it?",PAYMENT,payment_issue
BIPLC,"I'd like information, could you talk to Customer Service, please?",CONTACT,contact_customer_service
BML,where to view my bill,INVOICES,check_invoices
BIPLQ,"please, can you tell me if I can create several accounts with the same email?",ACCOUNT,create_account
BLC,"I got an error message when I tried to pay, but I was charged anyway, report it",PAYMENT,payment_issue
B,help me track my order,ORDER,track_order
BILQC,"I get an error when I attempt to make a payment with card, what can I do?",PAYMENT,payment_issue
BQC,"I changed my mind, delete my account",ACCOUNT,delete_account
BIL,where can I check the options for ticket delivery?,DELIVERY,delivery_options
BILC,"I don't like the service, what do I have to do to make a consumer complaint?",FEEDBACK,complaint
BILQD,can u ask an agent how to see their payment methods?,PAYMENT,check_payment_methods
BIPLD,"could you ask an agent if i could track my package, please?",ORDER,track_order
BIMSLQD,can u ask an agent for information about requesting some invoices?,INVOICES,get_invoice
BZ,tell me were my order is,ORDER,track_order
BIL,can I solve a problem paying?,PAYMENT,payment_issue
BL,help me check my delivery,ORDER,track_order
BIML,how do I view the cancellation fees?,CANCELLATION_FEE,check_cancellation_fee
BL,information about the mail of the Customer Service,CONTACT,contact_customer_service
BL,I had an issue with the registration,ACCOUNT,registration_problems
BILQZ,where ca i see the status of my order?,ORDER,track_order
BLQCZ,I changed my  mind and I want to delete my profile,ACCOUNT,delete_account
BLQC,"i dont have a shipping address, help me set one up",SHIPPING,set_up_shipping_address
BISLQC,"I didn't receive my invoices, how can I see them?",INVOICES,check_invoices
BSLQC,"i ordered an item, i need help modifying my purchase",ORDER,change_order
BILQCZ,"an error message pops when I attempt to make a payment for my order, what sould I do?",PAYMENT,payment_issue
BLQC,"im discontent with the service, help me file a consumer complaint",FEEDBACK,complaint
BILQ,can u show me the mail address to contact customer service?,CONTACT,contact_customer_service
BILQC,"i want to view the ticket delivery options, what should i do?",DELIVERY,delivery_options
BLQC,"i got an error when i tried to make a payment, but i was charged anyway, help me notify it",PAYMENT,payment_issue
BILQC,"I have a problem when trying to pay, what should I do to report it?",PAYMENT,payment_issue
BILQD,can u ask an agent where to see their payment methods?,PAYMENT,check_payment_methods
BILCZ,"I have an issue when trying to pay for my online order, can you inform of it ?",PAYMENT,payment_issue
BLZ,tell me if I can create several profiles with the same eemail,ACCOUNT,create_account
BIL,can you tell me the email address to contact customer support?,CONTACT,contact_customer_service
BML,where to track my packages,ORDER,track_order
BILC,"I want to report a problem paying, can you help me?",PAYMENT,payment_issue
BIL,how do I view the options for delivery?,DELIVERY,delivery_options
BIC,"I want to report an issue with my payment, what can I do?",PAYMENT,payment_issue
BPLE,"I would like information about the mail address of the Client Service, please",CONTACT,contact_customer_service
B,I want to know how long refunds take,REFUNDS,check_refund_policy
BL,where to see the delivery options,DELIVERY,delivery_options
BSLQ,I need help checking the cancellation penalty,CANCELLATION_FEE,check_cancellation_fee
BILQC,"i have no shipping address, what do i have to do to set it up?",SHIPPING,set_up_shipping_address
BL,I don't know anything about your money back guarantee,REFUNDS,check_refund_policy
BLQ,I want to know what the email to contact Customer Support is,CONTACT,contact_customer_service
BILQC,"I ordered something, how do i modify my purchase?",ORDER,change_order
BILC,"I have a question, can I call Client Service?",CONTACT,contact_customer_service
BIC,"I'm happy with the service, how do I file a review?",FEEDBACK,review
BILQCZ,"I purchassed osmething, how can i modify my order?",ORDER,change_order
BILQZ,can you telol me if I can register two online accounts with the same email address?,ACCOUNT,create_account
BLQ,i wanna leave a comment for a service,FEEDBACK,review
BIEQC,"i am happy with the service, can i file a review?",FEEDBACK,review
BILQ,how do I speak with a human?,CONTACT,contact_human_agent
BILC,"I got an error message when I tried to pay, but my card was charged anyway, how can I report it?",PAYMENT,payment_issue
B,I get an error when I try to pay with card,PAYMENT,payment_issue
BILQ,is there a newsletter I can receive?,NEWSLETTER,newsletter_subscription
BLQ,an error message pops when i try to make a payment for my order,PAYMENT,payment_issue
BILEQC,"u are not helping, what can i do to talk to a person?",CONTACT,contact_human_agent
BILQC,"I want to notify a payment issue, what do I have to do?",PAYMENT,payment_issue
BL,tell me what the email to contact Customer Service is,CONTACT,contact_customer_service
BQ,"I want to get an invoice, can you give me some information?",INVOICES,get_invoice
BILQC,"I want to modify my purchase, can you tell me where I can do it?",ORDER,change_order
BIPD,could you ask an agent about the cancellation fee?,CANCELLATION_FEE,check_cancellation_fee
BIMQD,can you ask an agent how I can track my orders?,ORDER,track_order
BIMLQZ,can u give me information about the cancelation penaltes?,CANCELLATION_FEE,check_cancellation_fee
BL,i want to call client service,CONTACT,contact_customer_service
BQ,I want to know if i can change my order,ORDER,change_order
BILQC,"youre not helping, what should i do to speak with someone?",CONTACT,contact_human_agent
BLQ,I want to obtain a reimbursement,REFUNDS,get_refund
BLC,I want information and I want to speak with Customer Service,CONTACT,contact_customer_service
BLC,"I got an error when I attempted to make a payment, but I was charged anyway, I need help notifying it",PAYMENT,payment_issue
BIQDZ,can u ask an agent how o track my order?,ORDER,track_order
B,I want to know what the phone number to contact Customer Service is,CONTACT,contact_customer_service
BIL,how can I delete my profile?,ACCOUNT,delete_account
BPLQC,"I bought an item, help me change my purchase, please",ORDER,change_order
BLQ,show me the mail of Client Service,CONTACT,contact_customer_service
BPLQWC,"i dont understand you, help me talk to fucking someone, please",CONTACT,contact_human_agent
BIL,can you tell me what the number to contact Client Service is?,CONTACT,contact_customer_service
BILQC,"i need a refund, can i request one?",REFUNDS,get_refund
BIMLQD,can you ask an agent if i can request some bills?,INVOICES,get_invoice
B,tell me where I can subscribe to the newsletter,NEWSLETTER,newsletter_subscription
BIMSLQC,"i lost my bill, can i see it?",INVOICES,check_invoices
BIL,can you tell me if I can register several user accounts with a single email address?,ACCOUNT,create_account
BILC,"I want to solve an issue paying, can you help me?",PAYMENT,payment_issue
BIL,can you show me the email address to contact Customer Support?,CONTACT,contact_customer_service
BILC,"I got an error when I attempted to pay, but I was charged anyway, what should I do to notify it?",PAYMENT,payment_issue
BPD,ask an agent where I could check the status of my refund,REFUNDS,track_refund
BLQ,I need information about the email of the Client Service,CONTACT,contact_customer_service
BILC,"my online account was hacked, can I get it back?",ACCOUNT,recover_password
BMLQ,tell me if I can obtain some invoices,INVOICES,get_invoice
BILQ,where do I check my package?,ORDER,track_order
BIPL,could you tell me if there is any human available?,CONTACT,contact_human_agent
BLC,my online account's been hacked and I want to get it back,ACCOUNT,recover_password
BSLQC,"I bought an item, i need help modifying my purchase",ORDER,change_order
BLQ,"i wanna download an invoice, tell me where to do it",INVOICES,get_invoice
BILCZ,"I need an refund, what do I have to do toobtain one?",REFUNDS,get_refund
BILQC,"you arent helping, how do i speak with a human agent?",CONTACT,contact_human_agent
BILC,"I have a problem when trying to pay for my order, what should I do to inform of it?",PAYMENT,payment_issue
BIL,how can I view the status of my order?,ORDER,track_order
BPDZ,"ask an agent how i can report an issue sith my payment, please",PAYMENT,payment_issue
BLC,"I want to track my shipment, tell me where to do it",ORDER,track_order
BLC,"I got an error when I attempted to make a payment, but I was charged anyway, report it",PAYMENT,payment_issue
BIL,can you tell me how I can request an invoice?,INVOICES,get_invoice
BSLC,"I haven't got a user account, I need help opening one",ACCOUNT,create_account
BSLQ,I need help updating the information on my profile,ACCOUNT,edit_account
BILQ,where do I change to another profile?,ACCOUNT,switch_account
BILQCZ,"the concert was postponed, what do I havbe to do to get a refund?",REFUNDS,get_refund
BLQ,i want to know if there's a newsletter i can receive,NEWSLETTER,newsletter_subscription
BSQC,"I have no account, I need help creating one",ACCOUNT,create_account
BL,where to make changes to my shipping address,SHIPPING,change_shipping_address
BIL,can you tell me where to see an invoice?,INVOICES,get_invoice
BILC,"I got an error message when I tried to pay, but my card was charged anyway, what can I do to inform of it?",PAYMENT,payment_issue
BILQC,"i ordered an item, what do I have to do to modify my order?",ORDER,change_order
BILQD,can u ask an agent where i can report a problem paying?,PAYMENT,payment_issue
BLQ,I want to use my other user account,ACCOUNT,switch_account
BLC,I've got no user account and I want to register,ACCOUNT,create_account
BILQC,"I have an issue paying, how do I notify it?",PAYMENT,payment_issue
BILC,"I want to change my purchase, can you tell me how to do it?",ORDER,change_order
BILC,"the event was cancelled, what can I do to request a refund?",REFUNDS,get_refund
BL,show me the mail address to contact Customer Service,CONTACT,contact_customer_service
BISZ,what information do you have about subscribing to the newsletter ?,NEWSLETTER,newsletter_subscription
BIPMSLQD,"do you mind asking an agent if I could obtain some bills, please?",INVOICES,get_invoice
BILC,"I can't remember my account password, how do I reset it?",ACCOUNT,recover_password
BLQ,i wanna see the email of customer service,CONTACT,contact_customer_service
BIL,how do I see the options for delivery?,DELIVERY,delivery_options
BSLC,"I don't understand you, I need help contacting a person",CONTACT,contact_human_agent
BLQD,ask an agent where i can inform of an issue with my payment,PAYMENT,payment_issue
BIPLQ,"please, could you tell me the phone number of Customer Support?",CONTACT,contact_customer_service
BPLWC,I'd like a fucking user account and I want to create one,ACCOUNT,create_account
BLQ,I want to see the free number of Customer Support,CONTACT,contact_customer_service
BIL,can you tell me if I can check my order?,ORDER,track_order
BILC,"I can't remember my account password, what should I do?",ACCOUNT,recover_password
BIPMSD,"could you ask an agent for information about getting some invoices, please?",INVOICES,get_invoice
BIC,"I didn't get a payment confirmation, what should I do?",PAYMENT,payment_issue
BILCZ,"i purchased something, what do i have to dl to modify my purchase?",ORDER,change_order
BLC,"i need a refund, help me request one",REFUNDS,get_refund
BMLW,i want to solve fucking problems paying,PAYMENT,payment_issue
BIMQD,can u ask an agent how I can know where my orders are?,ORDER,track_order
BIL,how can I modify my shipping address?,SHIPPING,change_shipping_address
BILC,"I want to report an issue paying, what can I do?",PAYMENT,payment_issue
BILC,"you're not helping, can I contact someone?",CONTACT,contact_human_agent
BILC,"i want information, what should i do to call customer service?",CONTACT,contact_customer_service
BSLQ,i wanna get information about seeing a bill,INVOICES,get_invoice
BLQZ,"I want to see a invoice, tell me how I can do it",INVOICES,get_invoice
BIMLQD,can u ask an agent if I can check my orders?,ORDER,track_order
BQ,how to contact customer service,CONTACT,contact_customer_service
BL,tell me where to check my delivery,ORDER,track_order
BIL,how do I see the ticket delivery options?,DELIVERY,delivery_options
BLQC,the event was postponed and i wanna request a refund,REFUNDS,get_refund
BLQC,the game was cancelled and i wanna obtain a reimbursement,REFUNDS,get_refund
BL,where to inform of a problem paying,PAYMENT,payment_issue
BILQ,can you tell me if I can create several user accounts with a single email address?,ACCOUNT,create_account
BMLD,ask an agent how I can obtain some bills,INVOICES,get_invoice
BILC,"I got an error message when I attempted to pay, but my card was charged anyway, can you help me?",PAYMENT,payment_issue
BMLQ,I wanna know how I can know where my deliveries are,ORDER,track_order
BILC,"I lost my account password, what can I do to retrieve it?",ACCOUNT,recover_password
BLQC,i changed my mind and i wanna remove my profile,ACCOUNT,delete_account
BL,I want to know how to track my shipment,ORDER,track_order
BILQ,how do I contact a human?,CONTACT,contact_human_agent
BMSL,I want information about requesting some invoices,INVOICES,get_invoice
BILC,"I have a problem paying with card, can I report it?",PAYMENT,payment_issue
BSLQC,"I purchased something, I need help modifying my purchase",ORDER,change_order
BILQ,can i create two user accounts with the same email?,ACCOUNT,create_account
BIQC,"i lost my password, what can i do?",ACCOUNT,recover_password
BILQC,"I changed my mind, can I remove my profile?",ACCOUNT,delete_account
BIL,can you tell me if my shipment is on its way?,ORDER,track_order
BL,where to inform of an issue with my payment,PAYMENT,payment_issue
BILC,"I don't want my profile, how do I remove it?",ACCOUNT,delete_account
BILZ,ohw do I view your money back policy ?,REFUNDS,check_refund_policy
BLC,"I want information, help me talk to Client Service",CONTACT,contact_customer_service
BMSLWZ,I want to request information about downloading somefucking bills,INVOICES,get_invoice
BIML,is it possible to see some invoices?,INVOICES,get_invoice
BLQC,i want information and i wanna call client service,CONTACT,contact_customer_service
BILC,"the game was postponed, what can I do?",REFUNDS,get_refund
BML,I want to notify issues with my payment,PAYMENT,payment_issue
BSL,I want information about downloading a bill,INVOICES,get_invoice
BLQ,i wanna change to another user account,ACCOUNT,switch_account
BILQC,"you arent helping, can u speak with a human?",CONTACT,contact_human_agent
BILQC,"i need information, how do i talk to customer support?",CONTACT,contact_customer_service
BLQ,I want to see the free number to contact Customer Service,CONTACT,contact_customer_service
BPSLEW,"please, i would like to get information about downloading a fucking bill",INVOICES,get_invoice
BIML,where do I inform of issues making a payment?,PAYMENT,payment_issue
BILC,"I don't have an online account, what do I have to do to register?",ACCOUNT,create_account
BL,how to see your money back policy,REFUNDS,check_refund_policy
BILC,"I get an error message when I try to make a payment with card, can you help me?",PAYMENT,payment_issue
BL,I want to see the delivery options,DELIVERY,delivery_options
BILC,"I want information, how do I talk to Customer Service?",CONTACT,contact_customer_service
BILC,"I don't like the service, how can I lodge a consumer complaint?",FEEDBACK,complaint
BLQD,ask an agent to reset my account password,ACCOUNT,recover_password
BLQ,I want to see the phone number to contact Client Service,CONTACT,contact_customer_service
BLC,I want an account and I want to open one,ACCOUNT,create_account
BPLC,"I have a problem making a payment, inform of it, please",PAYMENT,payment_issue
BIMLZ,can I report issues paiyng?,PAYMENT,payment_issue
BILC,"i got an error when i attempted to make a payment, but my card was charged anyway, what should i do to inform of it?",PAYMENT,payment_issue
BLZ,how to notify a paymnet problem,PAYMENT,payment_issue
BPSEQW,i would like to get information about subscribing to the fucking newsletter,NEWSLETTER,newsletter_subscription
BMLZ,I had a problem whlie creating a profile,ACCOUNT,registration_problems
BILC,"I want to inform of an issue paying, can you help me?",PAYMENT,payment_issue
BILQC,"i want to report a problem paying, can u help me?",PAYMENT,payment_issue
BL,tell me if I can register two profiles with the same email address,ACCOUNT,create_account
BILCZ,"you aren't helping, how do I speak with a human ?",CONTACT,contact_human_agent
BLC,"I got an error message when I attempted to pay, but I was charged anyway, notify it",PAYMENT,payment_issue
BLC,"I got an error message when I tried to pay, but I was charged anyway, help me inform of it",PAYMENT,payment_issue
BIQC,"the event was cancelled, how can I get a refund?",REFUNDS,get_refund
BILC,"i got an error when i attempted to pay, but my card was charged anyway, what should i do?",PAYMENT,payment_issue
BILC,"I want to make a review, what can I do?",FEEDBACK,review
BIPD,"could you ask an agent to edit the information on my profile, please?",ACCOUNT,edit_account
BIPMLDW,"please, could you ask an agent how I could view my fucking bill?",INVOICES,check_invoices
BLCZ,"I changed my mind, cancle my user account",ACCOUNT,delete_account
BILC,"i want to see your money back guarantee, what can i do?",REFUNDS,check_refund_policy
BLW,how to speak with a fucking human agent,CONTACT,contact_human_agent
BLQZ,I want to know what the frere number of Customer Service is,CONTACT,contact_customer_service
BILQC,"I ordered an item, how can i modify my order?",ORDER,change_order
BQC,"you arent helping, help me contact a human agent",CONTACT,contact_human_agent
BCZ,I'm  interested in your refund policy and I wantinformation about it,REFUNDS,check_refund_policy
BIPLWC,"I'm discontent with the service, can you file a fucking complaint, please?",FEEDBACK,complaint
B,how to set up my shipping address,SHIPPING,set_up_shipping_address
BL,check the cancellation penalty,CANCELLATION_FEE,check_cancellation_fee
BIL,where do I lodge a consumer complaint?,FEEDBACK,complaint
BILC,"an error message pops when I try to pay for my order, can you help me?",PAYMENT,payment_issue
BSQZ,i need heop checking the delivery options,DELIVERY,delivery_options
BILC,"I changed my mind, how do I delete my profile?",ACCOUNT,delete_account
BMLQ,I wanna know how to obtain some invoices,INVOICES,get_invoice
BLC,"I've got no online account, register",ACCOUNT,create_account
BIPLQ,where could I view your money back policy?,REFUNDS,check_refund_policy
BPLEQC,i ordered a product and i would like to modify my order,ORDER,change_order
BILQC,"the game was postponed, what do I have to do to request a reimbursement?",REFUNDS,get_refund
B,tell me when my ticket will arrive,DELIVERY,delivery_period
BIL,can you tell me what the email of the Customer Service is?,CONTACT,contact_customer_service
BILQC,"I need information, how do I talk to Customer Support?",CONTACT,contact_customer_service
BSLZ,I need help leaving an opinion for a esrvce,FEEDBACK,review
BIPLZ,"could you tell me if my shipment is on its way, please ?",ORDER,track_order
BML,I want to know if I can create more than one online account with a single email address,ACCOUNT,create_account
BILQC,"I have a problem paying for my online order, how can I notify it?",PAYMENT,payment_issue
BILC,"I have an issue making a payment with card, what should I do to report it?",PAYMENT,payment_issue
BQD,ask an agent how to get a refund,REFUNDS,get_refund
BSLQCZ,"im happy with the service, i need help maikng a comment",FEEDBACK,review
BQZ,I have an issue ayign for my order,PAYMENT,payment_issue
BIZ,"I want to get an invoice, can you tell mewhere to do it?",INVOICES,get_invoice
BML,tell me if I can create more than one account with the same email address,ACCOUNT,create_account
BILC,"you're not helping, how do I talk to someone?",CONTACT,contact_human_agent
BILQCZ,"i want to see the acncellation penalty, what should i do?",CANCELLATION_FEE,check_cancellation_fee
BILC,"I want to check my order, can you tell me how I can do it?",ORDER,track_order
BSLQZ,I need help checking the status off my reimbursement,REFUNDS,track_refund
BILZ,where do I see the delivery optinos?,DELIVERY,delivery_options
BIL,can you give me information about the options for delivery?,DELIVERY,delivery_options
BIL,can you tell me how to check my delivery?,ORDER,track_order
BLC,"I have an issue paying for my online order, inform of it",PAYMENT,payment_issue
BILQC,"i have a problem when trying to make a payment with card, can i notify it?",PAYMENT,payment_issue
BLZ,i want to know how to nodify my order,ORDER,change_order
BLZ,show me your paymebt methods,PAYMENT,check_payment_methods
BIPLQD,could u ask an agent how i can check the ticket delivery options?,DELIVERY,delivery_options
BILC,"I want to see your refund policy, can you help me?",REFUNDS,check_refund_policy
BIZ,can I contact Custoer Service?,CONTACT,contact_customer_service
BLQC,"i got an error message when i tried to pay, but i was charged anyway, i need help notifying it",PAYMENT,payment_issue
BILQ,where do i see the options for delivery?,DELIVERY,delivery_options
BQZ,Iwant to know when my ticket will arrive,DELIVERY,delivery_period
BIM,what are the cancellation fees?,CANCELLATION_FEE,check_cancellation_fee
BIMLQ,can u check my orders?,ORDER,track_order
BLC,"i have no account, register",ACCOUNT,create_account
BILQC,"my user account was hacked, how do I get it back?",ACCOUNT,recover_password
BILQC,"i want to lodge a comment, can u help me?",FEEDBACK,review
BILC,"the concert was postponed, how do i request a refund?",REFUNDS,get_refund
BPLQD,"ask an agent to notify a payment issue, please",PAYMENT,payment_issue
BLZ,an error pops  when I try to make an payment with card,PAYMENT,payment_issue
BSLQ,I need help seeing the options for delivery,DELIVERY,delivery_options
BIPMD,"please, can you ask an agent how to report issues with my payment?",PAYMENT,payment_issue
BLQD,ask an agent how i can call customer support,CONTACT,contact_customer_service
BML,help me check my packages,ORDER,track_order
BILQC,"the concert was cancelled, what do i have to do to request a reimbursement?",REFUNDS,get_refund
BILC,"I want to use my other user account, can I change them?",ACCOUNT,switch_account
BILC,"I got an error message when I tried to pay, but my card was charged anyway, how can I notify it?",PAYMENT,payment_issue
BIQ,where do i place an order?,ORDER,place_order
BL,where to check the ticket delivery options,DELIVERY,delivery_options
BPLQDW,"please, ask an agent how to remove my fucking account",ACCOUNT,delete_account
BILQD,can u ask an agent for information about their money back policy?,REFUNDS,check_refund_policy
BILQC,"the event was postponed, can i request a reimbursement?",REFUNDS,get_refund
BPLC,"the concert was cancelled, request a refund, please",REFUNDS,get_refund
BIMSL,what information can you tell me about seeing some bills?,INVOICES,get_invoice
BILQCZ,"I have a problm when trying to  pay with card, what can I do?",PAYMENT,payment_issue
BILQ,how can I close my account?,ACCOUNT,delete_account
BIPLC,"I'd like to report a problem paying, could you help me?",PAYMENT,payment_issue
BLC,"my account was hacked, get it back",ACCOUNT,recover_password
BILC,"someone stole my password, what do i have to do to reset it?",ACCOUNT,recover_password
BIPLWC,"I'd like to file a fucking consumer complaint for a service, what should I do?",FEEDBACK,complaint
BILC,"I have an issue when trying to make a payment with card, what should I do?",PAYMENT,payment_issue
BILC,"I want to delete my online account, how can I do it?",ACCOUNT,delete_account
BILQC,"I want to get a reimbursement, what should I do?",REFUNDS,get_refund
BILC,"I don't understand you, how can I speak with a human agent?",CONTACT,contact_human_agent
BIPLQC,"the game was cancelled, could i obtain a reimbursement?",REFUNDS,get_refund
BLDZ,ask an agent where to open a online account,ACCOUNT,create_account
BIL,how can I request an invoice?,INVOICES,get_invoice
BILQD,can u ask an agent how to switch to another profile?,ACCOUNT,switch_account
BML,help me inform of payment issues,PAYMENT,payment_issue
BL,help me receive a refund,REFUNDS,get_refund
BL,I want to see the mail to contact Customer Support,CONTACT,contact_customer_service
BILC,"my user account was hacked, how can I get it back?",ACCOUNT,recover_password
BMSL,I want information about downloading some invoices,INVOICES,get_invoice
BILQC,"I made a mistake, how do I modify my order?",ORDER,change_order
BLQC,"I got an error when I tried to pay, but I was charged anyway and I want to inform of it",PAYMENT,payment_issue
BLQC,"I have no user account, open one",ACCOUNT,create_account
BILCZ,"the concert was canceloed, what should I do to get a reimbursement?",REFUNDS,get_refund
BILQCZ,"Igot an error when I tried to pay, but my card was charged anyway , what do I have to do to notify it?",PAYMENT,payment_issue
BIL,where do I close my account?,ACCOUNT,delete_account
BILC,"my account's been hacked, what can I do?",ACCOUNT,recover_password
BL,help me update the information on my profile,ACCOUNT,edit_account
BLC,"you aren't helping, talk to someone",CONTACT,contact_human_agent
BIQDW,can u ask an agent how to contact fucking customer service?,CONTACT,contact_customer_service
BILC,"I can't remember my account password, can you reset it?",ACCOUNT,recover_password
BLCZ,I haven't got an account and I want  to register,ACCOUNT,create_account
BIPMLQD,"can u ask an agent if i can inform of payment problems, please?",PAYMENT,payment_issue
BM,tell me when my tickets are going to arrive,DELIVERY,delivery_period
BILQ,how do i modify my shipping address?,SHIPPING,change_shipping_address
BLQC,"you arent helping, speak with a person",CONTACT,contact_human_agent
BLC,"I'm not happy with the service, lodge a complaint",FEEDBACK,complaint
BMLQWZ,"i wanna see some fucking bills, can you givge me some information?",INVOICES,get_invoice
BILQC,"I forgot my password, can I reset it?",ACCOUNT,recover_password
BIMQ,can i check my invoice?,INVOICES,check_invoices
BILQC,"my profile was hacked, can I get it back?",ACCOUNT,recover_password
BIPLQWZ,"could you tell me the fucking no to contact client service, please?",CONTACT,contact_customer_service
BPLQC,"i got an error when i tried to make a payment, but i was charged anyway and i want to notify it, please",PAYMENT,payment_issue
BIPMLDW,"could you ask an agent how to solve fucking problems with my payment, please?",PAYMENT,payment_issue
BIL,how do i leave an opinion for a service?,FEEDBACK,review
BILQD,can u ask an agent if i can request a bill?,INVOICES,get_invoice
BILQ,where do i notify a payment problem?,PAYMENT,payment_issue
BILCZ,"I want to view  your refund policy, can you help me ?",REFUNDS,check_refund_policy
BILZ,whwre can i view my bills?,INVOICES,check_invoices
BILC,"i have a problem when trying to make a payment with card, what can i do?",PAYMENT,payment_issue
BILQC,"i want to request a refund, what should i do?",REFUNDS,get_refund
BIQC,"I bought an item, what do i have to do to change my order?",ORDER,change_order
BPL,"please, tell me if I can register two online accounts with a single email",ACCOUNT,create_account
BLC,"I got an error message when I tried to make a payment, but my card was charged anyway, help me notify it",PAYMENT,payment_issue
BSLQC,"I changed my mind, I need help closing my online account",ACCOUNT,delete_account
BIQC,"I want to check my invoices, what do I have to do?",INVOICES,check_invoices
BIL,how can I change to another online account?,ACCOUNT,switch_account
BL,I want to speak with a human agent,CONTACT,contact_human_agent
BILQZ,where do i see your payment mehods?,PAYMENT,check_payment_methods
BSLQZ,i wqant to get information about downloadeing a bill,INVOICES,get_invoice
BILQC,"I have a problem paying with card, what do I have to do?",PAYMENT,payment_issue
BMSQCZ,i didn't receive my invoce and i wanna check it,INVOICES,check_invoices
BILQCZ,"i want information , what do i have to do to contact customer support?",CONTACT,contact_customer_service
BLQC,"I got an error message when I attempted to pay, but I was charged anyway, report it",PAYMENT,payment_issue
BSL,I need information about receiving the newsletter,NEWSLETTER,newsletter_subscription
BL,I want to track my shipment,ORDER,track_order
BILQCZ,"i awnna inform of a payment issue, what should i do?",PAYMENT,payment_issue
BIPMLQD,"could u ask an agent if i could track my packages, please?",ORDER,track_order
BILQC,"I forgot my password, how can I retrieve it?",ACCOUNT,recover_password
BIL,"I want to see a bill, can you tell me where to do it?",INVOICES,get_invoice
BIPLEC,"I would like to make a comment for a service, could you help me?",FEEDBACK,review
B,show me the email address of the Customer Service,CONTACT,contact_customer_service
BIPLC,"I'd like to see the status of my order, can you help me?",ORDER,track_order
BILC,"I get an error message when I attempt to make a payment, what can I do?",PAYMENT,payment_issue
BLQC,"I have a question, speak with Customer Support",CONTACT,contact_customer_service
BILQC,"the concert was cancelled, how can I get a reimbursement?",REFUNDS,get_refund
BMSLC,"I can't find my bill, I need help viewing it",INVOICES,check_invoices
BILZ,can you tell me if I can hav more than one accunt?,ACCOUNT,create_account
BLC,"i have a problem paying, help me inform of it",PAYMENT,payment_issue
BMQD,ask an agent when my tickets are gonna to arrive,DELIVERY,delivery_period
BI,where do I file a complaint for a service?,FEEDBACK,complaint
BMLC,"I want to check my deliveries, tell me where to do it",ORDER,track_order
BMSLQC,i didn't receive my bill and i wanna check it,INVOICES,check_invoices
BL,how to check the options for ticket delivery,DELIVERY,delivery_options
BILC,"I have an issue making a payment with card, can you help me?",PAYMENT,payment_issue
BILQZ,were can i view the options for ticket deliery?,DELIVERY,delivery_options
BMSLQC,"I didn't receive my invoice, help me see it",INVOICES,check_invoices
BILQC,"ive got no online account, can i create one?",ACCOUNT,create_account
B,tell me how I can track my order,ORDER,track_order
BIC,"I want to recover my password, how can I do it?",ACCOUNT,recover_password
BILC,"I don't have a shipping address, what can I do to set it up?",SHIPPING,set_up_shipping_address
BILCZ,"Idon't understand you, can I contact a human?",CONTACT,contact_human_agent
BIPLQD,"please, could u ask an agent if my order is on its way?",ORDER,track_order
BZ,teol me what the hour of Customer Service are,CONTACT,contact_customer_service
BILC,"the event was postponed, can i get a reimbursement?",REFUNDS,get_refund
BIL,can you show me the cancellation penalty?,CANCELLATION_FEE,check_cancellation_fee
BLQC,"I changed my mind, help me close my account",ACCOUNT,delete_account
BL,information about the cancellation penalty,CANCELLATION_FEE,check_cancellation_fee
BLC,"I want an online account, open one",ACCOUNT,create_account
BMSLQ,I want information about obtaining some invoices,INVOICES,get_invoice
BILC,"i want to lodge an opinion for a service, what should i do?",FEEDBACK,review
BSLQZ,I need help refeiving the newsletter,NEWSLETTER,newsletter_subscription
BIQZ,where can I get an refund?,REFUNDS,get_refund
BILQC,"I got an error when I attempted to make a payment, but my card was charged anyway, how can I inform of it?",PAYMENT,payment_issue
BILC,"an error pops when I attempt to pay for my order, can you help me?",PAYMENT,payment_issue
BLQC,I have a question and I want to send an email to Customer Support,CONTACT,contact_customer_service
BLC,"I have an issue when trying to make a payment, report it",PAYMENT,payment_issue
BILWC,"the fucking game was cancelled, what do i have to do?",REFUNDS,get_refund
BILQ,can I edit my shipping address?,SHIPPING,change_shipping_address
BILC,"the concert was cancelled, what can I do to obtain a reimbursement?",REFUNDS,get_refund
BMLQ,i wanna know if i can register more than one account with a single email,ACCOUNT,create_account
BL,tell me what the free phone number to contact Customer Service is,CONTACT,contact_customer_service
BLQC,"i want to track my package, tell me where I can do it",ORDER,track_order
BSLQ,I need help notifying an issue with my payment,PAYMENT,payment_issue
BLQ,i want to update the information on my profile,ACCOUNT,edit_account
BILC,"I want to see your payment methods, what should I do?",PAYMENT,check_payment_methods
BL,tell me what the email of Client Service is,CONTACT,contact_customer_service
BIQC,"I want to cancel an order, what should I do?",ORDER,cancel_order
BIQC,"I want information, how do I contact Customer Service?",CONTACT,contact_customer_service
B,how to get a refund,REFUNDS,get_refund
BIPLQW,could u show me the fucking free number of customer support?,CONTACT,contact_customer_service
BIPLQW,"please, could you tell me if I can create two fucking accounts with a single email?",ACCOUNT,create_account
BIQC,"I get an error when I try to pay for my order, what should I do?",PAYMENT,payment_issue
BICZ,"someone stoole my password, what should i do?",ACCOUNT,recover_password
BMSL,I need information about requesting some bills,INVOICES,get_invoice
BILC,"the game was cancelled, how can I obtain a refund?",REFUNDS,get_refund
BLQC,I made a mistake and I want to modify my purchase,ORDER,change_order
BIPMLW,"I want to obtain some fucking invoices, could you tell me how I can do it?",INVOICES,get_invoice
BSC,"I'm happy with the service, I need help filing a review",FEEDBACK,review
BSLC,"I didn't receive my invoices, help me see them",INVOICES,check_invoices
BIL,how do I write an opinion for a service?,FEEDBACK,review
BMLQCZ,"i want to check my deliveires, tell me how to do it",ORDER,track_order
BIPLQW,"please, can u show me the fucking email of the Customer Service?",CONTACT,contact_customer_service
BLQCZ,ilost my password and i wanna retrieve it,ACCOUNT,recover_password
BILQWC,"the fucking concert was postponed, what should i do?",REFUNDS,get_refund
BIMLZ,where canI seemy bill?,INVOICES,check_invoices
BILQC,"I changed my mind, what should I do to cancel my account?",ACCOUNT,delete_account
B,help me change my shipping address,SHIPPING,change_shipping_address
BPLQZ,"please, I wannna know how I could know where my package is",ORDER,track_order
BLQ,I wanna know how to obtain a bill,INVOICES,get_invoice
BILEQC,"i dont have a profile, can i create one?",ACCOUNT,create_account
BI,how can I track my refund?,REFUNDS,track_refund
BILC,"an error pops when I attempt to pay for my online order, can you help me?",PAYMENT,payment_issue
BIPLQZ,how could I retrieve my password ?,ACCOUNT,recover_password
BPMLQDW,"ask an agent where to notify fucking problems paying, please",PAYMENT,payment_issue
BLQD,ask an agent how i can retrieve my account password,ACCOUNT,recover_password
BILQC,"i want to use my other online account, can u change them?",ACCOUNT,switch_account
BILCZ,"the show was postponed, can you help em?",REFUNDS,get_refund
BLC,"the game was postponed, get a reimbursement",REFUNDS,get_refund
BLQZ,I have a problem when  trying to make a payment,PAYMENT,payment_issue
BLQDZ,sak an agentz how i can make a purchase,ORDER,place_order
BL,how to cancel a purchase,ORDER,cancel_order
BIPLQD,could u ask an agent if i could inform of a payment issue?,PAYMENT,payment_issue
BILQ,can u check the options for ticket delivery?,DELIVERY,delivery_options
BILQCZ,"the concert was cancelled, what should i do to obtain an reimbursement?",REFUNDS,get_refund
BPLC,I made a mistake and I'd like to change my purchase,ORDER,change_order
BILQC,"i cant understand you, can u speak with a human agent?",CONTACT,contact_human_agent
BILQC,"i lost my account password, how can i retrieve it?",ACCOUNT,recover_password
BICZ,"I didn't get a payment confirmaiton, what can I do ?",PAYMENT,payment_issue
BLC,"I have a problem when trying to pay with card, inform of it",PAYMENT,payment_issue
BIMQD,can u ask an agent whats the delivery period for my tickets?,DELIVERY,delivery_period
BIL,can I register two profiles with the same email address?,ACCOUNT,create_account
BL,show me the email of Customer Service,CONTACT,contact_customer_service
BLQC,"I have an issue when trying to make a payment with card, I need help informing of it",PAYMENT,payment_issue
BL,I want to inform of a payment problem,PAYMENT,payment_issue
BIPML,"i want to request some bills, could you tell me how I can do it?",INVOICES,get_invoice
BIPLQDW,could u ask an agent how to write a fucking opinion for a service?,FEEDBACK,review
BPMLD,"ask an agent how to view my bill, please",INVOICES,check_invoices
BILCZ,"i needx an account , what can i do to open one?",ACCOUNT,create_account
BILQC,"i wanna close my account, where can i do it?",ACCOUNT,delete_account
BLQC,"I have a question, speak with Customer Service",CONTACT,contact_customer_service
BLCZ,"i want infofmation, send an email to client service",CONTACT,contact_customer_service
BMLQ,I want to know how I can check my packages,ORDER,track_order
BLQD,ask an agent where i can inform of an issue paying,PAYMENT,payment_issue
BL,how to modify my order,ORDER,change_order
BIL,can you check the cancellation penalty?,CANCELLATION_FEE,check_cancellation_fee
BILQD,can u ask an agent how to see their reimbursement policy?,REFUNDS,check_refund_policy
BILQC,"I bought an item, what can I do to modify my purchase?",ORDER,change_order
BIPLQ,"could you tell me if I can register two user accounts with a single email, please?",ACCOUNT,create_account
BLC,"I don't like the service, lodge a complaint",FEEDBACK,complaint
BIL,where can I modify my purchase?,ORDER,change_order
BLC,"I'm discontent with the service, help me lodge a complaint",FEEDBACK,complaint
BLQW,i want information about the fucking email address of the Customer Support,CONTACT,contact_customer_service
BIPLDWZ,"please, could you ask an agent if I can notify a fucking poblem with my payment?",PAYMENT,payment_issue
BIPMLQD,"please, could u ask an agent how to check my bill?",INVOICES,check_invoices
BIPMLQD,can you ask an agent how I could obtain some bills?,INVOICES,get_invoice
BQC,someone stole my password and i want to recover it,ACCOUNT,recover_password
BSL,tell me about requesting a bill,INVOICES,get_invoice
BIML,can I report problems with my payment?,PAYMENT,payment_issue
BILC,"the concert was postponed, how do I obtain a refund?",REFUNDS,get_refund
BIPQDWZ,can u ask an agent how i could change to anothr fucking account ?,ACCOUNT,switch_account
BIMSLC,"I didn't receive my bill, what should I do to check it?",INVOICES,check_invoices
BLC,I've got no profile and I want to create one,ACCOUNT,create_account
BILC,"I need a reimbursement, can I get one?",REFUNDS,get_refund
BILQ,where can I make a complaint for a service?,FEEDBACK,complaint
BLCZ,"I have no user account, helpme create one",ACCOUNT,create_account
BILC,"i got an error when i attempted to pay, but i was charged anyway, how can i report it?",PAYMENT,payment_issue
BILC,"I need information, how can I contact Client Service?",CONTACT,contact_customer_service
BIL,can you give me information about the mail of the Customer Service?,CONTACT,contact_customer_service
BML,where to report problems making a payment,PAYMENT,payment_issue
BLC,I haven't got a user account and I want to create one,ACCOUNT,create_account
BSL,I need help notifying a problem making a payment,PAYMENT,payment_issue
BIQC,"i have no account, can u help me?",ACCOUNT,create_account
BML,help me obtain some invoices,INVOICES,get_invoice
BIPLQD,could u ask an agent where I can request an invoice?,INVOICES,get_invoice
BPLQW,"please, i want to know what the fucking email address of client service is",CONTACT,contact_customer_service
BILQD,can u ask an agent what the number to contact Customer Service is?,CONTACT,contact_customer_service
BLD,ask an agent if i can talk to customer service,CONTACT,contact_customer_service
BML,how to see the cancellation penalties,CANCELLATION_FEE,check_cancellation_fee
BLZ,check your money vack guarantee,REFUNDS,check_refund_policy
BLQ,I have an issue when trying to make a payment,PAYMENT,payment_issue
BIPLC,"I forgot my password, could you retrieve it, please?",ACCOUNT,recover_password
BILQC,"I want to report an issue making a payment, what should I do?",PAYMENT,payment_issue
BIPLQC,"id like to reset my account password, could u help me?",ACCOUNT,recover_password
BPMLDW,"please, ask an agent how to see the fucking cancellation penalties",CANCELLATION_FEE,check_cancellation_fee
BIPQD,could u ask an agent where to get an invoice?,INVOICES,get_invoice
BSC,"I've got no account, I need help creating one",ACCOUNT,create_account
BIPLEWC,"I am discontent with the service, how could I file a fucking complaint?",FEEDBACK,complaint
BIPMLQC,"i want to track my packages, could you tell me where I can do it?",ORDER,track_order
BILQC,"I want to notify an issue making a payment, what do I have to do?",PAYMENT,payment_issue
BIMLQD,can u ask an agent if i can notify problems paying?,PAYMENT,payment_issue
BILQ,can I delete my profile?,ACCOUNT,delete_account
BILQ,can i create several profiles with a single email?,ACCOUNT,create_account
BIL,can you tell me what the free phone number to contact Client Service is?,CONTACT,contact_customer_service
BILQC,"I changed my mind, what do I have to do to cancel my profile?",ACCOUNT,delete_account
BSQ,I need help checking my invoices,INVOICES,check_invoices
BILQC,"you arent helping, can u talk to a human?",CONTACT,contact_human_agent
BIQ,where do i report a payment issue?,PAYMENT,payment_issue
BILZ,can you show me the email address of Client ervice?,CONTACT,contact_customer_service
BLQC,"I want information, call Client Service",CONTACT,contact_customer_service
BILQCZ,"the game was postponed, what should I do to obtain an refund?",REFUNDS,get_refund
BIL,can you tell me the email of the Customer Support?,CONTACT,contact_customer_service
BILC,"I want information, can you send an email to Client Service?",CONTACT,contact_customer_service
BIC,"I want to report a payment issue, can you help me?",PAYMENT,payment_issue
BLQZ,show me the free phone number of Customer Seervice,CONTACT,contact_customer_service
BIC,"I want to file a review for a service, what should I do?",FEEDBACK,review
BILQC,"i wanna recover my account password, what can i do?",ACCOUNT,recover_password
BILCZ,"I can't remember my account password , what can I do to reset it?",ACCOUNT,recover_password
BSL,I need help requesting a reimbursement,REFUNDS,get_refund
BIPLQWCZ,"id like to view the fucking options for delivery, what dp i have todo?",DELIVERY,delivery_options
BIPLC,"I'd like to check the status of my purchase, what should I do?",ORDER,track_order
BILC,"i lost my password, what should i do to reset it?",ACCOUNT,recover_password
BLCZ,"I  have no user account, help me open one",ACCOUNT,create_account
BILQ,can i create several user accounts with a single email address?,ACCOUNT,create_account
BLQC,"i have a problem making a payment, help me inform of it",PAYMENT,payment_issue
BLC,"i got an error message when i attempted to pay, but my card was charged anyway, help me inform of it",PAYMENT,payment_issue
BMSL,i need help checking my packages,ORDER,track_order
BILC,"you aren't helping, can you contact a human?",CONTACT,contact_human_agent
BLC,you aren't helping and I want to contact someone,CONTACT,contact_human_agent
BQDZ,ask an agent hhow long the delivery takes,DELIVERY,delivery_period
BSLQ,I want to get information about requesting an invoice,INVOICES,get_invoice
BILC,"I purchased something, how can i modify my purchase?",ORDER,change_order
BILQDZ,can u ask an agent whats their reimbursement oplicy?,REFUNDS,check_refund_policy
BQD,ask an agent how to file a complaint,FEEDBACK,complaint
BIMQD,can u ask an agent to report issues with my payment?,PAYMENT,payment_issue
BPSLECZ,"I do not want my user account, I need help closing ti, please",ACCOUNT,delete_account
BILQCZ,"I want information, can I sernd an email to Customer Support?",CONTACT,contact_customer_service
BIPLC,"I can't understand you, could I talk to someone?",CONTACT,contact_human_agent
BILC,"I have a problem when trying to pay, what should I do to notify it?",PAYMENT,payment_issue
BPSLQC,"I changed my mind, I need help removing my account, please",ACCOUNT,delete_account
BILC,"I have a problem when trying to make a payment with card, can you notify it?",PAYMENT,payment_issue
BPLQW,"please, i want to know if there is any fucking person available",CONTACT,contact_human_agent
BL,I want to track my reimbursement,REFUNDS,track_refund
BIQ,how can i check the status of my order?,ORDER,track_order
BML,get some bills,INVOICES,get_invoice
BILCZ,"I want to see the ticket delivery options , can you help me?",DELIVERY,delivery_options
BIPLDZ,could you ask an agent how ot notify a problem making an payment?,PAYMENT,payment_issue
BIL,how can I talk to Customer Support?,CONTACT,contact_customer_service
BILC,"someone stole my account password, can I reset it?",ACCOUNT,recover_password
BPSLQC,"i have no online account, i need help opening one, please",ACCOUNT,create_account
BILC,"I don't have a shipping address, what do I have to do to set it up?",SHIPPING,set_up_shipping_address
BIQD,can u ask an agent what the phone number to contact customer service is?,CONTACT,contact_customer_service
BILC,"I want to lodge an opinion, what can I do?",FEEDBACK,review
BSL,I need help seeing the status of my purchase,ORDER,track_order
BILQC,"my online account was hacked, what do i have to do to recover it?",ACCOUNT,recover_password
BLQ,show me the email address to contact Client Service,CONTACT,contact_customer_service
BILQC,"I want to check the ticket delivery options, what can I do?",DELIVERY,delivery_options
BILQC,"I have a problem when trying to pay for my online order, what do I have to do?",PAYMENT,payment_issue
BMLQ,i want to inform of issues making a payment,PAYMENT,payment_issue
BILC,"i have no shipping address, what should i do to set one up?",SHIPPING,set_up_shipping_address
BSLQC,"I lost my invoices, help me view them",INVOICES,check_invoices
BILC,"I get an error when I try to make a payment, can you help me?",PAYMENT,payment_issue
BICZ,"I want to check the delievry options, what should I do?",DELIVERY,delivery_options
BSL,I need help checking the status of my purchase,ORDER,track_order
BL,tell me how I can track my shipment,ORDER,track_order
BLCZ,I want information and I want to contact  Customer Support,CONTACT,contact_customer_service
BMQ,i wanna know how fast i can expect my tickets to arrive,DELIVERY,delivery_period
BILQC,"i have a problem making a payment with card, how can i report it?",PAYMENT,payment_issue
BIZ,where can I report an issue with mypayment?,PAYMENT,payment_issue
BMQ,i wanna check my invoice,INVOICES,check_invoices
BIC,"I can't remember my password, what do I have to do to recover it?",ACCOUNT,recover_password
BIMLQD,can u ask an agent how to report issues making a payment?,PAYMENT,payment_issue
BLC,"I have a problem when trying to pay for my online order, help me report it",PAYMENT,payment_issue
BPLQDW,ask an agent if i could obtain a fucking bill,INVOICES,get_invoice
BL,show me the email to contact Customer Support,CONTACT,contact_customer_service
BPLC,"i want a profile, help me create one, please",ACCOUNT,create_account
BILQC,"i have an issue paying for my order, what should i do to notify it?",PAYMENT,payment_issue
BL,help me report an issue making a payment,PAYMENT,payment_issue
BIMLC,"I want to check my bill, what do I have to do?",INVOICES,check_invoices
BIPLQ,"i'd like to request a bill, can you tell me where to do it?",INVOICES,get_invoice
BLQ,I want to know if i can change my purchase,ORDER,change_order
BILQC,"i get an error message when i attempt to pay for my order, what should i do?",PAYMENT,payment_issue
BIML,can you tell me how to get some bills?,INVOICES,get_invoice
BIML,can you tell me about the cancellation penalties?,CANCELLATION_FEE,check_cancellation_fee
BILCZ,"I have an issue when trying to pay for my online order, can oyu notify it?",PAYMENT,payment_issue
BIPLC,"i'd like to receive the newsletter, can you tell me how I can do it, please?",NEWSLETTER,newsletter_subscription
BLQ,"I wanna obtain an invoice, tell me where to do it",INVOICES,get_invoice
BILQC,"i need a user account, how can i open one?",ACCOUNT,create_account
BLQC,"I have a problem when trying to pay for my order, report it",PAYMENT,payment_issue
BIMSL,what information do you have about obtaining some bills?,INVOICES,get_invoice
BLQ,I want to know if I can create two accounts with the same email address,ACCOUNT,create_account
BILQC,"an error pops when I try to pay for my order, what do I have to do?",PAYMENT,payment_issue
BILQC,"I got an error message when I attempted to make a payment, but my card was charged anyway, how do I notify it?",PAYMENT,payment_issue
BLQZ,i wanna nkow if i can create several online accounts with a single email,ACCOUNT,create_account
BPLEC,"I would like to track my package, tell me how to do it, please",ORDER,track_order
B,help me check the options for delivery,DELIVERY,delivery_options
BILQZ,where can I see the deluvery options?,DELIVERY,delivery_options
BILC,"I get an error when I try to make a payment with card, what do I have to do?",PAYMENT,payment_issue
BIL,can I send an email to Customer Service?,CONTACT,contact_customer_service
BLQC,I want information and I want to call Client Service,CONTACT,contact_customer_service
BILQC,"I want to cancel my user account, where can I do it?",ACCOUNT,delete_account
BILQCZ,"I need an online account, what can I do ?",ACCOUNT,create_account
BILC,"I want to reset my password, what do I have to do?",ACCOUNT,recover_password
BL,tell me how to track my package,ORDER,track_order
BIC,"I lost my password, how can I recover it?",ACCOUNT,recover_password
BILC,"I have a question, how do I speak with Customer Service?",CONTACT,contact_customer_service
BL,where to check my order,ORDER,track_order
BILQC,"I changed my mind, what do I have to do to delete my online account?",ACCOUNT,delete_account
BM,show me the delivery period for my tickets,DELIVERY,delivery_period
BILC,"i want to reset my password, how can i do it?",ACCOUNT,recover_password
BPLDW,"please, ask an agent where I could inform of a fucking payment problem",PAYMENT,payment_issue
BLC,"you aren't helping, talk to a human",CONTACT,contact_human_agent
BIML,can i create more than one profile with the same email address?,ACCOUNT,create_account
BPSLE,"I would like to get information about changing my purchase, please",ORDER,change_order
BLQ,I want to know if I can create several online accounts with a single email,ACCOUNT,create_account
BSL,I need help updating my shipping address,SHIPPING,change_shipping_address
BIC,"I don't have an account, can you create one?",ACCOUNT,create_account
BILQCZ,"i want to solve a problem making a payment , what should i do?",PAYMENT,payment_issue
BILQD,can u ask an agent how to talk to client service?,CONTACT,contact_customer_service
BILQCZ,"the concert was postponed , how can I obtain a reimbursement?",REFUNDS,get_refund
BIMLQD,can you ask an agent if i can check my packages?,ORDER,track_order
BILZ,can I create several online acconuts with the same email address?,ACCOUNT,create_account
BIL,can you show me information about the cancellation fee?,CANCELLATION_FEE,check_cancellation_fee
BILQ,can i inform of a problem making a payment?,PAYMENT,payment_issue
BIPLD,"can you ask an agent where I can request a refund, please?",REFUNDS,get_refund
BILC,"an error message pops when I attempt to pay with card, can you help me?",PAYMENT,payment_issue
B,the transaction was declined,PAYMENT,payment_issue
BILQC,"i purchased an item, how can I change my order?",ORDER,change_order
BISLQD,can u ask an agent for information about obtaining an invoice?,INVOICES,get_invoice
BL,I want to see the cancellation penalty,CANCELLATION_FEE,check_cancellation_fee
BILCZ,"i hve no user account, what do i have to do to open one?",ACCOUNT,create_account
BMSLQ,I wanna ask for information about requesting some bills,INVOICES,get_invoice
BIML,how do I notify issues paying?,PAYMENT,payment_issue
BQ,i wanna know if i can register two accounts with the same email,ACCOUNT,create_account
BILQ,how do i notify a payment problem?,PAYMENT,payment_issue
BLQC,I have no online account and I want to open one,ACCOUNT,create_account
BIPLQDW,"can u ask an agent how i can see their fucking refund policy, please?",REFUNDS,check_refund_policy
BLQW,i wanna know if i can create several fucking user accounts with a single email address,ACCOUNT,create_account
BILQCZ,"the concert was cancelled, can I request areimbursement?",REFUNDS,get_refund
BIPLQD,"please, could u ask an agent where i can register?",ACCOUNT,create_account
BIPLQDWZ,"please, can u ask an agent wheee i can cancel my fucking user account ?",ACCOUNT,delete_account
BILC,"I want to cancel my profile, where can I do it?",ACCOUNT,delete_account
BIPLC,"I'd like to open a user account, can you help me?",ACCOUNT,create_account
BIMSL,what can you tell me about downloading some bills?,INVOICES,get_invoice
BILQ,can you tell me if I can create two accounts with a single email address?,ACCOUNT,create_account
BILCZ,"I got an error when I attempted to pay , but I was charged anyway, what do I have to do to inform of it?",PAYMENT,payment_issue
BILC,"I got an error message when I tried to pay, but my card was charged anyway, can I inform of it?",PAYMENT,payment_issue
BMLZ,tell me how  I cdan see some bills,INVOICES,get_invoice
BILQ,can you tell me what the mail address to contact customer service is?,CONTACT,contact_customer_service
BILC,"I can't remember my account password, what should I do to recover it?",ACCOUNT,recover_password
BILC,"I get an error message when I try to pay with card, what should I do?",PAYMENT,payment_issue
BMSLC,"i lost my invoice, show it",INVOICES,check_invoices
BPLC,"I have no user account, create one, please",ACCOUNT,create_account
BIL,can you tell me the phone number of Client Service?,CONTACT,contact_customer_service
BIPLQ,"I'd like to request an invoice, can you tell me how to do it?",INVOICES,get_invoice
BL,where to notify a problem paying,PAYMENT,payment_issue
BIPQD,can u ask an agent if i could check their refund policy?,REFUNDS,check_refund_policy
BLD,ask an agent to speak with customer support,CONTACT,contact_customer_service
BPLQD,"ask an agent how I could close my online account, please",ACCOUNT,delete_account
BILC,"I got an error when I attempted to make a payment, but I was charged anyway, what do I have to do to notify it?",PAYMENT,payment_issue
BL,information about the mail address of the Client Service,CONTACT,contact_customer_service
BLC,I can't understand you and I want to talk to someone,CONTACT,contact_human_agent
BILC,"I'm discontent with the service, can I lodge a complaint?",FEEDBACK,complaint
BLQC,"I got an error message when I attempted to make a payment, but I was charged anyway, inform of it",PAYMENT,payment_issue
BIQ,can I check the delivery options?,DELIVERY,delivery_options
BIPQD,"could u ask an agent whats the status of my refund, please?",REFUNDS,track_refund
BILQC,"I have a problem paying with card, what can I do to notify it?",PAYMENT,payment_issue
BILQD,can u ask an agent what i can request a reimbursement for?,REFUNDS,get_refund
BIPLDW,"please, can you ask an agent how to get a fucking reimbursement?",REFUNDS,get_refund
BILC,"I'm not happy with the service, what do I have to do to file a consumer complaint?",FEEDBACK,complaint
BLQC,i dont like the service and i wanna file a consumer complaint,FEEDBACK,complaint
BILQC,"I changed my mind, what should I do to cancel my profile?",ACCOUNT,delete_account
BLQC,"I need information, help me call Client Service",CONTACT,contact_customer_service
BLQ,i want to solve a payment problem,PAYMENT,payment_issue
BILQC,"I ordered something, what do I have to do to change my order?",ORDER,change_order
BM,I'm having a problem registering,ACCOUNT,registration_problems
BL,where to inform of an issue paying,PAYMENT,payment_issue
BILC,"i need information, what do i have to do to speak with customer service?",CONTACT,contact_customer_service
BLQC,"I changed my mind, help me delete my profile",ACCOUNT,delete_account
BILCZ,"the game was cancelled , how can I request a reimbursement?",REFUNDS,get_refund
BILQC,"i wanna view your refund policy, can u help me?",REFUNDS,check_refund_policy
BML,information about the cancellation penalties,CANCELLATION_FEE,check_cancellation_fee
BQD,ask an agent what the cancellation fee is,CANCELLATION_FEE,check_cancellation_fee
BIC,"I have an issue when trying to pay, can I report it?",PAYMENT,payment_issue
BIPLEWCZ,"I sould like to make a fucking opinion, what do I have to do?",FEEDBACK,review
BILQC,"the game was cancelled, what do I have to do to get a reimbursement?",REFUNDS,get_refund
BL,help me write a review for a service,FEEDBACK,review
BLC,"I haven't got an account, help me open one",ACCOUNT,create_account
BLQCZ,i ordered something and I wana change my purchase,ORDER,change_order
BLQC,"I have an issue paying, help me notify it",PAYMENT,payment_issue
BILC,"I want information, can I speak with Customer Support?",CONTACT,contact_customer_service
BL,where to view the status of my refund,REFUNDS,track_refund
BI,can you tell me what the email address to contact Customer Service is?,CONTACT,contact_customer_service
BPLD,"please, ask an agent how to remove my online account",ACCOUNT,delete_account
BLQC,"I bought an item, help me change my purchase",ORDER,change_order
BILC,"I'm not happy with the service, can I lodge a consumer complaint?",FEEDBACK,complaint
BMLZ,I want to know ho to track  my deliveries,ORDER,track_order
BLQC,I changed my mind and I want to cancel my profile,ACCOUNT,delete_account
BMSL,I want to know something about seeing some bills,INVOICES,get_invoice
BM,I want to know how I can know where my orders are,ORDER,track_order
BPSLQC,"i dont understand you, i need help talking to someone, please",CONTACT,contact_human_agent
B,I don't want my account,ACCOUNT,delete_account
BIC,"you're not helping, how can I contact a human agent?",CONTACT,contact_human_agent
BILC,"I can't remember my password, what can I do to reset it?",ACCOUNT,recover_password
BILC,"I changed my mind, can you close my user account?",ACCOUNT,delete_account
BLQZ,I want to notify a pamyent issue,PAYMENT,payment_issue
BLQ,I want to receive the newsletter,NEWSLETTER,newsletter_subscription
BILC,"I lost my account password, what do I have to do?",ACCOUNT,recover_password
BILQC,"I get an error message when I try to pay for my order, what do I have to do?",PAYMENT,payment_issue
BILQCZ,"I have a question, what should I do to contact Client Service ?",CONTACT,contact_customer_service
BIPLQD,"please, can u ask an agent if i can switch to another online account?",ACCOUNT,switch_account
BLQC,I want information and I want to talk to Customer Service,CONTACT,contact_customer_service
BIQ,where can I check the delivery options?,DELIVERY,delivery_options
BIMLQ,can you tell me if I can register more than one account with a single email address?,ACCOUNT,create_account
BPMSLQ,"please, i wanna know something about requesting some invoices",INVOICES,get_invoice
BIPMLWC,"I'd like to check my fucking shipments, could you tell me how to do it?",ORDER,track_order
BILQ,where do I inform of an issue with my payment?,PAYMENT,payment_issue
BML,i want to know if i can create more than one profile with the same email address,ACCOUNT,create_account
BIL,can you show me the mail of Customer Service?,CONTACT,contact_customer_service
BLC,i have an issue paying with card and i want to inform of it,PAYMENT,payment_issue
BIMLQD,can u ask an agent if my shipments are on their way?,ORDER,track_order
BL,i want to make a complaint,FEEDBACK,complaint
BLC,"you aren't helping, speak with someone",CONTACT,contact_human_agent
BMLQZ,"I want to get some bills, can you give me some information  ?",INVOICES,get_invoice
BIMLDW,can you ask an agent to solve fucking problems making a payment?,PAYMENT,payment_issue
BILCZ,"I got an error message when I tried to pay , but my card was charged anyway, can you help me?",PAYMENT,payment_issue
BIPMLDZ,could you ask an agent iff I can solve payment problems?,PAYMENT,payment_issue
BIML,can I register more than one profile with a single email address?,ACCOUNT,create_account
BILQCZ,"my profile's beenm hacked, jow can i recover it?",ACCOUNT,recover_password
BLQ,I want to know if I can make a payment with card,PAYMENT,check_payment_methods
BILC,"I have an issue when trying to pay for my order, how can I notify it?",PAYMENT,payment_issue
BILC,"I don't understand you, can I speak with a person?",CONTACT,contact_human_agent
BILC,"you're not helping, what do I have to do to talk to a human?",CONTACT,contact_human_agent
BL,tell me what the mail address of the Customer Service is,CONTACT,contact_customer_service
BMLQ,I want to know if I can see some bills,INVOICES,get_invoice
BIPLQD,"please, could u ask an agent where i could view their money back policy?",REFUNDS,check_refund_policy
BIML,can you tell me if my shipments are on their way?,ORDER,track_order
BILC,"i have a problem paying with card, how can i notify it?",PAYMENT,payment_issue
BILQC,"i havent got an online account, can i open one?",ACCOUNT,create_account
BLQ,show me the free phone number to contact Customer Service,CONTACT,contact_customer_service
BPQW,"please, I wanna know where I can change my fucking order",ORDER,change_order
BIL,can I speak with a person?,CONTACT,contact_human_agent
BL,"I want to download an invoice, can you give me some information?",INVOICES,get_invoice
BILQC,"my profile was hacked, how do I get it back?",ACCOUNT,recover_password
BILQD,can u ask an agent to inform of a payment issue?,PAYMENT,payment_issue
BISL,what can you tell me about seeing a bill?,INVOICES,get_invoice
BILQC,"i changed my mind, how can i remove my profile?",ACCOUNT,delete_account
BILC,"I haven't got a user account, what should I do to create one?",ACCOUNT,create_account
BILC,"I have no user account, can you help me?",ACCOUNT,create_account
BIPLQD,could u ask an agent how to view the status of my purchase?,ORDER,track_order
BILC,"I get an error when I attempt to pay, can you help me?",PAYMENT,payment_issue
BILC,"I need a profile, what should I do to create one?",ACCOUNT,create_account
BIL,can you contact someone?,CONTACT,contact_human_agent
BML,download some invoices,INVOICES,get_invoice
BILC,"I have an issue when trying to pay for my order, can I inform of it?",PAYMENT,payment_issue
BILQZ,can I checkmy biklls?,INVOICES,check_invoices
BZ,where to check tthe cancellation fee,CANCELLATION_FEE,check_cancellation_fee
BILC,"I want to reset my account password, what should I do?",ACCOUNT,recover_password
BILQC,"I got an error message when I tried to make a payment, but my card was charged anyway, how can I report it?",PAYMENT,payment_issue
BILC,"my user account was hacked, what can i do to recover it?",ACCOUNT,recover_password
BILC,"you aren't helping, can you speak with a human?",CONTACT,contact_human_agent
BILC,"i got an error message when i tried to make a payment, but my card was charged anyway, can i inform of it?",PAYMENT,payment_issue
BLQC,"i have an issue making a payment with card, help me notify it",PAYMENT,payment_issue
BILQC,"youre not helping, what should i do to speak with a person?",CONTACT,contact_human_agent
BL,i want to know if i can create several profiles with the same email,ACCOUNT,create_account
BIPLQD,"could u ask an agent if i could leave a comment, please?",FEEDBACK,review
BILC,"I have a problem paying for my order, how can I inform of it?",PAYMENT,payment_issue
BIQZ,how an I solve an issue with my payment?,PAYMENT,payment_issue
BILZ,what'sthe number of Client Service?,CONTACT,contact_customer_service
BIL,can you show me the phone number of Customer Support?,CONTACT,contact_customer_service
BILQC,"I got an error message when I attempted to make a payment, but I was charged anyway, can I notify it?",PAYMENT,payment_issue
BLQZ,Iget an error message whyen I attempt to pay,PAYMENT,payment_issue
BILC,"I want to use my other online account, can you switch them?",ACCOUNT,switch_account
BMQ,"I wanna get some invoices, tell me how to do it",INVOICES,get_invoice
BILQ,can you tell me if I can make a payment with card?,PAYMENT,check_payment_methods
BILQ,how do I register?,ACCOUNT,create_account
BILC,"I got an error when I attempted to pay, but my card was charged anyway, what can I do to notify it?",PAYMENT,payment_issue
BPLD,ask an agent where i could obtain a reimbursement,REFUNDS,get_refund
BIC,"i want to file a review for a service, what can i do?",FEEDBACK,review
BIPLC,"I want to check your money back policy, can you help me, please?",REFUNDS,check_refund_policy
BILC,"I don't like the service, how do I lodge a complaint?",FEEDBACK,complaint
BS,I want information about getting an invoice,INVOICES,get_invoice
BLC,"I don't have an online account, help me create one",ACCOUNT,create_account
BILQDZ,can u ask an agent how i can see my invoicess?,INVOICES,check_invoices
BILC,"the concert was postponed, how do I get a reimbursement?",REFUNDS,get_refund
BILC,"my online account was hacked, what can I do to recover it?",ACCOUNT,recover_password
BIMQC,"I want to check cancellation fees, what can I do?",CANCELLATION_FEE,check_cancellation_fee
BLZ,the paymdnt didn't go through,PAYMENT,payment_issue
BIL,how can I view your reimbursement policy?,REFUNDS,check_refund_policy
BPLQC,im not happy with the service and id like to lodge a consumer complaint,FEEDBACK,complaint
BPLDW,"ask an agent how i could report a fucking problem with my payment, please",PAYMENT,payment_issue
BL,i want to know if i can see an invoice,INVOICES,get_invoice
BILC,"I purchased a product, how do I change my purchase?",ORDER,change_order
BIL,where do I edit my shipping address?,SHIPPING,change_shipping_address
BIQ,can you tell me what the phone number to contact Customer Service is?,CONTACT,contact_customer_service
BILQD,can u ask an agent where i can obtain a refund?,REFUNDS,get_refund
BC,"I don't want my account, help me delete it",ACCOUNT,delete_account
BILQD,can u ask an agent where to check their money back policy?,REFUNDS,check_refund_policy
BILQ,can i register two online accounts with the same email?,ACCOUNT,create_account
BIPLQD,"please, can u ask an agent what the mail to contact Customer Support is?",CONTACT,contact_customer_service
BPLQD,"please, ask an agent to report an issue making a payment",PAYMENT,payment_issue
BIL,what's the email to contact Customer Support?,CONTACT,contact_customer_service
BLZ,help me inform of apayment issue,PAYMENT,payment_issue
BSL,i need help viewing your payment methods,PAYMENT,check_payment_methods
BLC,"the concert was cancelled, get a reimbursement",REFUNDS,get_refund
BMSLQZ,I want to request information about obtaiming some bills,INVOICES,get_invoice
BILQC,"i dont understand you, can u talk to a human?",CONTACT,contact_human_agent
BIPD,can you ask an agent if I could set up my shipping address?,SHIPPING,set_up_shipping_address
BIL,where can I leave an opinion?,FEEDBACK,review
BIMLQ,can I register more than one profile with the same email?,ACCOUNT,create_account
BMLQ,"i want to request some bills, tell me how I can do it",INVOICES,get_invoice
BILC,"I can't remember my account password, what do I have to do to recover it?",ACCOUNT,recover_password
BILC,"I haven't got a user account, what do I have to do to register?",ACCOUNT,create_account
BL,tell me if I can create two profiles with a single email,ACCOUNT,create_account
BIL,can you speak with a person?,CONTACT,contact_human_agent
BILC,"I haven't got an online account, what can I do to register?",ACCOUNT,create_account
BLQC,"I got an error message when I tried to make a payment, but my card was charged anyway, I need help reporting it",PAYMENT,payment_issue
BIPLD,"please, could you ask an agent if I can inform of a problem with my payment?",PAYMENT,payment_issue
BPSLQZ,"I awnna know something about seeing an invoice, please",INVOICES,get_invoice
BL,I want to make a change in my purchase,ORDER,change_order
BILC,"I don't like the service, can you lodge a complaint?",FEEDBACK,complaint
BI,where can I track my refund?,REFUNDS,track_refund
BILC,"you're not helping, how can I speak with someone?",CONTACT,contact_human_agent
BILZ,can you tell me if there issomeone available?,CONTACT,contact_human_agent
BPMLQ,i wanna know if i could create more than one profile with the same email,ACCOUNT,create_account
BLQC,"i have an issue paying with card, notify it",PAYMENT,payment_issue
BILQC,"I got no payment validation, what can I do?",PAYMENT,payment_issue
BILZ,can you showme your money back policy?,REFUNDS,check_refund_policy
BILCZ,"I got an error message when I tried to pay, but my card was charged anyway, what should  I do to notify it?",PAYMENT,payment_issue
BSLQC,"youre not helping, i need help speaking with a human",CONTACT,contact_human_agent
BILQC,"I want to reset my account password, what do I have to do?",ACCOUNT,recover_password
BSLQ,I want to ask for information about changing my order,ORDER,change_order
BILC,"I have an issue paying for my online order, can you inform of it?",PAYMENT,payment_issue
BILC,"I get an error when I attempt to pay for my online order, what should I do?",PAYMENT,payment_issue
BILCZ,"you're not helping , how do I contact a person?",CONTACT,contact_human_agent
BIPLQCZ,"the concert was postponed, can i obtain a reimubrsement, please?",REFUNDS,get_refund
BILCZ,"I don't want my cacount, how do  I close it?",ACCOUNT,delete_account
BILQC,"the concert was cancelled, how can I request a reimbursement?",REFUNDS,get_refund
BILQC,"I want to inform of a problem paying, what should I do?",PAYMENT,payment_issue
BILCZ,"an error message pops when I attempt to pay , what do I have to do?",PAYMENT,payment_issue
BILC,"I have an issue paying, can I inform of it?",PAYMENT,payment_issue
BIL,can you tell me if there's a newsletter to stay up-to-date?,NEWSLETTER,newsletter_subscription
BMSLQZ,I  need help informing of problems with my payment,PAYMENT,payment_issue
BLQC,"I got an error when I attempted to pay, but I was charged anyway, help me notify it",PAYMENT,payment_issue
BS,tell me about changing my order,ORDER,change_order
BILQ,can i talk to customer support?,CONTACT,contact_customer_service
BMLD,ask an agent if i can report problems with my payment,PAYMENT,payment_issue
BMLDW,ask an agent where to check my fucking bill,INVOICES,check_invoices
BSL,i need help resetting my account password,ACCOUNT,recover_password
BIPLQD,"can u ask an agent if I could obtain an invoice, please?",INVOICES,get_invoice
BLQD,ask an agent if i can obtain an invoice,INVOICES,get_invoice
BILC,"I can't understand you, what do I have to do to contact a human agent?",CONTACT,contact_human_agent
BILC,"I have an issue when trying to pay with card, what do I have to do to notify it?",PAYMENT,payment_issue
BILC,"I want to check my package, can you tell me where I can do it?",ORDER,track_order
BILQ,where can I track my shipment?,ORDER,track_order
BLQC,"I want information, help me call Customer Support",CONTACT,contact_customer_service
BIPLDW,"can you ask an agent if I could check my fucking order, please?",ORDER,track_order
BIL,can you give me information about the mail of the Customer Support?,CONTACT,contact_customer_service
BIQC,"I want to check your payment methods, what can I do?",PAYMENT,check_payment_methods
BL,tell me if I can make a payment with credit card,PAYMENT,check_payment_methods
BIL,how do i see your payment methods?,PAYMENT,check_payment_methods
BLC,"the game was postponed, help me get a refund",REFUNDS,get_refund
BILQC,"I have a problem paying for my online order, what can I do to notify it?",PAYMENT,payment_issue
BILQC,"I have an issue when trying to make a payment with card, how can I report it?",PAYMENT,payment_issue
BIL,can you tell me where I can download an invoice?,INVOICES,get_invoice
BIL,what's the mail of the Client Service?,CONTACT,contact_customer_service
BL,tell me if I can have more than one account,ACCOUNT,create_account
BIPLQW,"can u give me information about the fucking email address of the Customer Service, please?",CONTACT,contact_customer_service
BILQ,how do I notify an issue paying?,PAYMENT,payment_issue
BILQZ,where can i make a complaint ?,FEEDBACK,complaint
BILC,"I need information, what do I have to do to send an email to Client Service?",CONTACT,contact_customer_service
BIQD,can u ask an agent where i can check their payment methods?,PAYMENT,check_payment_methods
BMSLQZ,I need help viewing hte cancellation fees,CANCELLATION_FEE,check_cancellation_fee
BQ,I want to know if I can own more than one account,ACCOUNT,create_account
BIMSLC,"i didn't receive my invoice, how can i see it?",INVOICES,check_invoices
BPLQC,"I got an error message when I tried to pay, but my card was charged anyway, I need help informing of it, please",PAYMENT,payment_issue
BPL,I'd like to notify an issue making a payment,PAYMENT,payment_issue
BILQD,can u ask an agent if my shipment is out for delivery?,ORDER,track_order
BILC,"I want to know the status of my reimbursement, what do I have to do to track it?",REFUNDS,track_refund
BIML,is it possible to download some bills?,INVOICES,get_invoice
BILC,"I want information, can I talk to Customer Support?",CONTACT,contact_customer_service
BLZ,ho to rceate a profile,ACCOUNT,create_account
BLQ,show me the mail address of customer service,CONTACT,contact_customer_service
BMLQ,I want to inform of issues with my payment,PAYMENT,payment_issue
BILC,"my account's been hacked, can you help me?",ACCOUNT,recover_password
BILC,"I get an error when I try to make a payment with card, can you help me?",PAYMENT,payment_issue
BIL,what payment options do you accept?,PAYMENT,check_payment_methods
BSLQ,I want to request information about obtaining an invoice,INVOICES,get_invoice
BL,how to get a bill,INVOICES,get_invoice
BILC,"I have a problem when trying to pay for my order, what do I have to do?",PAYMENT,payment_issue
BLQC,"I want an online account, create one",ACCOUNT,create_account
BIZ,where do I check your refund poilcy?,REFUNDS,check_refund_policy
BPLEW,"I would like to see the fucking email to contact Customer Support, please",CONTACT,contact_customer_service
BMSLC,"I lost my bill, help me view it",INVOICES,check_invoices
BIML,where can I check my shipments?,ORDER,track_order
BILC,"the concert was postponed, how do I request a refund?",REFUNDS,get_refund
BLCZ,"the agme was cancelled, help me get a refund",REFUNDS,get_refund
BILQC,"I want a profile, what should I do to create one?",ACCOUNT,create_account
BILQC,"I have a problem when trying to pay for my order, how can I report it?",PAYMENT,payment_issue
BILCZ,"I have an problem when trying to pay, can you report it?",PAYMENT,payment_issue
BIL,can I report a problem with my payment?,PAYMENT,payment_issue
BLQ,I want to inform of an issue paying,PAYMENT,payment_issue
BILCZ,"I want to check my bills, what should I do ?",INVOICES,check_invoices
B,I want information about your refund policy,REFUNDS,check_refund_policy
BISLQC,"i can't find my bills, can u show them?",INVOICES,check_invoices
BSLC,"I don't want my account, I need help canceling it",ACCOUNT,delete_account
BIPL,"can you tell me if i could register two accounts with the same email address, please?",ACCOUNT,create_account
BILQC,"I got an error when I attempted to pay, but my card was charged anyway, what do I have to do?",PAYMENT,payment_issue
BIQC,"I want to recover my password, what should I do?",ACCOUNT,recover_password
BILC,"I have a problem when trying to pay for my order, can you notify it?",PAYMENT,payment_issue
BILC,"i have an issue paying for my online order, how can i report it?",PAYMENT,payment_issue
BMSL,I need help seeing my invoice,INVOICES,check_invoices
BL,tell me if my package is out for delivery,ORDER,track_order
BLZ,i want ot know where to check my order,ORDER,track_order
BIMLQC,"i wanna check my shipments, can you tell me where to do it?",ORDER,track_order
BILQD,can u ask an agent if my reimbursement has been processed?,REFUNDS,track_refund
BILQC,"I have a problem paying for my order, can I report it?",PAYMENT,payment_issue
BL,I have issues signing up,ACCOUNT,registration_problems
BSLQCZ,"i didn't receive my invoices , i need help viewing thme",INVOICES,check_invoices
BILQC,"I want to see your payment options, what should I do?",PAYMENT,check_payment_methods
BIMLQ,how do I notify payment issues?,PAYMENT,payment_issue
BILQD,can u ask an agent to check my bills?,INVOICES,check_invoices
BSLCZ,"you aren't helping, I need help ocntacting a person",CONTACT,contact_human_agent
BILQ,can you tell me if I can register several profiles with a single email address?,ACCOUNT,create_account
BIML,where do I view the cancellation penalties?,CANCELLATION_FEE,check_cancellation_fee
BIL,where can I write a comment for a service?,FEEDBACK,review
BLQD,ask an agent where i can leave a comment for a service,FEEDBACK,review
BILQ,how can I see your payment methods?,PAYMENT,check_payment_methods
BIMSLQC,"i didn't receive my invoice, how can i view it?",INVOICES,check_invoices
BILCZ,"I'm discontent with the service , can I make a complaint?",FEEDBACK,complaint
BILQCZ,"ive got no profile, what can i do to create one ?",ACCOUNT,create_account
BILQ,how can I leave a comment?,FEEDBACK,review
BLQZ,Iwant to notify an issue paying,PAYMENT,payment_issue
BILQD,can u ask an agent how I can track my shipment?,ORDER,track_order
BL,help me switch to another online account,ACCOUNT,switch_account
BMLQ,i want to know how soon i can expect my tickets to arrive,DELIVERY,delivery_period
B,i want to check the options for delivery,DELIVERY,delivery_options
BIMLQZ,hows can i see the cancellation fees?,CANCELLATION_FEE,check_cancellation_fee
BILC,"I want to file a comment for a service, what should I do?",FEEDBACK,review
BILQC,"i wanna retrieve my account password, what can i do?",ACCOUNT,recover_password
BILC,"the show was cancelled, how can I request a refund?",REFUNDS,get_refund
BMLQ,"I want to request some invoices, can you give me some information?",INVOICES,get_invoice
BIC,"you aren't helping, how do I contact a human agent?",CONTACT,contact_human_agent
BIL,can you show me the mail address of Client Service?,CONTACT,contact_customer_service
BLQC,"I forgot my password, reset it",ACCOUNT,recover_password
BILQC,"I changed my mind, what should I do to remove my account?",ACCOUNT,delete_account
BLC,"I don't have an online account, help me register",ACCOUNT,create_account
BSLQZ,i want to ask for information about geting a bill,INVOICES,get_invoice
BIQC,"i have a question, can u contact customer service?",CONTACT,contact_customer_service
BIL,can you tell me if I can create two user accounts with a single email address?,ACCOUNT,create_account
BIPQD,"can you ask an agent where I can change my order, please?",ORDER,change_order
BSLCZ,"I lost my invoices, help me se them",INVOICES,check_invoices
BIPML,"please, can you tell me if i can own several online accounts?",ACCOUNT,create_account
BLQC,"I have a problem making a payment with card, help me notify it",PAYMENT,payment_issue
BSLQC,"I need information, I need help speaking with Customer Support",CONTACT,contact_customer_service
BLEQCZ,"i dont have a user accolunt, create one",ACCOUNT,create_account
BILC,"I want to use my other profile, can I switch them?",ACCOUNT,switch_account
BILC,"I want to view your money back guarantee, what can I do?",REFUNDS,check_refund_policy
BLQC,i dont like the service and i wanna lodge a consumer complaint,FEEDBACK,complaint
BI,can you tell me when my ticket will arrive?,DELIVERY,delivery_period
BL,i want to view my bills,INVOICES,check_invoices
BILQC,"I got an error message when I attempted to pay, but my card was charged anyway, how do I inform of it?",PAYMENT,payment_issue
BMSL,I need help solving problems paying,PAYMENT,payment_issue
BILQCZ,"I  want to see the status of my order, what should I dp?",ORDER,track_order
BMLD,ask an agent if I can check my orders,ORDER,track_order
BIQC,"I have an issue paying, what do I have to do?",PAYMENT,payment_issue
BILC,"the concert was postponed, what should I do to request a reimbursement?",REFUNDS,get_refund
BISQC,"i lost my invoices, what do i have to do to check them?",INVOICES,check_invoices
BILCZ,"I don't have  a user account, what should I do to register?",ACCOUNT,create_account
BSLQ,I want to get information about obtaining a bill,INVOICES,get_invoice
BIQC,"I lost my password, how do I recover it?",ACCOUNT,recover_password
BIMLQ,how do i notify payment issues?,PAYMENT,payment_issue
BILQC,"I bought a product, how can I change my order?",ORDER,change_order
BIMLZ,is it posaible to check my shipments?,ORDER,track_order
BIL,how do I talk to Customer Support?,CONTACT,contact_customer_service
BLC,"I ordered something, help me change my purchase",ORDER,change_order
BILQD,can u ask an agent what the mail address of client service is?,CONTACT,contact_customer_service
BIQCZ,"I want to edit my profile, how can I do iy ?",ACCOUNT,edit_account
BIC,"I don't want my account, what should I do to delete it?",ACCOUNT,delete_account
BPLEQW,"i would like to download a fucking bill, can you show me some information?",INVOICES,get_invoice
BLC,you aren't helping and I want to talk to a person,CONTACT,contact_human_agent
BLQC,i need information and i want to speak with customer support,CONTACT,contact_customer_service
BLC,"I lost my account password, recover it",ACCOUNT,recover_password
BIML,how do I see some invoices?,INVOICES,get_invoice
BILQC,"ive got no online account, what should i do?",ACCOUNT,create_account
BLC,"i got an error when i attempted to make a payment, but i was charged anyway, help me inform of it",PAYMENT,payment_issue
BILQ,can I see an invoice?,INVOICES,get_invoice
BLQDZ,ask an agent to check thier money back guarantee,REFUNDS,check_refund_policy
BLQ,i want information about the email of the Customer Service,CONTACT,contact_customer_service
BIPLQD,"please, could u ask an agent to solve a payment problem?",PAYMENT,payment_issue
BILCZ,"the concert as cancelled, can you help me?",REFUNDS,get_refund
BILQZ,wqhere can I view the ticket delivery options?,DELIVERY,delivery_options
BILC,"I've got no online account, can I create one?",ACCOUNT,create_account
BILC,"the show was cancelled, how do I request a refund?",REFUNDS,get_refund
BIC,"i changed my mind, how can i delete my account?",ACCOUNT,delete_account
BIML,can you tell me if I can create more than one profile with a single email?,ACCOUNT,create_account
BIPMLEC,"i would like to track my packages, can you tell me where to do it, please?",ORDER,track_order
BILCZ,"I haven't  got an online account, can I create one?",ACCOUNT,create_account
BQ,I want to set up my shipping address,SHIPPING,set_up_shipping_address
BIL,can you tell me how to obtain an invoice?,INVOICES,get_invoice
BPLQD,"please, ask an agent if i could report a problem making a payment",PAYMENT,payment_issue
BL,i want to check my bills,INVOICES,check_invoices
BPLQCZ,i want information and d like to speak with custpmer service,CONTACT,contact_customer_service
BIPLQ,how could I view the status of my refund?,REFUNDS,track_refund
BILQC,"the game was postponed, what should I do to request a refund?",REFUNDS,get_refund
BILQC,"I have a problem when trying to pay with card, what can I do to notify it?",PAYMENT,payment_issue
BILC,"someone stole my account password, how can i retrieve it?",ACCOUNT,recover_password
BILZ,can you speak with Customer Suport?,CONTACT,contact_customer_service
BMLQD,ask an agent how i can inform of payment issues,PAYMENT,payment_issue
BISC,"I can't find my invoices, what do I have to do to check them?",INVOICES,check_invoices
BILC,"I can't understand you, can you speak with a human?",CONTACT,contact_human_agent
BIL,is there a newsletter to keep me informed?,NEWSLETTER,newsletter_subscription
BILC,"I'm discontent with the service, how can I make a complaint?",FEEDBACK,complaint
BQZ,I want to know if there's a newsletter  I can subscribe to,NEWSLETTER,newsletter_subscription
BMC,"i want to track my orders, tell me how to do it",ORDER,track_order
BLC,"the concert was postponed, get a reimbursement",REFUNDS,get_refund
BILQC,"I have an issue when trying to make a payment, how do I notify it?",PAYMENT,payment_issue
BLC,"someone stole my password, reset it",ACCOUNT,recover_password
BC,i have an issue paying and i want to report it,PAYMENT,payment_issue
BL,help me modify the information on my profile,ACCOUNT,edit_account
BIP,where could i check the cancellation fee?,CANCELLATION_FEE,check_cancellation_fee
BLQC,i want information and i want to call customer support,CONTACT,contact_customer_service
BLQW,I want to inform of a fucking issue making a payment,PAYMENT,payment_issue
BILC,"I got an error when I attempted to make a payment, but I was charged anyway, how can I notify it?",PAYMENT,payment_issue
BL,help me see an invoice,INVOICES,get_invoice
BIMSLCZ,"I didn't receive  my invoice, how can I see it?",INVOICES,check_invoices
BL,where to receive the newsletter,NEWSLETTER,newsletter_subscription
BILQD,can u ask an agent if my order is on its way?,ORDER,track_order
BMLQD,ask an agent how to inform of payment problems,PAYMENT,payment_issue
BILC,"I have a question, can you talk to Client Service?",CONTACT,contact_customer_service
BIMLCZ,"I want to track my shipments , can you tell me how I can do it?",ORDER,track_order
BILC,"you're not helping, can you talk to someone?",CONTACT,contact_human_agent
BILCZ,"i get an error message when i try to pay for my online order, what should i do ?",PAYMENT,payment_issue
BIC,"i got an error when i tried to pay, but my card was charged anyway, what can i do?",PAYMENT,payment_issue
BILQC,"i need information, how can i send an email to client service?",CONTACT,contact_customer_service
BILQC,"the event was postponed, can I obtain a refund?",REFUNDS,get_refund
BL,information about the mail of the Client Service,CONTACT,contact_customer_service
BIML,is it possible to check my orders?,ORDER,track_order
BIL,can I request a refund?,REFUNDS,get_refund
BPLQDW,"ask an agent if I can solve a fucking payment problem, please",PAYMENT,payment_issue
BILQC,"i changed my mind, what can i do to delete my user account?",ACCOUNT,delete_account
BILC,"i need a reimbursement, what do i have to do to obtain one?",REFUNDS,get_refund
BMLQDZ,ask an agent how i can notify isues making a payment,PAYMENT,payment_issue
BILQC,"I have an issue paying for my online order, can I inform of it?",PAYMENT,payment_issue
BLQCZ,the event was postponed and I want to get a reimbursemenmt,REFUNDS,get_refund
BI,can you tell me how to get an invoice?,INVOICES,get_invoice
BLQZ,"i want to download an invoice , tell me where I can do it",INVOICES,get_invoice
BLQZ,I want to know where I can receive the newsletyter,NEWSLETTER,newsletter_subscription
BILQC,"i got an error message when i tried to pay, but i was charged anyway, how do i inform of it?",PAYMENT,payment_issue
BL,show me the options for ticket delivery,DELIVERY,delivery_options
BL,help me see the cancellation penalty,CANCELLATION_FEE,check_cancellation_fee
BMLQZ,Iwant to kno if I can download some invoices,INVOICES,get_invoice
BILZ,can you tell me the mail address ofCustomer Service?,CONTACT,contact_customer_service
BIL,where can I obtain an invoice?,INVOICES,get_invoice
BILC,"I want to solve a problem paying, can you help me?",PAYMENT,payment_issue
BL,how to solve an issue paying,PAYMENT,payment_issue
BILC,"I get an error message when I attempt to pay with card, what can I do?",PAYMENT,payment_issue
BILC,"the show was cancelled, what can I do to get a refund?",REFUNDS,get_refund
BILQC,"I want to lodge a consumer complaint for a service, what should I do?",FEEDBACK,complaint
BILCZ,"I haven't got an noline account, can you open one?",ACCOUNT,create_account
BLD,ask an agent if i can solve an issue paying,PAYMENT,payment_issue
BILQC,"I have an issue making a payment, what can I do to notify it?",PAYMENT,payment_issue
BLC,"I bought a product, help me modify my order",ORDER,change_order
B,I want to get a refund,REFUNDS,get_refund
BIC,"I want to file a review for a service, what can I do?",FEEDBACK,review
BILQC,"I get an error when I attempt to pay, what do I have to do?",PAYMENT,payment_issue
BIQC,"i want an account, what should i do?",ACCOUNT,create_account
BLCZ,I don't hace an account and I want to register,ACCOUNT,create_account
BPLQWZ,"i have no fucking user account , please",ACCOUNT,create_account
BILQCZ,"someone stole my account password, whzt should I do?",ACCOUNT,recover_password
BIPLQDW,"please, could u ask an agent where to request a fucking reimbursement?",REFUNDS,get_refund
BIPQ,"please, can u find information about the delivery options?",DELIVERY,delivery_options
BSLQC,"I purchased an item, I need help modifying my order",ORDER,change_order
BL,how to see my invoices,INVOICES,check_invoices
BIL,where do I receive the newsletter?,NEWSLETTER,newsletter_subscription
BILZ,can you cotnact Client  Service?,CONTACT,contact_customer_service
BILQC,"I purchased a product, what do i have to do to change my purchase?",ORDER,change_order
BLZ,tell me if I can have more than  one online account,ACCOUNT,create_account
BIMZ,how do  I get some invoices ?,INVOICES,get_invoice
BILQC,"i got an error message when i tried to pay, but my card was charged anyway, what do i have to do?",PAYMENT,payment_issue
BLQCZ,"I changed my mind,  remove my account",ACCOUNT,delete_account
BILQC,"I have a question, what can I do to send an email to Customer Service?",CONTACT,contact_customer_service
BILQ,where do I track my delivery?,ORDER,track_order
BLC,I have an issue making a payment with card and I want to report it,PAYMENT,payment_issue
BILQCZ,"i want to open a user account, ccan u help me?",ACCOUNT,create_account
BILQC,"I need information, how do I contact Customer Support?",CONTACT,contact_customer_service
BILZ,where do I informof a payment problem?,PAYMENT,payment_issue
BIPLQWC,"i want to track my fucking reimbursement, can u help me, please?",REFUNDS,track_refund
BLC,I ordered a product and I want to modify my order,ORDER,change_order
BLQ,i wanna download a bill,INVOICES,get_invoice
BIM,can you tell me when my tickets will arrive?,DELIVERY,delivery_period
BL,how to delete my profile,ACCOUNT,delete_account
BILQD,can u ask an agent how to view the cancellation fee?,CANCELLATION_FEE,check_cancellation_fee
BILC,"I have a problem paying with card, can you report it?",PAYMENT,payment_issue
BILC,"I don't want my user account, what can I do to delete it?",ACCOUNT,delete_account
BL,where to view the options for delivery,DELIVERY,delivery_options
BIC,"I'm interested in your refund policy, can you tell me about it?",REFUNDS,check_refund_policy
BMLD,ask an agent if I can request some bills,INVOICES,get_invoice
BILC,"I haven't got a user account, how can I register?",ACCOUNT,create_account
BILQC,"I want to check my package, can you tell me where to do it?",ORDER,track_order
BILC,"i want a refund, what should i do to request one?",REFUNDS,get_refund
BIPLQC,"i want to close my user account, where could i do it?",ACCOUNT,delete_account
BLQCZ,iwant information and i want to talk to client service,CONTACT,contact_customer_service
BEQ,i dont have an account,ACCOUNT,create_account
BMLD,ask an agent if i can track my deliveries,ORDER,track_order
BIMSLQC,"I didn't receive my bill, how can I check it?",INVOICES,check_invoices
BILWC,"i want to see the status of my fucking purchase, what can i do?",ORDER,track_order
BIL,where is my purchase?,ORDER,track_order
BLQC,"I want to check my package, tell me where I can do it",ORDER,track_order
BILQZ,were do I view the status of my order?,ORDER,track_order
BIL,can I remove my account?,ACCOUNT,delete_account
BLQC,I purchased an item and I wanna modify my order,ORDER,change_order
BILC,"I want to use my other profile, how do I change them?",ACCOUNT,switch_account
BI,where do I check the cancellation fee?,CANCELLATION_FEE,check_cancellation_fee
BILC,"i want to use my other online account, how do i switch them?",ACCOUNT,switch_account
BIPLDW,could you ask an agent where to view their fucking refund policy?,REFUNDS,check_refund_policy
BLQ,I want to check the ticket delivery options,DELIVERY,delivery_options
BIL,where do I see your money back policy?,REFUNDS,check_refund_policy
BLQCZ,"I ordered a product, hep me modify ym order",ORDER,change_order
BLCZ,"I have a problem when trying to pay for my oredr, help me notify it",PAYMENT,payment_issue
BILQC,"the event was cancelled, how do i request a refund?",REFUNDS,get_refund
BIQD,can u ask an agent to give me information about the status of my order?,ORDER,track_order
BLQC,"i want information, speak with client service",CONTACT,contact_customer_service
BPSLQWC,"i changed my mind, i need help deleting my fucking online account, please",ACCOUNT,delete_account
BIPLDW,"please, could you ask an agent how I can switch to another fucking online account?",ACCOUNT,switch_account
BILQC,"ive got no user account, how do i create one?",ACCOUNT,create_account
BILCZ,"you're not helping, how do I talk to a huamn?",CONTACT,contact_human_agent
BLQC,"im interested in your money back guarantee, tell me about it",REFUNDS,check_refund_policy
BPMSLQ,"Id like to get information about obtaining some bills, please",INVOICES,get_invoice
BLQC,"i changed my mind, remove my online account",ACCOUNT,delete_account
BLC,I purchased an item and I want to modify my purchase,ORDER,change_order
BILQCZ,"I purchased something, how do i change my purchase ?",ORDER,change_order
BLQC,"i want information, help me send an email to customer service",CONTACT,contact_customer_service
BILWC,"my fucking profile's been hacked, how do I get it back?",ACCOUNT,recover_password
BIL,where do I lodge a consumer complaint for a service?,FEEDBACK,complaint
BIC,"I want to use my other account, can you change them?",ACCOUNT,switch_account
BILC,"I have a question, what do I have to do to talk to Customer Support?",CONTACT,contact_customer_service
BC,"i have an issue paying, report it",PAYMENT,payment_issue
BPMLQ,i wanna know if i could check my deliveries,ORDER,track_order
BILQCZ,"i got a error when i attempted to make a payment, but my card was charged anyway, what do i have to do to notify it?",PAYMENT,payment_issue
BSL,I need help viewing the status of my order,ORDER,track_order
BIL,can I create several profiles with a single email address?,ACCOUNT,create_account
BILQC,"i have a question, what can i do to contact customer support?",CONTACT,contact_customer_service
BLQ,i wanna know what the number of Customer Service is,CONTACT,contact_customer_service
BLC,I have a problem making a payment and I want to notify it,PAYMENT,payment_issue
BIML,how do I notify issues with my payment?,PAYMENT,payment_issue
BMSLQ,I need help notifying problems paying,PAYMENT,payment_issue
BILQ,how can I obtain a reimbursement?,REFUNDS,get_refund
BL,I want to check my bills,INVOICES,check_invoices
BIML,where do I check my shipments?,ORDER,track_order
BILC,"I want to lodge a review for a service, can you help me?",FEEDBACK,review
BILCZ,"I want to  check your money back pplicy, what do I have to do?",REFUNDS,check_refund_policy
BILQ,how do i cancel my account?,ACCOUNT,delete_account
BIPLD,"could you ask an agent to close my account, please?",ACCOUNT,delete_account
BILQCZ,"the game was postponed, how do I obtain an refund ?",REFUNDS,get_refund
BD,ask an agent how i can check the status of my refund,REFUNDS,track_refund
BLQ,I want to edit my shipping address,SHIPPING,change_shipping_address
BIPMDW,can you ask an agent if I could solve fucking payment issues?,PAYMENT,payment_issue
BILQD,can u ask an agent to find information about the ticket delivery options?,DELIVERY,delivery_options
BILC,"I want to view the status of my purchase, can you help me?",ORDER,track_order
BLC,"I need information, help me speak with Client Service",CONTACT,contact_customer_service
BILQCZ,"I want to see your refund policy, what do I have to do ?",REFUNDS,check_refund_policy
BILQC,"i wanna retrieve my account password, what should i do?",ACCOUNT,recover_password
BILQC,"my online account's been hacked, how do i get it back?",ACCOUNT,recover_password
BL,help me download an invoice,INVOICES,get_invoice
BILQC,"I want to remove my profile, how can I do it?",ACCOUNT,delete_account
BILCZ,"the event was postponed, how can I obtain an refund?",REFUNDS,get_refund
BIMSC,"I can't find my invoice, can you check it?",INVOICES,check_invoices
BILQCZ,"an error pops whewn I try to pay for my order, what can I do?",PAYMENT,payment_issue
BIMLQ,how can i inform of payment problems?,PAYMENT,payment_issue
BIPLDW,can you ask an agent where I could view their fucking refund policy?,REFUNDS,check_refund_policy
BILQC,"i want to edit my shipping address, can u help me?",SHIPPING,change_shipping_address
BIPLQD,"can you ask an agent if i can obtain a bill, please?",INVOICES,get_invoice
BILC,"I got an error message when I attempted to pay, but I was charged anyway, what do I have to do?",PAYMENT,payment_issue
BIPLQC,"the game was cancelled, can i request a reimbursement, please?",REFUNDS,get_refund
BPSWC,"I lost my fucking invoices and I want to check them, please",INVOICES,check_invoices
BIQD,can u ask an agent if i can check the status of my refund?,REFUNDS,track_refund
BILC,"I have a problem when trying to pay, how can I report it?",PAYMENT,payment_issue
BIML,can you tell me how to request some bills?,INVOICES,get_invoice
BSL,I need help speaking with Client Service,CONTACT,contact_customer_service
BML,I'm having an issue when trying to create an account,ACCOUNT,registration_problems
BILQC,"i cant remember my account password, how can i recover it?",ACCOUNT,recover_password
BL,talk to Client Service,CONTACT,contact_customer_service
BLQC,I made a mistake and I wanna modify my order,ORDER,change_order
BIMLQD,can u ask an agent where i can notify problems paying?,PAYMENT,payment_issue
BLQC,I ordered an item and I want to modify my order,ORDER,change_order
BLCZ,"I don't understand you, talk ot a human agent",CONTACT,contact_human_agent
BIMSLQC,"I didn't receive my bill, can I check it?",INVOICES,check_invoices
BIMLQ,can I notify problems making a payment?,PAYMENT,payment_issue
BILQD,can u ask an agent where i can check the options for ticket delivery?,DELIVERY,delivery_options
BILQC,"i want a reimbursement, what do i have to do to get one?",REFUNDS,get_refund
BLQ,i want to know what the number of client service is,CONTACT,contact_customer_service
BIPLQC,"I purchased something, could i modify my purchase?",ORDER,change_order
BILCZ,"I got an error message when I attempted to make an payment, but I was charged anyway, what can I do to report it?",PAYMENT,payment_issue
BLQ,I want to know what the mail address of Client Service is,CONTACT,contact_customer_service
BLC,I changed my mind and I want to close my online account,ACCOUNT,delete_account
BPLQWC,i have no fucking user account and id like to create one,ACCOUNT,create_account
BIPLQCZ,"i wanna check your money back pooicy, what should i do,please?",REFUNDS,check_refund_policy
BILQC,"i dont want my profile, can u close it?",ACCOUNT,delete_account
BC,"i have an issue when trying to pay, help me report it",PAYMENT,payment_issue
BIC,"I want to create an account, what do I have to do?",ACCOUNT,create_account
BL,I have a problem when trying to pay for my order,PAYMENT,payment_issue
BIPLQWCZ,"id like to lodge a fucking review, what canh i do?",FEEDBACK,review
BIPLQC,"i havent got an online account, could u create one?",ACCOUNT,create_account
BILC,"I don't understand you, can I talk to a person?",CONTACT,contact_human_agent
BILQ,can I download a bill?,INVOICES,get_invoice
BILC,"my account was hacked, how can I get it back?",ACCOUNT,recover_password
BDW,ask an agent if I can solve a fucking issue with my payment,PAYMENT,payment_issue
BML,how to download some bills,INVOICES,get_invoice
BMSL,I need help solving issues paying,PAYMENT,payment_issue
BILC,"I don't like the service, can you make a complaint?",FEEDBACK,complaint
BILQC,"I got an error when I tried to make a payment, but I was charged anyway, what can I do to notify it?",PAYMENT,payment_issue
BMLQDZ,ask an agent if i can chexk my shipments,ORDER,track_order
BIL,can you obtain a bill?,INVOICES,get_invoice
BILQWC,"i cant understand you, what should i do to contact a fucking human agent?",CONTACT,contact_human_agent
BLQ,I want to know what the free phone number of Client Service is,CONTACT,contact_customer_service
BIC,"I want to change my order, can you tell me how to do it?",ORDER,change_order
BILC,"I can't remember my account password, can you recover it?",ACCOUNT,recover_password
BLD,ask an agent how I can check my order,ORDER,track_order
BILC,"i need information, how can i speak with client service?",CONTACT,contact_customer_service
BILQC,"I have an issue when trying to make a payment with card, can I report it?",PAYMENT,payment_issue
BIPLC,"I'd like information, how could I call Client Service?",CONTACT,contact_customer_service
BLQC,"I got an error when I attempted to make a payment, but my card was charged anyway, help me inform of it",PAYMENT,payment_issue
BILQC,"I need information, what should I do to send an email to Customer Service?",CONTACT,contact_customer_service
BLC,"I don't want my profile, help me delete it",ACCOUNT,delete_account
BSLC,"I ordered something, I need help modifying my purchase",ORDER,change_order
BILQ,how do I notify a problem paying?,PAYMENT,payment_issue
BILC,"I haven't got a user account, what can I do to register?",ACCOUNT,create_account
BLQC,"I got an error when I attempted to make a payment, but my card was charged anyway, I need help notifying it",PAYMENT,payment_issue
BSL,I need help seeing your reimbursement policy,REFUNDS,check_refund_policy
BLQC,"I want information, help me send an email to Customer Service",CONTACT,contact_customer_service
BL,show me the cancellation penalty,CANCELLATION_FEE,check_cancellation_fee
BILQCZ,"the game was cncelled, how do I get a reimbursement?",REFUNDS,get_refund
BQD,ask an agent if I can cancel an order,ORDER,cancel_order
BILC,"I don't like the service, how do I lodge a consumer complaint?",FEEDBACK,complaint
BLQC,"ive got no online account, register",ACCOUNT,create_account
BIPLWC,"I'd like to see the fucking status of my refund, can you help me, please?",REFUNDS,track_refund
BIMQW,where can i report fucking payment issues?,PAYMENT,payment_issue
BIL,can i register several user accounts with the same email address?,ACCOUNT,create_account
BILQC,"youre not helping, how can i contact a human?",CONTACT,contact_human_agent
BLC,"the game was cancelled, help me get a reimbursement",REFUNDS,get_refund
BIPLDZ,could you ask an agent to show me information about my bills ?,INVOICES,check_invoices
BILQCZ,"you arent helping, can u contact a human ?",CONTACT,contact_human_agent
BILQC,"i want to check the status of my purchase, what do i have to do?",ORDER,track_order
BIL,what's the free number of Client Service?,CONTACT,contact_customer_service
BILQZ,whats the mail addresss of customer support?,CONTACT,contact_customer_service
BSLZ,tell mr about seeing an invoice,INVOICES,get_invoice
BLC,I'm interested in your money back policy and I want information about it,REFUNDS,check_refund_policy
BIMLQ,where can I notify problems paying?,PAYMENT,payment_issue
BL,I want to know where I can obtain a bill,INVOICES,get_invoice
BMSLQ,i wanna ask for information about seeing some invoices,INVOICES,get_invoice
BILC,"i need information, how do i call customer support?",CONTACT,contact_customer_service
BIPMLD,"please, can you ask an agent where I could track my packages?",ORDER,track_order
BPLQW,"id like to see a fucking invoice, tell me where to do it, please",INVOICES,get_invoice
BSL,I want information about seeing an invoice,INVOICES,get_invoice
BILC,"I bought something, what should I do to modify my order?",ORDER,change_order
BLC,"the show was cancelled, help me obtain a refund",REFUNDS,get_refund
BILC,"I lost my account password, what should I do to recover it?",ACCOUNT,recover_password
BL,how to see the cancellation fee,CANCELLATION_FEE,check_cancellation_fee
BSLQ,I wanna request information about requesting a bill,INVOICES,get_invoice
BILQZ,where do I view your payment methods ?,PAYMENT,check_payment_methods
BILQCZ,"I need information, canI call Customer Service?",CONTACT,contact_customer_service
BLQCZ,I changed my mind and I want to cancel my user asccount,ACCOUNT,delete_account
BILQ,can you tell me what the free number to contact Customer Support is?,CONTACT,contact_customer_service
BMLQC,"I wanna check my shipments, tell me how to do it",ORDER,track_order
BILC,"the concert was cancelled, what can i do to get a refund?",REFUNDS,get_refund
BIMSLCZ,"I didnm't receive my bill, how do I view it?",INVOICES,check_invoices
BIQ,where can I leave a review?,FEEDBACK,review
BILQC,"i wanna notify a payment problem, what can i do?",PAYMENT,payment_issue
BMSL,I want to ask for information about seeing some invoices,INVOICES,get_invoice
BSLQC,I didn't receive my bills and I want to view them,INVOICES,check_invoices
BLQC,"i cant understand you, contact a person",CONTACT,contact_human_agent
BIPLQDW,can u ask an agent how i could view the status of my fucking purchase?,ORDER,track_order
BPLWC,my fucking online account's been hacked and I'd like to get it back,ACCOUNT,recover_password
BILQC,"I purchased a product, what do I have to do to modify my order?",ORDER,change_order
BDZ,askan agent about their refund policy,REFUNDS,check_refund_policy
BIL,can you tell me about the cancellation penalty?,CANCELLATION_FEE,check_cancellation_fee
BSLEQC,"i dont have an online account, i need help creating one",ACCOUNT,create_account
BLQ,i wanna remove my account,ACCOUNT,delete_account
BILQ,how do I notify an issue making a payment?,PAYMENT,payment_issue
BILC,"I want to use my other online account, what do I have to do to switch them?",ACCOUNT,switch_account
BILQC,"I forgot my account password, how do I reset it?",ACCOUNT,recover_password
BIC,"I'm not happy with the service, what should I do to file a complaint?",FEEDBACK,complaint
BILC,"the game was cancelled, how can I get a reimbursement?",REFUNDS,get_refund
BILQD,can you ask an agent if i can modify my order?,ORDER,change_order
BILC,"I got an error message when I tried to make a payment, but my card was charged anyway, can you help me?",PAYMENT,payment_issue
BIQD,can u ask an agent how i can leave a review?,FEEDBACK,review
BLQC,the concert was postponed and I want to request a refund,REFUNDS,get_refund
BLQ,i want to solve a problem paying,PAYMENT,payment_issue
BQ,I want information about the options for delivery,DELIVERY,delivery_options
BILQ,can I receive a refund?,REFUNDS,get_refund
BIML,is it possible to track my packages?,ORDER,track_order
BL,information about the email address of the Client Service,CONTACT,contact_customer_service
BSL,I need help changing to another user account,ACCOUNT,switch_account
BILQC,"I ordered a product, how can I change my purchase?",ORDER,change_order
BILQ,can I talk to Customer Service?,CONTACT,contact_customer_service
BILQ,where can I delete my online account?,ACCOUNT,delete_account
BMLQCZ,"I wanna check my deliveries , tell me how to do it",ORDER,track_order
BLQC,"i have an issue making a payment with card, help me inform of it",PAYMENT,payment_issue
BILZ,can you find information about the email  of the Customer Service?,CONTACT,contact_customer_service
BLQ,i want to know how to change my purchase,ORDER,change_order
BILD,can you ask an agent if they have a newsletter i can subscribe to?,NEWSLETTER,newsletter_subscription
BILQ,how do I know where my delivery is?,ORDER,track_order
BL,help me obtain an invoice,INVOICES,get_invoice
BLQ,I want to view your payment options,PAYMENT,check_payment_methods
BLC,"I have no account, open one",ACCOUNT,create_account
BIC,"i want to check the status of my order, what can i do?",ORDER,track_order
BLQCZ,the concert waspostponed and i wanna get a reimbursement,REFUNDS,get_refund
BISLC,"I didn't receive my invoices, can I view them?",INVOICES,check_invoices
BILZ,what's the free phone number to contact Customer Service ?,CONTACT,contact_customer_service
BLQC,"I wanna check my order, tell me how to do it",ORDER,track_order
BIMQ,where can i report payment issues?,PAYMENT,payment_issue
BMSLQC,"I lost my bill, help me check it",INVOICES,check_invoices
BILQ,can you tell me the mail to contact Customer Service?,CONTACT,contact_customer_service
BCZ,I don't know anything about your refund policy and I want to knowabout it,REFUNDS,check_refund_policy
BIPL,"could you tell me what the number to contact Customer Service is, please?",CONTACT,contact_customer_service
BML,I had an issue while creating an account,ACCOUNT,registration_problems
BILQ,can I register two online accounts with the same email?,ACCOUNT,create_account
BSL,I want to get information about obtaining an invoice,INVOICES,get_invoice
BILQD,can u ask an agent how to report an issue making a payment?,PAYMENT,payment_issue
BI,can you check my invoices?,INVOICES,check_invoices
BILQD,can u ask an agent if i can reset my password?,ACCOUNT,recover_password
BPSLQ,"i need help seeing an invoice, please",INVOICES,get_invoice
BILQCZ,"I got aan error message when I tried to pay, but my card was charged anyway, what do I have to do to notify it?",PAYMENT,payment_issue
BIMLQ,can you tell me how soon i can expect my tickets to arrive?,DELIVERY,delivery_period
BMSLQ,i need help informing of problems paying,PAYMENT,payment_issue
BLQD,ask an agent to request a reimbursement,REFUNDS,get_refund
BLC,"i want to change my purchase, tell me how I can do it",ORDER,change_order
BPLECZ,I do not understand you and I would like to speak with a human  agent,CONTACT,contact_human_agent
BLQC,my online account's been hacked and I want to recover it,ACCOUNT,recover_password
BLQCZ,"I have a problem when trying to make a poayment with card, help me report it",PAYMENT,payment_issue
BIPLD,could you ask an agent how I can notify a problem paying?,PAYMENT,payment_issue
BIPD,"please, can you ask an agent where I could check my invoices?",INVOICES,check_invoices
BLC,"I have a problem when trying to make a payment with card, help me inform of it",PAYMENT,payment_issue
BMLQ,I want to know where to check my deliveries,ORDER,track_order
BIL,can you tell me if I can create two user accounts with the same email address?,ACCOUNT,create_account
BPLQC,"id like information, help me talk to client service, please",CONTACT,contact_customer_service
BIPLZ,"can you tell me abput your reimbursement policy, please?",REFUNDS,check_refund_policy
BILC,"I have a problem when trying to pay for my order, what can I do?",PAYMENT,payment_issue
BILQ,can u talk to a human?,CONTACT,contact_human_agent
BIQC,"i want information, what do i have to do to contact customer service?",CONTACT,contact_customer_service
BILQC,"I need a reimbursement, how can I request one?",REFUNDS,get_refund
BIPLC,"I'd like to recover my account password, how can I do it?",ACCOUNT,recover_password
BIPLQD,"can u ask an agent how I could see a bill, please?",INVOICES,get_invoice
BILC,"the concert was cancelled, how do I request a refund?",REFUNDS,get_refund
BPMLDZ,"please , ask an agent where ican see my invoice",INVOICES,check_invoices
BLC,"I'm not happy with the service, help me file a consumer complaint",FEEDBACK,complaint
BI,can you tell me the email address of the Customer Service?,CONTACT,contact_customer_service
BILQC,"i bought something, what can i do to change my purchase?",ORDER,change_order
BILQD,can you ask an agent if there's a newsletter i can receive?,NEWSLETTER,newsletter_subscription
BILEC,"my user account has been hacked, how do i get it back?",ACCOUNT,recover_password
BIPLDZ,could you ask an agent how I could notifyy a problem making a payment ?,PAYMENT,payment_issue
BIPLQC,"I bought something, can I modify my order, please?",ORDER,change_order
BPLDW,"please, ask an agent where i could create a fucking profile",ACCOUNT,create_account
BIQ,where can I check your refund policy?,REFUNDS,check_refund_policy
BIMQD,can you ask an agent how I can get some invoices?,INVOICES,get_invoice
BL,check your reimbursement policy,REFUNDS,check_refund_policy
BILC,"I have a question, can I speak with Client Service?",CONTACT,contact_customer_service
BLQC,the concert was cancelled and i wanna get a refund,REFUNDS,get_refund
BI,where can I track my order?,ORDER,track_order
BIMLQD,can u ask an agent where to report issues paying?,PAYMENT,payment_issue
BLC,"I want to track my package, tell me how to do it",ORDER,track_order
BIMLQ,where can I inform of problems with my payment?,PAYMENT,payment_issue
BILC,"I get an error when I try to make a payment for my online order, can you help me?",PAYMENT,payment_issue
BIQC,"i have an issue paying with card, what do i have to do?",PAYMENT,payment_issue
BMLQD,ask an agent how to check my orders,ORDER,track_order
BIMLQ,how can i notify problems with my payment?,PAYMENT,payment_issue
BL,help me see your refund policy,REFUNDS,check_refund_policy
BL,tell me if I can pay with Master Card,PAYMENT,check_payment_methods
BILCZ,"I want to submit a consumer complaint, can youhlp me?",FEEDBACK,complaint
BSLQ,I wanna request information about seeing a bill,INVOICES,get_invoice
BIL,can you tell me if my package is on its way?,ORDER,track_order
BIEQCZ,"i donty have an account, can u help me?",ACCOUNT,create_account
BILQC,"i dont want my user account, can u close it?",ACCOUNT,delete_account
BIL,can you tell me what the free phone number to contact Customer Service is?,CONTACT,contact_customer_service
BILQC,"I have a problem when trying to pay for my online order, how can I notify it?",PAYMENT,payment_issue
BIC,"i lost my password, what should i do to recover it?",ACCOUNT,recover_password
BILC,"I want information, can I send an email to Client Service?",CONTACT,contact_customer_service
BILQC,"I want to inform of an issue making a payment, what do I have to do?",PAYMENT,payment_issue
BPLC,"I want information and I'd like to speak with Customer Service, please",CONTACT,contact_customer_service
BIMLQD,can you ask an agent if i can request some invoices?,INVOICES,get_invoice
BLZ,how to notify a problem wiht my payment,PAYMENT,payment_issue
BLC,"I have a question, call Customer Support",CONTACT,contact_customer_service
BILQ,where can I write a comment?,FEEDBACK,review
BISLCZ,"I can't find my bills, can I view thm?",INVOICES,check_invoices
BL,tell me how I can track my package,ORDER,track_order
BL,I want to know how I can obtain an invoice,INVOICES,get_invoice
BILQC,"I have an issue when trying to make a payment with card, what do I have to do to inform of it?",PAYMENT,payment_issue
BL,help me see your money back guarantee,REFUNDS,check_refund_policy
BPLD,"ask an agent to show me information about the delivery options, please",DELIVERY,delivery_options
BLC,"i have a problem when trying to pay, notify it",PAYMENT,payment_issue
BILQ,how do I check your payment options?,PAYMENT,check_payment_methods
BLC,"I got an error when I tried to make a payment, but my card was charged anyway, inform of it",PAYMENT,payment_issue
BL,how to edit my shipping address,SHIPPING,change_shipping_address
BIPL,"could you tell me how to download a bill, please?",INVOICES,get_invoice
BLC,my user account's been hacked and I want to get it back,ACCOUNT,recover_password
BLQC,"I have an issue when trying to pay for my order, inform of it",PAYMENT,payment_issue
BLC,"I have an issue when trying to pay for my online order, I need help informing of it",PAYMENT,payment_issue
BL,i get an error message when i try to make a payment for my order,PAYMENT,payment_issue
BILQC,"i have no account, what should i do to open one?",ACCOUNT,create_account
BPW,"i want to know how to change my fucking order, please",ORDER,change_order
BIPLCZ,"he game was postponed, could I obtain a reimbursement ?",REFUNDS,get_refund
BLQ,i wanna inform of a payment problem,PAYMENT,payment_issue
BILC,"the game was postponed, how do I obtain a reimbursement?",REFUNDS,get_refund
BPC,I have an issue paying with card and I'd like to report it,PAYMENT,payment_issue
BILQCZ,"I ordered something , what can I do to hcange my order?",ORDER,change_order
BILC,"I want to see your reimbursement policy, can you help me?",REFUNDS,check_refund_policy
BL,how to cancel my profile,ACCOUNT,delete_account
BILC,"I don't understand you, how can I contact someone?",CONTACT,contact_human_agent
BILC,"you're not helping, what do I have to do to speak with a human agent?",CONTACT,contact_human_agent
BLC,"I got an error message when I tried to make a payment, but I was charged anyway, help me report it",PAYMENT,payment_issue
BIMLQ,can I create more than one user account with the same email address?,ACCOUNT,create_account
BM,I want to know if I can get some invoices,INVOICES,get_invoice
BILQC,"I purchased a product, how can I modify my order?",ORDER,change_order
BLC,"I don't want my user account, help me delete it",ACCOUNT,delete_account
BILQC,"i have no shipping address, how can i set one up?",SHIPPING,set_up_shipping_address
BILCZ,"I have no account, what can I  do to register?",ACCOUNT,create_account
BPLQD,"please, ask an agent where to open an online account",ACCOUNT,create_account
BLC,"i forgot my account password, help me retrieve it",ACCOUNT,recover_password
BLCZ,"I chaged my mind, delete my profile",ACCOUNT,delete_account
BILC,"you're not helping, what should I do to contact someone?",CONTACT,contact_human_agent
BIPLQD,could u ask an agent if i could report an issue making a payment?,PAYMENT,payment_issue
BILQC,"i need a profile, can u help me?",ACCOUNT,create_account
BICZ,"I can't remembermy password, how can I recover it?",ACCOUNT,recover_password
BILCZ,"an error message pops when I try to pay with card,  whta should I do?",PAYMENT,payment_issue
BILC,"I have an issue making a payment with card, what do I have to do to inform of it?",PAYMENT,payment_issue
BLQC,"I changed my mind, help me cancel my profile",ACCOUNT,delete_account
BILC,"I don't have an online account, can I open one?",ACCOUNT,create_account
BMSL,I want information about downloading some bills,INVOICES,get_invoice
BILCZ,"I haven't got a pfofile, can you create one?",ACCOUNT,create_account
BILQ,can u show me information about the status of my refund?,REFUNDS,track_refund
BLQC,"I have an issue paying for my online order, I need help reporting it",PAYMENT,payment_issue
BIMSLQZ,wha can u tell me about getting some bills?,INVOICES,get_invoice
BLC,"I don't have an online account, register",ACCOUNT,create_account
BILEQC,"my user account has been hacked, can i get it back?",ACCOUNT,recover_password
BILC,"I have a problem when trying to make a payment, what can I do?",PAYMENT,payment_issue
BILC,"I have a problem when trying to make a payment with card, can you report it?",PAYMENT,payment_issue
BIML,where do I view my bill?,INVOICES,check_invoices
BIMSC,"I didn't receive my invoice, what do I have to do to check it?",INVOICES,check_invoices
BQZ,i wanna know if theres a newsletter ot keep me up-to-date,NEWSLETTER,newsletter_subscription
BLQC,the event was cancelled and i want to obtain a refund,REFUNDS,get_refund
BILQC,"I have an issue making a payment, can I inform of it?",PAYMENT,payment_issue
BIPMLQW,where could i inform of fucking payment issues?,PAYMENT,payment_issue
BILC,"I want to see your payment methods, what can I do?",PAYMENT,check_payment_methods
BILC,"the show was postponed, how can I obtain a refund?",REFUNDS,get_refund
BILQ,how can i talk to a human?,CONTACT,contact_human_agent
BILC,"I changed my mind, can you remove my online account?",ACCOUNT,delete_account
BIL,can you show me the mail of Client Service?,CONTACT,contact_customer_service
BILCZ,"I have a question, what should I do to speak with Client Service ?",CONTACT,contact_customer_service
BILQC,"I want to obtain a refund, what should I do?",REFUNDS,get_refund
BILQC,"the show was cancelled, can i request a reimbursement?",REFUNDS,get_refund
BILC,"i got an error when i tried to make a payment, but my card was charged anyway, how can i inform of it?",PAYMENT,payment_issue
BIC,"I have an issue when trying to pay with card, what should I do to report it?",PAYMENT,payment_issue
BLQ,i want to know if i can make a payment with Visa,PAYMENT,check_payment_methods
BILC,"I have a problem when trying to pay, how can I inform of it?",PAYMENT,payment_issue
BIML,how do I get some bills?,INVOICES,get_invoice
BILQC,"I want information, what can I do to contact Client Service?",CONTACT,contact_customer_service
BLCZ,"the concert wascanvelled, help me obtain a refund",REFUNDS,get_refund
BIPLDWZ,"please , could you ask an agent how to report a fucking problem making a payment?",PAYMENT,payment_issue
BIL,what's the status of my purchase?,ORDER,track_order
BILC,"I got an error message when I attempted to pay, but my card was charged anyway, how can I report it?",PAYMENT,payment_issue
BLC,"the game was postponed, request a refund",REFUNDS,get_refund
BLQC,"I got an error message when I tried to make a payment, but I was charged anyway, help me notify it",PAYMENT,payment_issue
BLQC,"i want to use my other user account, help me change them",ACCOUNT,switch_account
BSLQCZ,"i cant remember my passwlrd, i need help resetting  it",ACCOUNT,recover_password
BMLQDZ,ask an agent if i can solve problems making a paymeent,PAYMENT,payment_issue
BILCZ,"I need a refund, what should I do to obtani one?",REFUNDS,get_refund
BPLQDWZ,"please, ask an agent how to download a ufcking bill",INVOICES,get_invoice
BPMLEQ,"i would like to see some invoices, can you give me some information?, please",INVOICES,get_invoice
BILCZ,"I got an error when I attempted to pay, but my card was chareged anyway, how do I report it?",PAYMENT,payment_issue
BILC,"I changed my mind, how do I cancel my profile?",ACCOUNT,delete_account
BIL,can I create two user accounts with a single email address?,ACCOUNT,create_account
BILQCZ,"I want to make an opinion, what do I hve to do?",FEEDBACK,review
BILQ,where do I notify a payment problem?,PAYMENT,payment_issue
BLQ,I want to see the free number to contact Customer Support,CONTACT,contact_customer_service
BIPLW,"please, could you tell me if i could register several fucking accounts with a single email?",ACCOUNT,create_account
BIL,can you show me information about the options for ticket delivery?,DELIVERY,delivery_options
BILQD,can u ask an agent what the mail of client service is?,CONTACT,contact_customer_service
BL,help me track my shipment,ORDER,track_order
BILQCZ,"I ordered something, can i change  my purchase ?",ORDER,change_order
BILCZ,"I changed my mind, what can I do to remove myprofile?",ACCOUNT,delete_account
BSLQ,I need help viewing the status of my refund,REFUNDS,track_refund
B,i want to know how I can subscribe to the newsletter,NEWSLETTER,newsletter_subscription
BPLQCZ,"i got a error when i tried to make a payment, but my card was charged anyway, i need help informing of it, please",PAYMENT,payment_issue
BILQCZ,"i made a miustake, how can i modify my purchasse?",ORDER,change_order
BILQC,"ive got no profile, what should i do?",ACCOUNT,create_account
BILQ,how can I check your money back guarantee?,REFUNDS,check_refund_policy
BSLQC,"I can't find my bills, view them",INVOICES,check_invoices
BPLW,"I want to know if I could register two fucking online accounts with a single email address, please",ACCOUNT,create_account
BMSLC,"I can't find my bill, I need help checking it",INVOICES,check_invoices
BL,tell me if I can register several online accounts with the same email address,ACCOUNT,create_account
BILC,"you aren't helping, what should I do to contact a person?",CONTACT,contact_human_agent
BLQ,I want to know if I can download a bill,INVOICES,get_invoice
BSLC,"I purchased something, i need help changing my order",ORDER,change_order
BIMLQD,can u ask an agent to notify issues with my payment?,PAYMENT,payment_issue
BIMLZ,can you give me information about the cancellation penalties ?,CANCELLATION_FEE,check_cancellation_fee
BIL,how do I see your refund policy?,REFUNDS,check_refund_policy
BSLQ,I want to request information about downloading a bill,INVOICES,get_invoice
BIPLD,"could you ask an agent how to see the status of my refund, please?",REFUNDS,track_refund
BILC,"I forgot my account password, how can I recover it?",ACCOUNT,recover_password
BPL,"tell me if I can register several online accounts with a single email address, please",ACCOUNT,create_account
BML,"I want to download some bills, can you give me some information?",INVOICES,get_invoice
BLQC,I ordered an item and I want to change my order,ORDER,change_order
BILQC,"the show was postponed, can I request a refund?",REFUNDS,get_refund
BILQC,"someone stole my account password, what do i have to do to reset it?",ACCOUNT,recover_password
BML,help me solve payment problems,PAYMENT,payment_issue
BLQC,"i have a question, help me contact client service",CONTACT,contact_customer_service
BIL,can I lodge a consumer complaint for a service?,FEEDBACK,complaint
BPLEWC,"I would like a fucking user account and I would like to create one, please",ACCOUNT,create_account
BILQC,"i want to view the status of my refund, can u help me?",REFUNDS,track_refund
BILC,"I don't have a user account, how do I create one?",ACCOUNT,create_account
BIPLQDW,"could u ask an agent where to view my fucking bills, please?",INVOICES,check_invoices
BIC,"i need an account, can i create one?",ACCOUNT,create_account
BL,I got no payment validation,PAYMENT,payment_issue
BILQC,"my profile's been hacked, what can i do to recover it?",ACCOUNT,recover_password
BILQ,how do i contact a human?,CONTACT,contact_human_agent
BIPMLD,"please, can you ask an agent where I could notify problems making a payment?",PAYMENT,payment_issue
BSLC,"I want an online account, I need help creating one",ACCOUNT,create_account
BIPLC,"the event was cancelled, could I get a reimbursement?",REFUNDS,get_refund
BQDZ,ask an agent hos i can edit my profile,ACCOUNT,edit_account
BILC,"I can't understand you, what do I have to do to contact a human?",CONTACT,contact_human_agent
BIPLQDZ,"please , can u ask an agent if i could open an account?",ACCOUNT,create_account
BILQC,"I purchased a product, how can I modify my purchase?",ORDER,change_order
BL,I get an error when I attempt to make a payment with card,PAYMENT,payment_issue
BIMSC,"I didn't receive my invoice, can I check it?",INVOICES,check_invoices
BLD,ask an agent how to see the status of my refund,REFUNDS,track_refund
BLZ,how to change to amother online account,ACCOUNT,switch_account
BIMLQD,can u ask an agent how to inform of issues paying?,PAYMENT,payment_issue
BLC,"I don't want my profile, help me remove it",ACCOUNT,delete_account
BILQ,can you tell me what the email to contact Customer Support is?,CONTACT,contact_customer_service
BMLQ,"i want to obtain some bills, can you give me some information?",INVOICES,get_invoice
BPLD,"ask an agent how I can request a bill, please",INVOICES,get_invoice
BLZ,where tocheck my bills,INVOICES,check_invoices
BIC,"I want an account, what can I do?",ACCOUNT,create_account
BIPLQD,"please, can u ask an agent how i can check my bills?",INVOICES,check_invoices
BILCZ,"I don't have an onlinje account, how can I register?",ACCOUNT,create_account
BILC,"i need a reimbursement, what can i do?",REFUNDS,get_refund
BILC,"I don't like the service, what can I do to make a consumer complaint?",FEEDBACK,complaint
BILQC,"I purchased an item, what do i have to do to modify my purchase?",ORDER,change_order
BILQC,"the show was cancelled, what do I have to do to obtain a reimbursement?",REFUNDS,get_refund
BSLEC,"I do not understand you, I need help talking to a person",CONTACT,contact_human_agent
BL,I want to view the options for ticket delivery,DELIVERY,delivery_options
BIQ,can you tell me the email address of Customer Service?,CONTACT,contact_customer_service
BSLC,"I'm not happy with the service, I need help making a complaint",FEEDBACK,complaint
BL,help me talk to client service,CONTACT,contact_customer_service
BILQC,"i ordered a product, what do i have to do to modify my purchase?",ORDER,change_order
BLQC,I purchased a product and I wanna change my purchase,ORDER,change_order
BPLC,"i have an issue when trying to pay for my order, notify it, please",PAYMENT,payment_issue
BSLC,"I have no shipping address, I need help setting it up",SHIPPING,set_up_shipping_address
BILCZ,"I have a question, how can I call Customef Service?",CONTACT,contact_customer_service
BILQ,can u give me information about the mail address to contact Client Service?,CONTACT,contact_customer_service
BLQC,im not happy with the service and i wanna file a consumer complaint,FEEDBACK,complaint
BILQD,can u ask an agent what the number to contact customer service is?,CONTACT,contact_customer_service
BL,how to check my order,ORDER,track_order
BIPMLQD,can you ask an agent if i could request some bills?,INVOICES,get_invoice
BSLQ,I need help tracking my shipment,ORDER,track_order
BIPQDW,"please, can u ask an agent if i can solve a fucking issue with my payment?",PAYMENT,payment_issue
BPSLEC,"I would like information, I need help calling Customer Service, please",CONTACT,contact_customer_service
BILC,"I want to view your money back guarantee, can you help me?",REFUNDS,check_refund_policy
BLQC,i have a problem paying for my order and i wanna notify it,PAYMENT,payment_issue
BILQCZ,"I need information, ohw can I talk to Customer Suppoort?",CONTACT,contact_customer_service
BILQWCZ,"i cat understand you, what should i do to speak with a fucking person?",CONTACT,contact_human_agent
BILC,"I have a question, what do I have to do to send an email to Customer Support?",CONTACT,contact_customer_service
BILC,"I got an error message when I attempted to make a payment, but I was charged anyway, what should I do to notify it?",PAYMENT,payment_issue
BILQC,"I want to notify a problem paying, what do I have to do?",PAYMENT,payment_issue
BILQ,"I want to get a bill, can you tell me how to do it?",INVOICES,get_invoice
BIC,"I don't have an account, what can I do?",ACCOUNT,create_account
BL,where to lodge a consumer complaint for a service,FEEDBACK,complaint
BILQDZ,can u ask an agent how  can obtain a reimbursement?,REFUNDS,get_refund
BLQC,"I have a problem paying with card, help me inform of it",PAYMENT,payment_issue
BML,tell me if I can have several accounts,ACCOUNT,create_account
BILC,"i purchased something, how do I modify my order?",ORDER,change_order
BSLQ,I need help calling Customer Support,CONTACT,contact_customer_service
BPMLQDZ,"ask an agent where i can se my bill, please",INVOICES,check_invoices
BIMLZ,can you  tell me if I can register more than one online accoun with the same email?,ACCOUNT,create_account
BIPMLD,could you ask an agent how I could solve problems with my payment?,PAYMENT,payment_issue
BLC,"I got an error message when I tried to make a payment, but my card was charged anyway and I want to report it",PAYMENT,payment_issue
BIL,how do I notify a problem with my payment?,PAYMENT,payment_issue
BIPMLQDZ,"could u ask an agent if i could notify payment problewms, please?",PAYMENT,payment_issue
BILQD,can u ask an agent where to create a profile?,ACCOUNT,create_account
BL,I found issues signing up,ACCOUNT,registration_problems
BL,tell me where to track my delivery,ORDER,track_order
BILCZ,"I can't remember my account password, what do I have to do to reset it ?",ACCOUNT,recover_password
BILQDZ,can u ask an asgent to remove my account?,ACCOUNT,delete_account
BMSZ,I want information aboutgetting some invoices,INVOICES,get_invoice
BILQC,"i lost my password, what can i do to reset it?",ACCOUNT,recover_password
BILQZ,how can I see the cancellation  penalty ?,CANCELLATION_FEE,check_cancellation_fee
BLC,"I don't want my profile, close it",ACCOUNT,delete_account
BLC,"I can't remember my account password, retrieve it",ACCOUNT,recover_password
BSLQ,I need help informing of a payment issue,PAYMENT,payment_issue
BILQCZ,"i wanna see the delivery options, whatco i have to do?",DELIVERY,delivery_options
BPMLQD,"ask an agent how to notify issues with my payment, please",PAYMENT,payment_issue
BIMSLC,"I didn't receive my invoice, how do I view it?",INVOICES,check_invoices
BILQC,"i wanna close my user account, where can i do it?",ACCOUNT,delete_account
BIPLDW,"could you ask an agent how I can notify a fucking issue making a payment, please?",PAYMENT,payment_issue
BLQC,"I need information, help me send an email to Client Service",CONTACT,contact_customer_service
BL,an error pops when I attempt to make a payment for my online order,PAYMENT,payment_issue
BLQ,i wanna know if i can make a payment with Visa,PAYMENT,check_payment_methods
BPLC,"I have an issue paying for my order, I need help notifying it, please",PAYMENT,payment_issue
BIC,"I don't understand you, how do I contact a human agent?",CONTACT,contact_human_agent
BILC,"an error message pops when i try to make a payment for my order, what can i do?",PAYMENT,payment_issue
BILC,"I've got no user account, what can I do to create one?",ACCOUNT,create_account
BILD,can you ask an agent how I can check my delivery?,ORDER,track_order
BIC,"I want to check the cancellation fee, what should I do?",CANCELLATION_FEE,check_cancellation_fee
BIPMLQDW,"please, could u ask an agent where to notify fucking problems making a payment?",PAYMENT,payment_issue
BLC,"I don't understand you, help me speak with a human",CONTACT,contact_human_agent
BILCZ,"I haven't got a user account, can you opne one?",ACCOUNT,create_account
BLC,"I want information, help me send an email to Customer Support",CONTACT,contact_customer_service
BMLQD,ask an agent where i can view the cancellation penalties,CANCELLATION_FEE,check_cancellation_fee
BILZ,is my shipment on its  way?,ORDER,track_order
BILC,"you're not helping, how do I speak with a person?",CONTACT,contact_human_agent
BSLQC,"youre not helping, i need help speaking with someone",CONTACT,contact_human_agent
BIML,can you tell me how to obtain some bills?,INVOICES,get_invoice
BIML,can you get some bills?,INVOICES,get_invoice
BILQC,"I want to view the cancellation penalty, what should I do?",CANCELLATION_FEE,check_cancellation_fee
BMLDW,ask an agent to notify fucking issues with my payment,PAYMENT,payment_issue
BLC,you're not helping and I want to speak with a person,CONTACT,contact_human_agent
BIQC,"i want a refund, can u help me?",REFUNDS,get_refund
BIPLD,"please, could you ask an agent how I could modify my order?",ORDER,change_order
BILQC,"I want to see the status of my refund, what do I have to do?",REFUNDS,track_refund
BI,can you show me information about the status of my order?,ORDER,track_order
BIC,"I'm not happy with the service, can I file a complaint?",FEEDBACK,complaint
BSLC,"I can't remember my account password, I need help recovering it",ACCOUNT,recover_password
BL,i have an issue paying for my online order,PAYMENT,payment_issue
BILC,"I want information, can you talk to Customer Service?",CONTACT,contact_customer_service
BLQC,"i got an error message when i attempted to pay, but i was charged anyway, report it",PAYMENT,payment_issue
BLD,ask an agent if i can download a bill,INVOICES,get_invoice
BL,how to modify my profile,ACCOUNT,edit_account
BSLQZ,o need help seeing your payment methods,PAYMENT,check_payment_methods
BIPLQ,"I'd like to obtain a bill, can you tell me where to do it, please?",INVOICES,get_invoice
BILQCZ,"the concerft was cancelled, what do I have to do to request a refund?",REFUNDS,get_refund
BILC,"the game was cancelled, can I get a reimbursement?",REFUNDS,get_refund
BLCZ,I've got no online acount and I want to create one,ACCOUNT,create_account
BIPMLDW,"could you ask an agent how I can report fucking problems paying, please?",PAYMENT,payment_issue
BLZ,I' trying to open an account but I can't,ACCOUNT,registration_problems
BILQD,can u ask an agent if i can track my delivery?,ORDER,track_order
BILQ,where do I notify a problem making a payment?,PAYMENT,payment_issue
BLQ,I want to view the ticket delivery options,DELIVERY,delivery_options
BLQC,"i got an error when i attempted to make a payment, but i was charged anyway and i wanna inform of it",PAYMENT,payment_issue
BILQCZ,"my online account's bwen hacked, what can I do to get it back?",ACCOUNT,recover_password
BIPMLQDW,"please, can you ask an agent how to know where my fucking shipments are?",ORDER,track_order
BIMSLC,"I lost my bill, what do I have to do to view it?",INVOICES,check_invoices
BIQC,"I have an issue paying for my order, what do I have to do?",PAYMENT,payment_issue
BIPLQD,"can u ask an agent how to report an issue making a payment, please?",PAYMENT,payment_issue
BPMLD,"ask an agent if I can solve problems with my payment, please",PAYMENT,payment_issue
BILQ,how can I inform of a problem making a payment?,PAYMENT,payment_issue
BQ,I want information about the status of my order,ORDER,track_order
BSLQC,"I purchased a product, I need help changing my purchase",ORDER,change_order
BSLZ,I want to know something about downloading an bill,INVOICES,get_invoice
BSQ,I need help contacting a human agent,CONTACT,contact_human_agent
BLQC,I changed my mind and I want to remove my account,ACCOUNT,delete_account
BIPLW,how could I create a fucking user account?,ACCOUNT,create_account
BLC,"i forgot my account password, reset it",ACCOUNT,recover_password
BLZ,I want to knmow if I can register several online accounts with a single email address,ACCOUNT,create_account
BL,how to notify an issue paying,PAYMENT,payment_issue
BILC,"I need information, can I talk to Client Service?",CONTACT,contact_customer_service
BL,I don't want my online account,ACCOUNT,delete_account
BL,tell me if I can register two user accounts with a single email address,ACCOUNT,create_account
BILQCZ,"I have a question, whta do I have to do to speak with Client Service?",CONTACT,contact_customer_service
BIQ,can you tell me how soon I can expect my ticket?,DELIVERY,delivery_period
BL,I want to know what the mail address of Customer Support is,CONTACT,contact_customer_service
BPLQC,someone stole my password and id like to retrieve it,ACCOUNT,recover_password
BISL,what can you tell me about requesting an invoice?,INVOICES,get_invoice
BLCZ,"I dn't like the service, make a consumer complaint",FEEDBACK,complaint
BMLQZ,"i wanna obtain some invoices, ell me how to do it",INVOICES,get_invoice
BILQ,where do I write a comment?,FEEDBACK,review
BILC,"I don't want my profile, what do I have to do to close it?",ACCOUNT,delete_account
BILQC,"i cant understand you, how do i talk to a human agent?",CONTACT,contact_human_agent
BPLDZ,"ask an agent to close my online account , please",ACCOUNT,delete_account
BPL,"please, tell me where to check my shipment",ORDER,track_order
BIPLQD,"please, could u ask an agent where to lodge a consumer complaint for a service?",FEEDBACK,complaint
BLQC,"im happy with the service, help me lodge a review",FEEDBACK,review
BLQ,I want to know where I can change my purchase,ORDER,change_order
BIMSL,what can you tell me about downloading some invoices?,INVOICES,get_invoice
BILQCZ,"i cant understand you, what can i do to talk to a person ?",CONTACT,contact_human_agent
BIPM,"can you tell me when my tickets will arrive, please?",DELIVERY,delivery_period
BILQZ,wheree do I inform of a payment issue?,PAYMENT,payment_issue
BILC,"I need information, can you contact Customer Support?",CONTACT,contact_customer_service
BML,tell me if I can register more than one online account with the same email,ACCOUNT,create_account
BIPLQC,"i want to obtain a reimbursement, could u help me?",REFUNDS,get_refund
BIML,where do I report problems paying?,PAYMENT,payment_issue
BILQC,"I forgot my account password, what can I do to retrieve it?",ACCOUNT,recover_password
BLC,"I'm discontent with the service, submit a consumer complaint",FEEDBACK,complaint
BSLQ,I want information about changing my purchase,ORDER,change_order
BILC,"I got an error message when I attempted to make a payment, but I was charged anyway, what should I do to inform of it?",PAYMENT,payment_issue
BLQD,ask an agent where i can make an order,ORDER,place_order
BIPLQD,"please, can u ask an agent to show me my invoices?",INVOICES,check_invoices
BLQC,"i forgot my account password, help me recover it",ACCOUNT,recover_password
BMLQCZ,"I  want to track my deliveries, tell me where I acn do it",ORDER,track_order
BILQCZ,"i have a problem paying with card , what can i do to notify it?",PAYMENT,payment_issue
BQ,I want to know if I get a full refund in case I cancel my ticket,REFUNDS,check_refund_policy
BIPSLD,"do you mind asking an agent how I could check my order, please?",ORDER,track_order
BLC,"I have an issue when trying to pay for my order, I need help notifying it",PAYMENT,payment_issue
BLZ,I get a error message when I attempt to make a payment for my online order,PAYMENT,payment_issue
BILC,"i want information, what do i have to do to talk to customer service?",CONTACT,contact_customer_service
BIPLDW,can you ask an agent where I could inform of a fucking payment issue?,PAYMENT,payment_issue
BL,how to inform of an issue paying,PAYMENT,payment_issue
BILQC,"I have a question, what can I do to send an email to Customer Support?",CONTACT,contact_customer_service
BIPLQCZ,"i wanna see the status of my reimbursement, what can  i do, please?",REFUNDS,track_refund
BIMSLQC,"i didn't receive my invoice, can u view it?",INVOICES,check_invoices
BLC,I don't understand you and I want to contact a human,CONTACT,contact_human_agent
BILC,"I want to check your payment options, can you help me?",PAYMENT,check_payment_methods
BIPSQCZ,"i didn't receive my invocies, could u check them?",INVOICES,check_invoices
BILC,"I changed my mind, how do I cancel my user account?",ACCOUNT,delete_account
BZ,where to change  my shipping address,SHIPPING,change_shipping_address
BIC,"I want to file a review, what do I have to do?",FEEDBACK,review
BILQD,can u ask an agent if i can write a review?,FEEDBACK,review
BILQC,"i got an error when i tried to pay, but i was charged anyway, what should i do to inform of it?",PAYMENT,payment_issue
BIPLQDZ,could u ask an agent how i can viewthe cancellation fee?,CANCELLATION_FEE,check_cancellation_fee
BIPMLZ,could i register more than one account with asingle email?,ACCOUNT,create_account
BLQ,i wanna inform of a problem paying,PAYMENT,payment_issue
BLC,"I have an issue paying with card, help me inform of it",PAYMENT,payment_issue
BIL,can I call Client Service?,CONTACT,contact_customer_service
BIQ,where can i place an order?,ORDER,place_order
BILQC,"i want to view your money back policy, can u help me?",REFUNDS,check_refund_policy
BILQC,"i cant understand you, can u speak with someone?",CONTACT,contact_human_agent
BILQ,where do I write a review for a service?,FEEDBACK,review
BLQC,"I want information, speak with Customer Support",CONTACT,contact_customer_service
BILC,"you aren't helping, what do I have to do to contact a human?",CONTACT,contact_human_agent
BLQC,"i got an error message when i tried to make a payment, but i was charged anyway and i wanna notify it",PAYMENT,payment_issue
BL,tell me where I can track my delivery,ORDER,track_order
BIMLQ,can u check my bill?,INVOICES,check_invoices
BIPLD,"please, can you ask an agent how to make an order?",ORDER,place_order
BIL,can I see my invoices?,INVOICES,check_invoices
BPLQDZ,"ask an agent wnere I could receive the newsletter, please",NEWSLETTER,newsletter_subscription
BSLC,"I don't like the service, I need help submitting a complaint",FEEDBACK,complaint
BIMLQC,"I want to see cancellation penalties, what can I do?",CANCELLATION_FEE,check_cancellation_fee
BL,how to inform of a problem making a payment,PAYMENT,payment_issue
BIPLW,"please, could you tell me if i could register several fucking online accounts with the same email address?",ACCOUNT,create_account
BIL,can you show me the mail to contact Client Service?,CONTACT,contact_customer_service
BISLC,"i lost my invoices, how can i view them?",INVOICES,check_invoices
BIPLDW,"could you ask an agent if I can delete my fucking online account, please?",ACCOUNT,delete_account
BILQD,can u ask an agent where i can register?,ACCOUNT,create_account
BSLQC,"I can't find my bills, I need help checking them",INVOICES,check_invoices
BICZ,"the event was cancelled , what can I do to get a refund?",REFUNDS,get_refund
BLQ,I want to talk to someone,CONTACT,contact_human_agent
BIPLQ,"please, can you tell me if i could create several profiles with a single email?",ACCOUNT,create_account
BIL,where do i file a consumer complaint for a service?,FEEDBACK,complaint
BLCZ,"I want to check my delivery , tell me where to do it",ORDER,track_order
BILC,"I want a reimbursement, how can I get one?",REFUNDS,get_refund
BLQ,i wanna change the information on my profile,ACCOUNT,edit_account
BSLQC,"I changed my mind, I need help canceling my user account",ACCOUNT,delete_account
BI,what are your payment methods?,PAYMENT,check_payment_methods
BIC,"I have an issue when trying to pay with card, what should I do?",PAYMENT,payment_issue
BMSLQCZ,"I didn't receiove my bill, help me view it",INVOICES,check_invoices
BIL,can you tell me if I can modify my purchase?,ORDER,change_order
BILZ,can you tell me if I can create several online accounts with an single email?,ACCOUNT,create_account
BIPLQD,"please, can u ask an agent where i can see the options for ticket delivery?",DELIVERY,delivery_options
BIL,where can I see the cancellation penalty?,CANCELLATION_FEE,check_cancellation_fee
BILC,"an error pops when i attempt to pay, what can i do?",PAYMENT,payment_issue
BILZ,an you tell me if I can own more than one profile?,ACCOUNT,create_account
BL,how to see your money back guarantee,REFUNDS,check_refund_policy
BILQC,"I have a problem when trying to pay, how do I inform of it?",PAYMENT,payment_issue
BILC,"I'm not happy with the service, can you lodge a consumer complaint?",FEEDBACK,complaint
BLC,I've got no online account and I want to open one,ACCOUNT,create_account
BL,help me see the status of my reimbursement,REFUNDS,track_refund
BIPMLDW,"can you ask an agent how I can check the fucking cancellation penalties, please?",CANCELLATION_FEE,check_cancellation_fee
BILC,"I get an error when I attempt to make a payment for my online order, what should I do?",PAYMENT,payment_issue
BILC,"I want to use my other account, what should I do to switch them?",ACCOUNT,switch_account
BILQD,can u ask an agent if i can notify an issue making a payment?,PAYMENT,payment_issue
BILC,"i got an error when i tried to make a payment, but i was charged anyway, what should i do to inform of it?",PAYMENT,payment_issue
BIMLQ,can you tell me if I can register more than one online account with a single email address?,ACCOUNT,create_account
BIL,how can i talk to a person?,CONTACT,contact_human_agent
BMLQ,i wanna know if i can create more than one profile with the same email address,ACCOUNT,create_account
BC,"you aren't helping, help me contact a human agent",CONTACT,contact_human_agent
BLC,"I made a mistake, modify my order",ORDER,change_order
BILQC,"I want a reimbursement, how can I request one?",REFUNDS,get_refund
BLQC,i cant understand you and i want to contact a person,CONTACT,contact_human_agent
BL,the payment won't go through,PAYMENT,payment_issue
BILQWC,"i dont want my fucking user account, how can i remove it?",ACCOUNT,delete_account
BILC,"I want to check the options for ticket delivery, can you help me?",DELIVERY,delivery_options
BLQCZ,"I ahve an issue when trying to make a payment, inform of it",PAYMENT,payment_issue
BLZ,how to change to another rpofile,ACCOUNT,switch_account
BL,how to solve a problem with my payment,PAYMENT,payment_issue
BPMLD,"ask an agent how to report issues making a payment, please",PAYMENT,payment_issue
BILQZ,how can I mlake an order?,ORDER,place_order
BSLQC,"I can't find my invoices, help me view them",INVOICES,check_invoices
BSL,I need help speaking with a person,CONTACT,contact_human_agent
BIQC,"I need an account, how can I create one?",ACCOUNT,create_account
BQD,ask an agent for information about the status of my order,ORDER,track_order
BML,"I want to get some bills, tell me how to do it",INVOICES,get_invoice
BL,help me talk to a human agent,CONTACT,contact_human_agent
BILQZ,can I speak wkth Client Service?,CONTACT,contact_customer_service
BILEQC,"i dont have a user account, what do i have to do to create one?",ACCOUNT,create_account
BLC,"the concert was cancelled, help me get a reimbursement",REFUNDS,get_refund
BILQC,"i wanna use my other online account, what should i do to switch them?",ACCOUNT,switch_account
BILQ,can you tell me if I can see an invoice?,INVOICES,get_invoice
BILQC,"I want a reimbursement, what do I have to do to request one?",REFUNDS,get_refund
BIL,can you show me the number to contact Client Service?,CONTACT,contact_customer_service
BLZ,tel me if I can have more than one profile,ACCOUNT,create_account
BIQC,"I made a mistake, what can I do to change my order?",ORDER,change_order
BIL,can you find information about the mail of the Customer Support?,CONTACT,contact_customer_service
BSL,I need help requesting an invoice,INVOICES,get_invoice
BIMLQZ,"I wanna obtain some bills , can you tell me how to do it?",INVOICES,get_invoice
BIL,how can I request a refund?,REFUNDS,get_refund
BIPLQW,where could I write a fucking opinion?,FEEDBACK,review
BILQC,"my profile's been hacked, what should i do?",ACCOUNT,recover_password
BIPLQDW,could u ask an agent where i can report a fucking issue making a payment?,PAYMENT,payment_issue
BICZ,"I have no account, can you createw one?",ACCOUNT,create_account
BILC,"I get an error message when I attempt to make a payment with card, what do I have to do?",PAYMENT,payment_issue
BILQCZ,"I ned a refund, can I obtain one?",REFUNDS,get_refund
BILQCZ,"i want to submit a complaint fora service, what do i have to do?",FEEDBACK,complaint
BIPLDW,"please, could you ask an agent if I could make changes to my fucking shipping address?",SHIPPING,change_shipping_address
BILQCZ,"i have no online acconut, can i create one?",ACCOUNT,create_account
BLQ,i want to know if i can create several profiles with a single email,ACCOUNT,create_account
BSLQC,"i want information, i need help calling client service",CONTACT,contact_customer_service
BIL,where can I notify an issue with my payment?,PAYMENT,payment_issue
BPLQDWZ,"ask an agent were I can notify a fucking payment problem, please",PAYMENT,payment_issue
BIL,can you tell me if I can register several user accounts with the same email address?,ACCOUNT,create_account
BIQC,"I want a refund, what can I do?",REFUNDS,get_refund
BLWZ,how to inform of a fuckingproblem paying,PAYMENT,payment_issue
BILQD,can u ask an agent what the mail address of the Client Service?,CONTACT,contact_customer_service
BILQC,"I bought something, can I change my purchase?",ORDER,change_order
BIPLC,"I'd like to file an opinion, what can I do?",FEEDBACK,review
BIPLQD,"please, could u ask an agent what the mail to contact customer service is?",CONTACT,contact_customer_service
BIQC,"I have a question, what do I have to do to contact Customer Service?",CONTACT,contact_customer_service
BSLQ,I want to know something about seeing a bill,INVOICES,get_invoice
BILQZ,how do I rremove my profile?,ACCOUNT,delete_account
BILQC,"I have an issue when trying to make a payment, can I notify it?",PAYMENT,payment_issue
BLC,"I want to track my package, tell me how I can do it",ORDER,track_order
BLQ,I wanna know where I can check my shipment,ORDER,track_order
BLQC,"i got an error message when i tried to pay, but my card was charged anyway and i want to report it",PAYMENT,payment_issue
BI,can you tell me if service fees are refundable?,REFUNDS,check_refund_policy
BILZ,can you tell me where I can track my depivery?,ORDER,track_order
BILC,"i got an error when i tried to make a payment, but i was charged anyway, what can i do to inform of it?",PAYMENT,payment_issue
BILC,"I have an issue when trying to make a payment, can you notify it?",PAYMENT,payment_issue
BILZ,can you tell me if i can create seevral online accounts wih the same email?,ACCOUNT,create_account
BL,how to view the delivery options,DELIVERY,delivery_options
BLQC,"I got an error message when I tried to make a payment, but my card was charged anyway, notify it",PAYMENT,payment_issue
BIC,"someone stole my password, can you help me?",ACCOUNT,recover_password
BIML,how can I inform of problems paying?,PAYMENT,payment_issue
BIQC,"i wanna check the cancellation fee, what can i do?",CANCELLATION_FEE,check_cancellation_fee
BIL,how can I inform of a payment problem?,PAYMENT,payment_issue
BLCZ,"I'm not happy with the service, help me make a complaintg",FEEDBACK,complaint
BLQD,ask an agent if i can edit my shipping address,SHIPPING,change_shipping_address
BILQC,"the concert was postponed, how do I obtain a reimbursement?",REFUNDS,get_refund
BI,where do i check your refund policy?,REFUNDS,check_refund_policy
BLWC,"I haven't got a fucking user account, help me create one",ACCOUNT,create_account
BILCZ,"i got an error wen i tried to pay, but my card was charged anyway, what do i have to do to inform of it?",PAYMENT,payment_issue
BML,I found an issue when trying to sign up,ACCOUNT,registration_problems
BIMQCZ,"i wannacheck cancellation fees, what should i do ?",CANCELLATION_FEE,check_cancellation_fee
BILCZ,"I'm happy with the service, what should I do to make an comment?",FEEDBACK,review
BILZ,where do I see the ticket delivery options ?,DELIVERY,delivery_options
BILC,"I get an error when I try to make a payment, what should I do?",PAYMENT,payment_issue
BLQC,"I have a problem when trying to make a payment with card, report it",PAYMENT,payment_issue
BLC,"the event was postponed, request a reimbursement",REFUNDS,get_refund
BILC,"I need a reimbursement, what do I have to do?",REFUNDS,get_refund
BILQC,"i have a question, how do i contact client service?",CONTACT,contact_customer_service
BLCZ,"I got an error when I attempted to make a payment, but I was charged  anyway, help me inform of it",PAYMENT,payment_issue
BILQC,"I have an issue when trying to pay for my online order, can I notify it?",PAYMENT,payment_issue
BILDZ,cqn you ask an agent if I can track my delivey?,ORDER,track_order
BLCZ,"I don't ant my user account, delete it",ACCOUNT,delete_account
BLEQZ,i dont have an online acdount,ACCOUNT,create_account
BIL,can you tell me what the email address of the Customer Support is?,CONTACT,contact_customer_service
BILC,"I can't remember my account password, how do I retrieve it?",ACCOUNT,recover_password
BIQ,can I change my order?,ORDER,change_order
BL,I want to leave a comment,FEEDBACK,review
BLW,show me the fucking number of Customer Service,CONTACT,contact_customer_service
BILQC,"you arent helping, what should i do to talk to a human?",CONTACT,contact_human_agent
BMZ,hel me track my orders,ORDER,track_order
BML,tell me how I can check my orders,ORDER,track_order
BC,you aren't helping and I want to contact a human agent,CONTACT,contact_human_agent
BIPLQ,could you tell me what the number of Customer Support is?,CONTACT,contact_customer_service
BILQD,can u ask an agent to check my package?,ORDER,track_order
BIC,"I don't want my account, can I delete it?",ACCOUNT,delete_account
BIL,how soon can I expect my ticket to arrive?,DELIVERY,delivery_period
BIC,"I want to know the status of my refund, what should I do?",REFUNDS,track_refund
BPQD,ask an agent where i could report a payment issue,PAYMENT,payment_issue
BMQD,ask an agent where to check my invoice,INVOICES,check_invoices
BILC,"i got an error when i attempted to pay, but i was charged anyway, what do i have to do to report it?",PAYMENT,payment_issue
BILC,"I want to view the options for ticket delivery, what should I do?",DELIVERY,delivery_options
BILC,"the show was postponed, what do I have to do to get a reimbursement?",REFUNDS,get_refund
BM,I want to get some invoices,INVOICES,get_invoice
BLC,"I got an error message when I attempted to make a payment, but my card was charged anyway, I need help reporting it",PAYMENT,payment_issue
BIL,can you tell me how I can know where my shipment is?,ORDER,track_order
BLQC,the show was cancelled and i wanna obtain a reimbursement,REFUNDS,get_refund
BIPMLD,could you ask an agent if I could see my bill?,INVOICES,check_invoices
BC,"I have an issue paying, report it",PAYMENT,payment_issue
BIMLQDZ,can u ask an agent how t track my packages?,ORDER,track_order
BILC,"I have a question, what do I have to do to send an email to Customer Service?",CONTACT,contact_customer_service
BILC,"I bought a product, how do I modify my purchase?",ORDER,change_order
BMLZ,"I want to obtain some bills , tell me how I can do it",INVOICES,get_invoice
BPLQDWZ,"ask an agent what the fucking email address to contact Customr Support is, please",CONTACT,contact_customer_service
BIPLEC,"I would like to solve an issue paying, what should I do?",PAYMENT,payment_issue
BL,I want to know where to get a bill,INVOICES,get_invoice
BLC,"I got an error message when I tried to make a payment, but I was charged anyway and I want to notify it",PAYMENT,payment_issue
BLQ,i wanna close my online account,ACCOUNT,delete_account
BLQ,I want to know if I can create several profiles with the same email address,ACCOUNT,create_account
BLC,"the game was cancelled, request a reimbursement",REFUNDS,get_refund
BLQCZ,the game was canceled and I want to obtain a reimbursement,REFUNDS,get_refund
BILC,"an error message pops when I attempt to pay, what should I do?",PAYMENT,payment_issue
BIPLQDW,"please, can u ask an agent to give me information about their fucking money back policy?",REFUNDS,check_refund_policy
BIPLQCZ,"the show was cancelled, could i get a erimbursement , please?",REFUNDS,get_refund
BILCZ,"i have an issue when trying to  pay for my online order, what should i do?",PAYMENT,payment_issue
BILC,"I purchased a product, can I modify my order?",ORDER,change_order
BIL,can I create several accounts with a single email address?,ACCOUNT,create_account
BIPLWC,"I lost my fucking password, could you reset it?",ACCOUNT,recover_password
BILQZ,can I track my edlivery?,ORDER,track_order
BLC,I need information and I want to speak with Customer Service,CONTACT,contact_customer_service
BIPLQD,"please, could u ask an agent if I could track my delivery?",ORDER,track_order
BPL,"i want to know if i could register several user accounts with a single email, please",ACCOUNT,create_account
BIMQ,"I want to get some invoices, can you tell me how to do it?",INVOICES,get_invoice
BIPQ,how may I know where my order is?,ORDER,track_order
BLQC,"I got an error when I tried to pay, but my card was charged anyway, inform of it",PAYMENT,payment_issue
BILQC,"I bought a product, what can I do to modify my order?",ORDER,change_order
BILQC,"I got an error message when I tried to pay, but I was charged anyway, what can I do?",PAYMENT,payment_issue
BILQC,"i get an error message when i try to pay, what do i have to do?",PAYMENT,payment_issue
BPMLQWZ,"i wanna request some fucking bill , can you give me some information?, please",INVOICES,get_invoice
BIPLQ,"can u show me information about the mail address of the Customer Service, please?",CONTACT,contact_customer_service
BIMLQD,can u ask an agent to check my shipments?,ORDER,track_order
BPMLQD,"ask an agent where I could inform of problems making a payment, please",PAYMENT,payment_issue
BILC,"I got an error message when I attempted to pay, but my card was charged anyway, what should I do to notify it?",PAYMENT,payment_issue
BILC,"I'm not happy with the service, how do I make a consumer complaint?",FEEDBACK,complaint
BPMLQD,"please, ask an agent if i could obtain some bills",INVOICES,get_invoice
BPLQ,"Id like to download a bill, can you show me some information?, please",INVOICES,get_invoice
BM,I want to know when my tickets are going to arrive,DELIVERY,delivery_period
BIPLQD,"could u ask an agent where i could obtain a reimbursement, please?",REFUNDS,get_refund
BIPMLEC,"I would like to check my packages, can you tell me where to do it?",ORDER,track_order
BL,I have an issue with the registration,ACCOUNT,registration_problems
BILQCZ,"I want to modify my purchase , can you tell me how I can do it?",ORDER,change_order
BILQ,how do I open a user account?,ACCOUNT,create_account
BILQD,can u ask an agent what the hours of customer support are?,CONTACT,contact_customer_service
BILQC,"i have a problem when trying to make a payment, can u inform of it?",PAYMENT,payment_issue
BPLQC,I purchased something and I'd like to change my purchase,ORDER,change_order
BMLC,"I want to track my packages, tell me where to do it",ORDER,track_order
BISL,what information do you have about changing my purchase?,ORDER,change_order
BIPLDW,can you ask an agent if I could remove my fucking user account?,ACCOUNT,delete_account
BML,I have a problem signing up,ACCOUNT,registration_problems
BSLQ,I need information about seeing an invoice,INVOICES,get_invoice
BILQC,"I have a problem when trying to make a payment with card, how can I inform of it?",PAYMENT,payment_issue
BIL,how do i inform of a problem making a payment?,PAYMENT,payment_issue
BIQC,"i lost my password, can u help me?",ACCOUNT,recover_password
BILC,"I have an issue when trying to pay for my online order, what can I do to report it?",PAYMENT,payment_issue
BIML,how can I report issues paying?,PAYMENT,payment_issue
BILQC,"you arent helping, what do i have to do to speak with a human agent?",CONTACT,contact_human_agent
BILQC,"I want to file a consumer complaint, what should I do?",FEEDBACK,complaint
BIPLWCZ,"I want to file a fucking coment for a service, could you help me?",FEEDBACK,review
BILQC,"i wanna track my reimbursement, what do i have to do?",REFUNDS,track_refund
BILWC,"i have no fucking shipping address, what should i do to set one up?",SHIPPING,set_up_shipping_address
BILQ,can u show me the email address of the Customer Support?,CONTACT,contact_customer_service
BILQC,"I have no online account, can I register?",ACCOUNT,create_account
BILQC,"my profile was hacked, what can i do to recover it?",ACCOUNT,recover_password
BLQCZ,"i dont wan my accout, close it",ACCOUNT,delete_account
BLQ,I want to check the cancellation penalty,CANCELLATION_FEE,check_cancellation_fee
BILC,"I get an error message when I attempt to pay, can you help me?",PAYMENT,payment_issue
BSL,information about obtaining an invoice,INVOICES,get_invoice
BIL,can you tell me if I can create two online accounts with the same email address?,ACCOUNT,create_account
BILQC,"I ordered an item, what do I have to do to change my purchase?",ORDER,change_order
BILQC,"I got an error message when I tried to pay, but my card was charged anyway, what should I do to inform of it?",PAYMENT,payment_issue
BL,where to delete my online account,ACCOUNT,delete_account
BILC,"i have a problem when trying to pay for my order, how can i notify it?",PAYMENT,payment_issue
BILQC,"my user account was hacked, how can I recover it?",ACCOUNT,recover_password
BLQC,"I have a problem paying for my online order, notify it",PAYMENT,payment_issue
BLQC,I ordered a product and I want to modify my purchase,ORDER,change_order
BILQC,"i changed my mind, how do i close my account?",ACCOUNT,delete_account
BL,i want to know what the mail of the Client Service is,CONTACT,contact_customer_service
BILC,"I'm happy with the service, what do I have to do to file an opinion?",FEEDBACK,review
BIML,can you tell me if I can own several profiles?,ACCOUNT,create_account
BMLQD,ask an agent if I can see some bills,INVOICES,get_invoice
BILQ,where do i write an opinion?,FEEDBACK,review
B,"I want to get an invoice, tell me where I can do it",INVOICES,get_invoice
BILQC,"i wanna lodge a consumer complaint for a service, what can i do?",FEEDBACK,complaint
BL,where to see the cancellation fee,CANCELLATION_FEE,check_cancellation_fee
BISLCZ,"I lost my invoicews, how do I see them?",INVOICES,check_invoices
BIL,can you tell me if I can create several accounts with a single email?,ACCOUNT,create_account
BMLQ,tell me if I can download some invoices,INVOICES,get_invoice
BIML,how do I obtain some bills?,INVOICES,get_invoice
BILQC,"i dont want my account, how do i remove it?",ACCOUNT,delete_account
BSLZ,I need information about seeing abill,INVOICES,get_invoice
BIL,can you tell me if I can register two accounts with a single email?,ACCOUNT,create_account
BILC,"I have an issue when trying to pay for my online order, what do I have to do to report it?",PAYMENT,payment_issue
BILQC,"i ordered a product, what do I have to do to change my order?",ORDER,change_order
BILQ,where can I obtain a refund?,REFUNDS,get_refund
BMLQ,I want to know how I can check my orders,ORDER,track_order
BILQCZ,"I get an error message whne I attempt to pay with card, what do I have to do?",PAYMENT,payment_issue
BLC,my user account's been hacked and I want to recover it,ACCOUNT,recover_password
BIQCZ,"the payment failed, what should I dop?",PAYMENT,payment_issue
BL,"I want to download an invoice, can you show me some information?",INVOICES,get_invoice
BILQC,"i wanna report an issue paying, what do i have to do?",PAYMENT,payment_issue
BILQC,"I got an error when I tried to make a payment, but my card was charged anyway, can I inform of it?",PAYMENT,payment_issue
BILC,"I want to check the status of my purchase, can you help me?",ORDER,track_order
BILC,"you aren't helping, can I speak with a person?",CONTACT,contact_human_agent
BILQD,can u ask an agent how to solve a payment problem?,PAYMENT,payment_issue
BILQW,whats the fucking mail address to contact customer service?,CONTACT,contact_customer_service
BILC,"I'm not happy with the service, can you file a consumer complaint?",FEEDBACK,complaint
BILQC,"im happy with the service, how can i lodge a review?",FEEDBACK,review
BLZ,I haven't got an online  account,ACCOUNT,create_account
BILC,"an error pops when I attempt to pay with card, what can I do?",PAYMENT,payment_issue
BLC,I don't like the service and I want to lodge a consumer complaint,FEEDBACK,complaint
BIPLQW,"can u show me the fucking free phone number to contact customer service, please?",CONTACT,contact_customer_service
BILQ,how can I make a purchase?,ORDER,place_order
BLC,you're not helping and I want to contact a person,CONTACT,contact_human_agent
BIQD,can u ask an agent if theres a newsletter to keep me up-to-date?,NEWSLETTER,newsletter_subscription
BLQ,show me the hours of Client Service,CONTACT,contact_customer_service
BILQ,where do i cancel my online account?,ACCOUNT,delete_account
BILQCZ,"i dont want my user account, whazt can i do to remove it?",ACCOUNT,delete_account
BPLQD,"please, ask an agent if i can check the options for ticket delivery",DELIVERY,delivery_options
BILQ,how can I leave an opinion for a service?,FEEDBACK,review
BLQ,show me the mail of client service,CONTACT,contact_customer_service
BQC,i have an issue paying for my order and i wanna report it,PAYMENT,payment_issue
BLQDW,ask an agent to notify a fucking problem with my payment,PAYMENT,payment_issue
BLC,"I have a problem making a payment, I need help informing of it",PAYMENT,payment_issue
BL,I want to check my shipment,ORDER,track_order
BILC,"I got an error when I tried to pay, but my card was charged anyway, how do I inform of it?",PAYMENT,payment_issue
BLQC,"i have a problem when trying to pay with card, help me notify it",PAYMENT,payment_issue
BILQC,"i got an error message when i tried to make a payment, but my card was charged anyway, how can i report it?",PAYMENT,payment_issue
BILQC,"the event was postponed, what should I do to request a refund?",REFUNDS,get_refund
BLQC,"I got an error message when I attempted to pay, but my card was charged anyway and I want to report it",PAYMENT,payment_issue
BLC,I have a problem paying with card and I want to report it,PAYMENT,payment_issue
BSLQZ,I need help speaking wiht a human,CONTACT,contact_human_agent
BILC,"I got an error when I attempted to pay, but I was charged anyway, can you inform of it?",PAYMENT,payment_issue
BIQD,can u ask an agent how i can contact customer service?,CONTACT,contact_customer_service
BPLQDW,ask an agent how i could inform of a fucking issue paying,PAYMENT,payment_issue
BLQ,i want to know how I can receive the newsletter,NEWSLETTER,newsletter_subscription
BIL,how do i switch to another online account?,ACCOUNT,switch_account
BILQC,"i want to notify an issue making a payment, can u help me?",PAYMENT,payment_issue
BILCZ,"I  want to remove my online account , where can I do it?",ACCOUNT,delete_account
BIL,can you tell me the mail of Customer Service?,CONTACT,contact_customer_service
BIPLD,"can you ask an agent how I can solve a problem with my payment, please?",PAYMENT,payment_issue
BILCZ,"i have an issue paying for myorder, what do i have to do to inform of it?",PAYMENT,payment_issue
BIMLQC,"I want to track my packages, can you tell me where to do it?",ORDER,track_order
B,I found problems while registering,ACCOUNT,registration_problems
BIPMLQD,"can u ask an agent if I can download some invoices, please?",INVOICES,get_invoice
BLZ,tell me how to check myshipment,ORDER,track_order
BSLC,"I haven't got an account, I need help registering",ACCOUNT,create_account
BL,help me solve an issue paying,PAYMENT,payment_issue
BIML,can you track my packages?,ORDER,track_order
BLQC,the game was cancelled and I want to get a refund,REFUNDS,get_refund
BL,how to make a complaint,FEEDBACK,complaint
BILQC,"i wanna notify a problem paying, can u help me?",PAYMENT,payment_issue
BIML,can i solve issues paying?,PAYMENT,payment_issue
BIPQDW,"can u ask an agent how i could set up my fucking shipping address, please?",SHIPPING,set_up_shipping_address
BSLQCZ,"I forgot my account password , I need help recovering it",ACCOUNT,recover_password
BILQZ,can I register two user accounts with an single email address?,ACCOUNT,create_account
BISLC,"I lost my invoices, what should I do to view them?",INVOICES,check_invoices
BQ,I need information about your payment methods,PAYMENT,check_payment_methods
BLC,"I have an issue when trying to make a payment with card, report it",PAYMENT,payment_issue
BL,tell me if I can check my order,ORDER,track_order
BMLQ,I wanna know if my packages are out for delivery,ORDER,track_order
BIQC,"I have an issue paying with card, what should I do?",PAYMENT,payment_issue
BLQC,"i have an issue paying for my online order, i need help informing of it",PAYMENT,payment_issue
BILC,"I don't understand you, can I speak with someone?",CONTACT,contact_human_agent
BC,"I have an issue paying with card, I need help reporting it",PAYMENT,payment_issue
BILQ,how do I see your money back guarantee?,REFUNDS,check_refund_policy
BLQ,i wanna make a modification in my purchase,ORDER,change_order
BILQCZ,"I have a probelm paying for my order, how do I inform of it?",PAYMENT,payment_issue
BIMLQD,can u ask an agent if i can request some bills?,INVOICES,get_invoice
BILC,"I got an error message when I attempted to make a payment, but my card was charged anyway, what do I have to do to inform of it?",PAYMENT,payment_issue
BILC,"I want to report a problem paying, what do I have to do?",PAYMENT,payment_issue
BMLZ,where to inform of problems making an payment,PAYMENT,payment_issue
BIC,"I have an issue paying, what should I do?",PAYMENT,payment_issue
BIPLQDW,"please, could u ask an agent where to notify a fucking issue making a payment?",PAYMENT,payment_issue
BILQC,"I want to see the ticket delivery options, what do I have to do?",DELIVERY,delivery_options
BLQC,"i dont understand you, contact someone",CONTACT,contact_human_agent
BIC,"i want a refund, what should i do?",REFUNDS,get_refund
BILQWC,"i dont have a fucking shipping address, what do i have to do to set it up?",SHIPPING,set_up_shipping_address
BQC,"I want to subscribe to the newsletter, tell me how I can do it",NEWSLETTER,newsletter_subscription
BL,how to lodge a complaint for a service,FEEDBACK,complaint
BILC,"I need information, what can I do to talk to Customer Service?",CONTACT,contact_customer_service
BLQ,show me the mail of Customer Support,CONTACT,contact_customer_service
BLQC,"I lost my password, help me retrieve it",ACCOUNT,recover_password
BMSL,i need help seeing my invoice,INVOICES,check_invoices
BL,I want to know if I can create two profiles with the same email,ACCOUNT,create_account
BILC,"I want information, what do I have to do to send an email to Client Service?",CONTACT,contact_customer_service
BI,where do I leave a review for a service?,FEEDBACK,review
BIL,where do i close my online account?,ACCOUNT,delete_account
BILC,"I got an error message when I tried to pay, but my card was charged anyway, what can I do?",PAYMENT,payment_issue
BPLQC,i have a problem when trying to pay for my order and id like to notify it,PAYMENT,payment_issue
BIC,"I got an error when I tried to pay, but my card was charged anyway, what can I do?",PAYMENT,payment_issue
BILCZ,"I don't want my online account, what should I do to clsoe it?",ACCOUNT,delete_account
BILQ,how can I notify an issue with my payment?,PAYMENT,payment_issue
BML,"I want to download some invoices, tell me how I can do it",INVOICES,get_invoice
BL,help me write an opinion for a service,FEEDBACK,review
BILWCZ,"the fucking game was postponed, van you help me?",REFUNDS,get_refund
BW,i want to solve a fucking payment issue,PAYMENT,payment_issue
BIL,can you tell me if I can create two profiles with a single email address?,ACCOUNT,create_account
BILQD,can u ask an agent how i can update my profile?,ACCOUNT,edit_account
BM,I had a problem while registering,ACCOUNT,registration_problems
BILQC,"I want to submit an opinion, what do I have to do?",FEEDBACK,review
BILC,"I have a problem making a payment, how can I inform of it?",PAYMENT,payment_issue
BLCZ,I'm interested in your money back policy and I need informtaion abuot it,REFUNDS,check_refund_policy
BILQC,"I have no online account, what do I have to do to open one?",ACCOUNT,create_account
BIL,where do I check the status of my reimbursement?,REFUNDS,track_refund
BICZ,"I forgot my password , what do I have to do?",ACCOUNT,recover_password
B,i want to know if i can pay with card,PAYMENT,check_payment_methods
BLZ,sho me my invoices,INVOICES,check_invoices
BL,where to make a purchase,ORDER,place_order
BSLQ,I need help calling Customer Service,CONTACT,contact_customer_service
BIL,can you find information about your money back guarantee?,REFUNDS,check_refund_policy
BILCZ,"I want to report a payment probelm, what can I do ?",PAYMENT,payment_issue
BILQC,"I ordered a product, how do I change my order?",ORDER,change_order
BILQC,"I got an error when I tried to pay, but I was charged anyway, how do I notify it?",PAYMENT,payment_issue
BML,tell me if I can create more than one account with a single email address,ACCOUNT,create_account
BL,show me the mail of the Customer Service,CONTACT,contact_customer_service
BIMLQ,can you tell me if I can create more than one user account with the same email address?,ACCOUNT,create_account
BLQD,ask an agent where to obtain a reimbursement,REFUNDS,get_refund
BIPMLD,"can you ask an agent how I could inform of issues paying, please?",PAYMENT,payment_issue
BIL,can you tell me where to receive the newsletter?,NEWSLETTER,newsletter_subscription
BIPMLQDZ,"please, can u ask an agent where i could heck my bill?",INVOICES,check_invoices
BIL,how can I notify a problem with my payment?,PAYMENT,payment_issue
BIPLQC,"id like to see the ticket delivery options, can u help me, please?",DELIVERY,delivery_options
BL,tell me what the email of Customer Service is,CONTACT,contact_customer_service
BIPLW,"can you give me information about the fucking mail address to contact Client Service, please?",CONTACT,contact_customer_service
BLC,"I've got no account, open one",ACCOUNT,create_account
BIPLQDW,could u ask an agent how i could report a fucking problem paying?,PAYMENT,payment_issue
BLQ,help me speak with Customer Service,CONTACT,contact_customer_service
BLQWC,"i have a question, help me speak with fucking customer support",CONTACT,contact_customer_service
BPQWCZ,someone stole my fucking password and id  like to recover it,ACCOUNT,recover_password
BSLC,"I can't find my bills, show them",INVOICES,check_invoices
BISLQC,"I can't find my bills, what do I have to do to view them?",INVOICES,check_invoices
BILQC,"i havent got an online account, how can i register?",ACCOUNT,create_account
BILQ,can I write a review for a service?,FEEDBACK,review
BICZ,"I have an issue when tryng to pay with card, can you help me ?",PAYMENT,payment_issue
BL,tell me where to check my shipment,ORDER,track_order
BLZ,how to write a review for an service,FEEDBACK,review
BLQC,"I got an error message when I attempted to pay, but my card was charged anyway and I want to notify it",PAYMENT,payment_issue
BLC,"I lost my password, retrieve it",ACCOUNT,recover_password
BZ,I'm trying to regiter but I can't,ACCOUNT,registration_problems
BLD,ask an agent where i can report a problem paying,PAYMENT,payment_issue
BILQC,"the show was cancelled, how do i get a reimbursement?",REFUNDS,get_refund
BILC,"I've got no account, what do I have to do to register?",ACCOUNT,create_account
BM,I want information about my invoice,INVOICES,check_invoices
BI,where can I change my shipping address?,SHIPPING,change_shipping_address
BIMLQ,where can I notify issues paying?,PAYMENT,payment_issue
BIPLC,"I'd like a reimbursement, can I obtain one?",REFUNDS,get_refund
BMSLQD,ask an agent for information about seeing some bills,INVOICES,get_invoice
BIMLZ,how do  I solve iswsues paying?,PAYMENT,payment_issue
BIPLQD,"could u ask an agent how i could see the status of my purchase, please?",ORDER,track_order
BILEQC,"i am happy with the service, what should i do to make an opinion?",FEEDBACK,review
BIPLD,could you ask an agent where I can notify a payment problem?,PAYMENT,payment_issue
BIML,can I register more than one user account with a single email address?,ACCOUNT,create_account
BILQC,"I got an error when I tried to make a payment, but I was charged anyway, what should I do to report it?",PAYMENT,payment_issue
BPLQWC,"the fucking game was postponed and id like to request a reimbursement, please",REFUNDS,get_refund
BILCZ,"you aren't helping , how can I speak with a hman agent?",CONTACT,contact_human_agent
BIPMLD,"can you ask an agent where I can notify payment issues, please?",PAYMENT,payment_issue
BLQC,I have an issue when trying to make a payment and I want to inform of it,PAYMENT,payment_issue
BIL,where can I see the status of my reimbursement?,REFUNDS,track_refund
BLQDZ,ask an gaent if I can get a bill,INVOICES,get_invoice
BILQCZ,"i wanna see your refund policy, what shiuld i do?",REFUNDS,check_refund_policy
BI,is there a free phone number to contact Customer Service?,CONTACT,contact_customer_service
BLQC,i cant understand you and i wanna contact someone,CONTACT,contact_human_agent
BILC,"I changed my mind, can I cancel my user account?",ACCOUNT,delete_account
BIL,can i register several profiles with a single email?,ACCOUNT,create_account
BIPLDZ,"acn you ask an agent where I could modify my order, please?",ORDER,change_order
BILC,"you aren't helping, what can I do to talk to a person?",CONTACT,contact_human_agent
BILC,"you aren't helping, can you talk to a person?",CONTACT,contact_human_agent
BILQC,"i have a problem making a payment, what do i have to do to inform of it?",PAYMENT,payment_issue
BILQC,"I have a problem when trying to pay for my online order, how do I notify it?",PAYMENT,payment_issue
BPLDW,"please, ask an agent what I can obtain a fucking reimbursement for",REFUNDS,get_refund
BILCZ,"I'm happy with the servcie, how do I submit a review?",FEEDBACK,review
BILQC,"i wanna see the options for ticket delivery, what can i do?",DELIVERY,delivery_options
B,tell me what the email address to contact Customer Service is,CONTACT,contact_customer_service
BIL,where can i report a problem paying?,PAYMENT,payment_issue
BILQC,"I want a reimbursement, can I obtain one?",REFUNDS,get_refund
BILCZ,"I got an error message when I attempted to pay, but my card was charged anyway, cam you report it?",PAYMENT,payment_issue
BLZ,where to see your pyment options,PAYMENT,check_payment_methods
BILQC,"I have a problem when trying to pay with card, how can I notify it?",PAYMENT,payment_issue
BLQ,I want to create an online account,ACCOUNT,create_account
BLD,ask an agent where i can view their payment methods,PAYMENT,check_payment_methods
BILC,"I'm not happy with the service, can you make a complaint?",FEEDBACK,complaint
BILQC,"I got an error when I tried to make a payment, but I was charged anyway, how do I inform of it?",PAYMENT,payment_issue
BILC,"i have a question, what do i have to do to contact client service?",CONTACT,contact_customer_service
BILC,"I don't have a shipping address, what should I do to set it up?",SHIPPING,set_up_shipping_address
BLZ,ell me what the mail of the Customer Support is,CONTACT,contact_customer_service
BIPLQC,"i have a problem paying with card, could i inform of it?",PAYMENT,payment_issue
BIL,how can I delete my online account?,ACCOUNT,delete_account
BLCZ,"i want an account, help me open ine",ACCOUNT,create_account
BL,help me see your reimbursement policy,REFUNDS,check_refund_policy
BILQ,"I wanna request a bill, can you tell me where I can do it?",INVOICES,get_invoice
BM,check my invoice,INVOICES,check_invoices
BIPLQ,"could you tell me if I could register several user accounts with the same email, please?",ACCOUNT,create_account
BILC,"I have an issue paying for my order, what can I do to notify it?",PAYMENT,payment_issue
BIQ,how do I check my invoices?,INVOICES,check_invoices
BILQZ,how do I check my deivery?,ORDER,track_order
BILQCZ,"ive got o online account, what can i do?",ACCOUNT,create_account
BIL,can you tell me if I can register several accounts with the same email address?,ACCOUNT,create_account
BILCZ,"I have an issue when trying to  make a payment,  what do I have to do?",PAYMENT,payment_issue
BLQZ,i wanna know whzt the email of the Customer Service is,CONTACT,contact_customer_service
BILQC,"I bought something, what can I do to modify my order?",ORDER,change_order
BILQ,can i track my purchase?,ORDER,track_order
BIPLD,"can you ask an agent how I can file a consumer complaint, please?",FEEDBACK,complaint
BILCZ,"I want to retrieve my password , what should I do?",ACCOUNT,recover_password
BLC,"I have no shipping address, set one up",SHIPPING,set_up_shipping_address
BIQC,"I want to solve an issue with my payment, what do I have to do?",PAYMENT,payment_issue
BLQC,the event was cancelled and i want to request a refund,REFUNDS,get_refund
B,what is the status of my order?,ORDER,track_order
BIPLEC,"I would like to use my other profile, what should I do to switch them?",ACCOUNT,switch_account
BLQC,"I have a problem when trying to make a payment, help me inform of it",PAYMENT,payment_issue
BILQC,"I got an error message when I tried to pay, but my card was charged anyway, what do I have to do?",PAYMENT,payment_issue
BLC,"I haven't got a profile, create one",ACCOUNT,create_account
BIPLD,"can you ask an agent how I can talk to Client Service, please?",CONTACT,contact_customer_service
BIPML,"could you tell me if i can register more than one account with the same email address, please?",ACCOUNT,create_account
BL,tell me if I can create two user accounts with a single email,ACCOUNT,create_account
BLQC,youre not helping and i want to talk to someone,CONTACT,contact_human_agent
BLQZ,i wanna cancwl my online account,ACCOUNT,delete_account
BILC,"you're not helping, what should I do to contact a person?",CONTACT,contact_human_agent
BIMLQ,can I see some invoices?,INVOICES,get_invoice
BILC,"I got an error when I tried to make a payment, but I was charged anyway, can you report it?",PAYMENT,payment_issue
BLQC,"I got an error message when I attempted to pay, but my card was charged anyway, notify it",PAYMENT,payment_issue
BILEQC,"u are not helping, how do i contact a human?",CONTACT,contact_human_agent
BML,how to report issues making a payment,PAYMENT,payment_issue
BIPLQ,could u show me the mail of client service?,CONTACT,contact_customer_service
BIMLC,"I want to track my packages, can you tell me where I can do it?",ORDER,track_order
BIMLQCZ,"i wanna trackmyshipments, can you tell me where I can do it?",ORDER,track_order
BILC,"the event was postponed, how do I get a reimbursement?",REFUNDS,get_refund
BIL,can you tell me if i can own more than one online account?,ACCOUNT,create_account
BILQC,"you arent helping, what can i do to talk to a human agent?",CONTACT,contact_human_agent
BL,my account's been hacked,ACCOUNT,recover_password
BIML,where do I see my invoice?,INVOICES,check_invoices
BMLD,ask an agent to notify problems paying,PAYMENT,payment_issue
BPLQD,"please, ask an agent where to receive the newsletter",NEWSLETTER,newsletter_subscription
BILC,"the concert was postponed, how can I request a refund?",REFUNDS,get_refund
BISLC,"I didn't receive my bills, what do I have to do to view them?",INVOICES,check_invoices
BLQC,I need information and I want to speak with Client Service,CONTACT,contact_customer_service
BPMLQD,"ask an agent if i can notify issues making a payment, please",PAYMENT,payment_issue
BILC,"I've got no user account, can you help me?",ACCOUNT,create_account
BLQCZ,i have an issue making a payment with card and i wanna inform fo it,PAYMENT,payment_issue
BIPLD,"could you ask an agent how I can change my purchase, please?",ORDER,change_order
BIMQC,"i wanna check my invoice, can u help me?",INVOICES,check_invoices
BIPMLDWZ,could you ask an agent if I can obtain some fucking inovices?,INVOICES,get_invoice
BPML,"please, tell me if I could create more than one account with a single email",ACCOUNT,create_account
BPLZ,"please , i want to know where I could see an invoice",INVOICES,get_invoice
BIQD,can u ask an agent if i can solve a payment issue?,PAYMENT,payment_issue
BISLQC,"I didn't receive my bills, can I check them?",INVOICES,check_invoices
BIL,can you provide information about the status of my purchase?,ORDER,track_order
BILQC,"i want to notify an issue making a payment, what do i have to do?",PAYMENT,payment_issue
BLQ,show me the free phone number of Client Service,CONTACT,contact_customer_service
BIL,where do i see your refund policy?,REFUNDS,check_refund_policy
BLEQC,u are not helping and i want to speak with a person,CONTACT,contact_human_agent
BIL,can I pay with credit card?,PAYMENT,check_payment_methods
BILC,"I don't have an online account, what do I have to do to create one?",ACCOUNT,create_account
BILCZ,"the event was postponed, what can I do to requesta refund?",REFUNDS,get_refund
BILQ,where do I leave a comment?,FEEDBACK,review
BZ,hceck the cancellation fee,CANCELLATION_FEE,check_cancellation_fee
BI,can you tell me where to track my order?,ORDER,track_order
BL,how to view your reimbursement policy,REFUNDS,check_refund_policy
BLC,"I have an issue when trying to pay, help me notify it",PAYMENT,payment_issue
BIL,how can i notify a problem with my payment?,PAYMENT,payment_issue
BLQC,"i got an error message when i attempted to pay, but i was charged anyway and i wanna report it",PAYMENT,payment_issue
BLQCZ,"I got an error mssage when I tried to make a payment , but I was charged anyway, notify it",PAYMENT,payment_issue
BSLQ,I need help solving a payment problem,PAYMENT,payment_issue
BL,tell me if I can register two online accounts with a single email,ACCOUNT,create_account
BIPW,"could you tell me how I can change my fucking order, please?",ORDER,change_order
BSLQC,"I didn't receive my invoices, show them",INVOICES,check_invoices
BILQ,how do i close my online account?,ACCOUNT,delete_account
BILC,"the concert was cancelled, what can i do to obtain a reimbursement?",REFUNDS,get_refund
BILQC,"i have a problem when trying to pay for my online order, can i inform of it?",PAYMENT,payment_issue
BC,"I want to change my order, tell me where to do it",ORDER,change_order
BPMQDW,"please, ask an agent for information about my fucking invoice",INVOICES,check_invoices
BILQC,"i wanna submit an opinion for a service, what should i do?",FEEDBACK,review
BLQC,"I need an account, help me open one",ACCOUNT,create_account
BILCZ,"I have an issue making a payment , can you notify it?",PAYMENT,payment_issue
BSL,I need help informing of an issue paying,PAYMENT,payment_issue
BZ,tell me what payment methodsyou accept,PAYMENT,check_payment_methods
BIQC,"I want to solve a payment issue, what can I do?",PAYMENT,payment_issue
BIQD,can u ask an agent if i can file a complaint?,FEEDBACK,complaint
BIPMLDWZ,can you ask an agent if I could see my fucking bill ?,INVOICES,check_invoices
BIQ,how do I edit my profile?,ACCOUNT,edit_account
BISLZ,what information do you have about getting a bill ?,INVOICES,get_invoice
BL,I had problems creating an account,ACCOUNT,registration_problems
BILQC,"youre not helping, what do i have to do to talk to a human?",CONTACT,contact_human_agent
BILC,"i made a mistake, what should I do to modify my purchase?",ORDER,change_order
BILQC,"I purchased a product, what can I do to modify my purchase?",ORDER,change_order
BILEQC,"u are not helping, what can i do to contact someone?",CONTACT,contact_human_agent
BILQC,"I have an issue when trying to pay for my online order, how can I notify it?",PAYMENT,payment_issue
BPLC,"I have an issue when trying to pay for my online order, help me notify it, please",PAYMENT,payment_issue
BILC,"I have a problem paying, what should I do to inform of it?",PAYMENT,payment_issue
BSLQC,"I have no online account, I need help creating one",ACCOUNT,create_account
BLC,I don't know anything about your money back policy and I need information about it,REFUNDS,check_refund_policy
BSLQC,"I need information, I need help talking to Client Service",CONTACT,contact_customer_service
BILC,"the concert was cancelled, what do I have to do to get a refund?",REFUNDS,get_refund
BIPMLD,"could you ask an agent how I could report issues making a payment, please?",PAYMENT,payment_issue
BLC,"I got an error when I attempted to make a payment, but I was charged anyway and I want to report it",PAYMENT,payment_issue
BILQ,can you tell me how soon I can expect my ticket to arrive?,DELIVERY,delivery_period
BIL,can you tell me the email to contact Customer Service?,CONTACT,contact_customer_service
BICZ,"I lost my password, wht can I do to recover it?",ACCOUNT,recover_password
BPMLDZ,"ask an agent if I can solve problems making an payment, please",PAYMENT,payment_issue
BILQC,"i cant remember my password, what can i do to reset it?",ACCOUNT,recover_password
BILCZ,"you're nit helping, can I speak with a human agent?",CONTACT,contact_human_agent
BILC,"the game was postponed, what should I do?",REFUNDS,get_refund
BILC,"I don't want my user account, what should I do to delete it?",ACCOUNT,delete_account
BIC,"I forgot my password, what can I do to recover it?",ACCOUNT,recover_password
BML,help me inform of problems paying,PAYMENT,payment_issue
BL,tell me what the email address of Customer Support is,CONTACT,contact_customer_service
BC,"I'm not happy with the service, help me file a complaint",FEEDBACK,complaint
BILC,"i lost my account password, what do i have to do to recover it?",ACCOUNT,recover_password
BPLQWC,i need information and id like to speak with fucking client service,CONTACT,contact_customer_service
BILQC,"I want to view the status of my reimbursement, what do I have to do?",REFUNDS,track_refund
BILCZ,"my cacount's been hacked, what can i do?",ACCOUNT,recover_password
BIL,what's the mail address of Customer Service?,CONTACT,contact_customer_service
BPQD,"please, ask an agent to give me information about the delivery period",DELIVERY,delivery_period
BIL,how do I inform of a payment problem?,PAYMENT,payment_issue
BSLQZ,I wanna know something about obtaijing an invoice,INVOICES,get_invoice
BILQCZ,"i got an error message when i tried to make a payment, but my card was chargted anyway, can u inform of it?",PAYMENT,payment_issue
BPLQ,I want to know if you have a newsletter i could subscribe to,NEWSLETTER,newsletter_subscription
BLCZ,"the show was postponed, elp me request a refund",REFUNDS,get_refund
BIMLQ,how can I inform of payment problems?,PAYMENT,payment_issue
BILQC,"i havent got an online account, can u open one?",ACCOUNT,create_account
BILQZ,can  you tell me if i can see a bill?,INVOICES,get_invoice
BILQD,can u ask an agent if i can notify a problem paying?,PAYMENT,payment_issue
BILQC,"i cant understand you, how can i contact a human?",CONTACT,contact_human_agent
BLQC,"I got an error when I attempted to make a payment, but my card was charged anyway, notify it",PAYMENT,payment_issue
BIL,where do I see your money back guarantee?,REFUNDS,check_refund_policy
BLC,"the game was cancelled, help me obtain a refund",REFUNDS,get_refund
BSLQ,I wanna know something about seeing a bill,INVOICES,get_invoice
BILCZ,"I'm happy  with the service, what can I do to submit an opinion?",FEEDBACK,review
BILC,"my online account was hacked, how do I get it back?",ACCOUNT,recover_password
BIQCZ,"I want to know the status of my refund , what can I do to track it ?",REFUNDS,track_refund
B,how to track my refund,REFUNDS,track_refund
BIPLD,"could you ask an agent where I can notify an issue with my payment, please?",PAYMENT,payment_issue
BLW,tell me where to modify my fucking order,ORDER,change_order
BLQ,I want to see the status of my purchase,ORDER,track_order
BIMS,what information do you have about getting some invoices?,INVOICES,get_invoice
BILQC,"i dont want my account, what can i do to remove it?",ACCOUNT,delete_account
BIPL,"can you show me your money back policy, please?",REFUNDS,check_refund_policy
BLQ,i want to inform of a problem making a payment,PAYMENT,payment_issue
BILC,"I made a mistake, what do I have to do to modify my purchase?",ORDER,change_order
BLQC,"I have a problem paying for my online order, I need help informing of it",PAYMENT,payment_issue
BMQD,ask an agent where i can report issues with my payment,PAYMENT,payment_issue
BILCZ,"I'm discontent with the  service, what should I do to submit a complaint?",FEEDBACK,complaint
BSLC,"I don't want my user account, I need help closing it",ACCOUNT,delete_account
BSLQC,"I want a user account, I need help creating one",ACCOUNT,create_account
BL,tell me if you have a newsletter to keep me up-to-date,NEWSLETTER,newsletter_subscription
BL,how to make a purchase,ORDER,place_order
BLZ,help me view the status off my order,ORDER,track_order
BMLZ,how to report  prbolems with my payment,PAYMENT,payment_issue
BILZ,can you tell me what the email address of Cutomer Support is?,CONTACT,contact_customer_service
BC,"I want to change my order, can you give me some information?",ORDER,change_order
BPLDZ,"ask an agent how to viwe the status of my order , please",ORDER,track_order
BIPMLQD,"could u ask an agent where to inform of problems with my payment, please?",PAYMENT,payment_issue
BILQC,"the show was postponed, how can I request a reimbursement?",REFUNDS,get_refund
BILQC,"I get an error message when I try to pay for my online order, what do I have to do?",PAYMENT,payment_issue
BILQC,"the show was cancelled, can i request a refund?",REFUNDS,get_refund
BILQCZ,"i got an error when i attempted to oay, but my card was charged anyway, can u notify it?",PAYMENT,payment_issue
BLZ,I'm having problems signing u,ACCOUNT,registration_problems
BILC,"you aren't helping, how do I talk to someone?",CONTACT,contact_human_agent
BILQC,"you arent helping, what do i have to do to speak with a human?",CONTACT,contact_human_agent
BSLQC,"i lost my invoices, i need help seeing them",INVOICES,check_invoices
BSL,I need help opening an online account,ACCOUNT,create_account
BILQC,"I got an error when I attempted to make a payment, but my card was charged anyway, what can I do to inform of it?",PAYMENT,payment_issue
BMSLC,I lost my invoice and I want to see it,INVOICES,check_invoices
BILQC,"i dont like the service, can i submit a consumer complaint?",FEEDBACK,complaint
BILC,"I don't want my online account, what can I do to remove it?",ACCOUNT,delete_account
BILQCZ,"I purhased an iem, what do I have to do to change my order?",ORDER,change_order
BILQC,"I want to use my other profile, what do I have to do to change them?",ACCOUNT,switch_account
BL,where to close my profile,ACCOUNT,delete_account
BILQC,"I want to lodge a complaint for a service, what should I do?",FEEDBACK,complaint
BIPLCZ,"I'd like to remove my profile, how could I do it ?",ACCOUNT,delete_account
BILQCZ,"i got an error when i attempted to oay, but my card was charged anyway, what do i have to do to inform of it?",PAYMENT,payment_issue
BILC,"I don't have a user account, what do I have to do?",ACCOUNT,create_account
BL,how to update the information on my profile,ACCOUNT,edit_account
BLQC,"I have a problem paying for my order, I need help reporting it",PAYMENT,payment_issue
BLQCZ,my online account was hacked and I want tyo get it back,ACCOUNT,recover_password
BL,I don't have a user account,ACCOUNT,create_account
BD,ask an agent where i can check the cancellation fee,CANCELLATION_FEE,check_cancellation_fee
BILCZ,"you're not helping, how can I speqk with a person?",CONTACT,contact_human_agent
BLQC,"i want to change my purchase, can you show me some information?",ORDER,change_order
BIC,"my shipping address has changed, can you help me?",SHIPPING,change_shipping_address
BILQ,can I modify my order?,ORDER,change_order
BILC,"you aren't helping, how do I speak with a person?",CONTACT,contact_human_agent
BILQC,"i cant understand you, what can i do to speak with a person?",CONTACT,contact_human_agent
BIL,can you tell me how to modify my purchase?,ORDER,change_order
BIPMLDW,could you ask an agent if I could report fucking issues making a payment?,PAYMENT,payment_issue
BILC,"I can't remember my account password, what can I do to retrieve it?",ACCOUNT,recover_password
BMLQ,I want to know if I can check my shipments,ORDER,track_order
BILQC,"I got an error when I attempted to make a payment, but I was charged anyway, how do I notify it?",PAYMENT,payment_issue
BIPMLQDW,"please, can u ask an agent how i could notify fucking problems paying?",PAYMENT,payment_issue
BZ,tell me where I can trackmy order,ORDER,track_order
BILC,"an error message pops when i attempt to pay, what should i do?",PAYMENT,payment_issue
BILQC,"I ordered a product, how do i change my order?",ORDER,change_order
BLQ,tell me if theres a newsletter I can receive,NEWSLETTER,newsletter_subscription
BILC,"I don't have a profile, what do I have to do to create one?",ACCOUNT,create_account
BIPML,can you tell me if i could have several accounts?,ACCOUNT,create_account
BLQC,"I want information, contact Client Service",CONTACT,contact_customer_service
BLQ,i need information about the mail address to contact Customer Support,CONTACT,contact_customer_service
B,help me cancel an order,ORDER,cancel_order
BILQCZ,"the game was cancelled, what do I have to do to request a reimbursement  ?",REFUNDS,get_refund
BILQC,"i got an error when i tried to make a payment, but my card was charged anyway, what can i do to report it?",PAYMENT,payment_issue
BIPLDW,could you ask an agent if I could check their fucking money back policy?,REFUNDS,check_refund_policy
BML,how to see some invoices,INVOICES,get_invoice
BIC,"I want to file a review for a service, can you help me?",FEEDBACK,review
BLC,"I don't want my account, close it",ACCOUNT,delete_account
BILC,"an error message pops when I try to make a payment, what can I do?",PAYMENT,payment_issue
BLQ,i need information about the mail to contact Customer Support,CONTACT,contact_customer_service
BIPL,"please, can you show me the options for delivery?",DELIVERY,delivery_options
BILQC,"I got an error when I attempted to pay, but I was charged anyway, what can I do to inform of it?",PAYMENT,payment_issue
BIQC,"i wanna solve an issue with my payment, can u help me?",PAYMENT,payment_issue
BIL,how do I see the cancellation fee?,CANCELLATION_FEE,check_cancellation_fee
BLQ,i want to know if I can download a bill,INVOICES,get_invoice
BML,I found an issue when trying to register,ACCOUNT,registration_problems
BLQC,"I want a reimbursement, get one",REFUNDS,get_refund
BILC,"I changed my mind, what do I have to do to remove my profile?",ACCOUNT,delete_account
BILQZ,how can I speak with Customer Support ?,CONTACT,contact_customer_service
B,tell me how to get an invoice,INVOICES,get_invoice
BILQC,"I changed my mind, what can I do to delete my profile?",ACCOUNT,delete_account
BLC,"I got an error when I tried to pay, but my card was charged anyway, I need help notifying it",PAYMENT,payment_issue
BQC,"I bought an item, help me change my order",ORDER,change_order
BIPLDZ,could you ask an agent if I could change to another user account ?,ACCOUNT,switch_account
BILQCZ,"I want to view your payment methods, what do I have to do ?",PAYMENT,check_payment_methods
BILQ,can u give me information about the mail of the Customer Support?,CONTACT,contact_customer_service
BIPLQD,"please, could u ask an agent how to report an issue paying?",PAYMENT,payment_issue
BSLC,"you aren't helping, I need help speaking with a human agent",CONTACT,contact_human_agent
BILQC,"someone stole my account password, can i retrieve it?",ACCOUNT,recover_password
BMQ,i want to know when my tickets are gonna arrive,DELIVERY,delivery_period
BIPSLDW,"please, do you mind asking an agent for information about requesting a fucking invoice?",INVOICES,get_invoice
BIPLQC,"I have no user account, could I register?",ACCOUNT,create_account
BISC,"I didn't receive my invoices, can I check them?",INVOICES,check_invoices
BILC,"I ordered a product, what should I do to change my order?",ORDER,change_order
BLQ,"i wanna request a bill, tell me where to do it",INVOICES,get_invoice
BILQ,can I register several profiles with a single email address?,ACCOUNT,create_account
BPLC,"the event was cancelled and I'd like to request a refund, please",REFUNDS,get_refund
BL,I want to know if I can have more than one online account,ACCOUNT,create_account
BIL,is it possible to track my delivery?,ORDER,track_order
BILC,"I need information, what should I do to contact Customer Support?",CONTACT,contact_customer_service
BMLQ,I want to know if I can create more than one user account with the same email,ACCOUNT,create_account
BILQC,"i want a refund, what do i have to do to request one?",REFUNDS,get_refund
BILC,"I've got no user account, what should I do to open one?",ACCOUNT,create_account
BPLQC,"I have a problem paying for my order, help me inform of it, please",PAYMENT,payment_issue
BILQ,how do I close my profile?,ACCOUNT,delete_account
BLQC,i ordered a product and i want to change my order,ORDER,change_order
BIPLQDW,could u ask an agent how I can modify my fucking purchase?,ORDER,change_order
BLDZ,ask an agent how i cn speak with customer service,CONTACT,contact_customer_service
BILQ,"i wanna get a bill, can you tell me how to do it?",INVOICES,get_invoice
BQC,someone stole my password and i wanna recover it,ACCOUNT,recover_password
BIPMLQDWZ,"please , could u ask an agent where to report fucking issues making a payment?",PAYMENT,payment_issue
BIPLC,"I have a question, could I send an email to Customer Service?",CONTACT,contact_customer_service
BILQC,"I get an error when I attempt to make a payment, what should I do?",PAYMENT,payment_issue
BIQC,"i want to recover my password, what can i do?",ACCOUNT,recover_password
BIMLZ,how can I obtyain some bills?,INVOICES,get_invoice
BLCZ,"I don't understand you , contact someone",CONTACT,contact_human_agent
BILCZ,"I don't want myuser account, how can I close it?",ACCOUNT,delete_account
BILQC,"the show was cancelled, what do I have to do to get a reimbursement?",REFUNDS,get_refund
BILQC,"I need information, can I call Client Service?",CONTACT,contact_customer_service
BL,I want to see the mail address of the Customer Support,CONTACT,contact_customer_service
BILC,"I don't want my online account, what should I do to delete it?",ACCOUNT,delete_account
BLQ,i wanna close my account,ACCOUNT,delete_account
BLC,"I got an error when I tried to make a payment, but my card was charged anyway and I want to inform of it",PAYMENT,payment_issue
BLEQCZ,i a happy with the service and i want to lodge an opinion,FEEDBACK,review
BIL,can you give me information about your payment options?,PAYMENT,check_payment_methods
BIPLEQ,"I would like to obtain an invoice, can you tell me how I can do it?",INVOICES,get_invoice
BIMLQD,can u ask an agent how i can solve payment problems?,PAYMENT,payment_issue
BIPLQDW,"can u ask an agent where i could cancel my fucking account, please?",ACCOUNT,delete_account
BIPLD,"can you ask an agent if I could close my profile, please?",ACCOUNT,delete_account
BLC,"I changed my mind, cancel my account",ACCOUNT,delete_account
BILQCZ,"i wanna create a user account, can u help me ?",ACCOUNT,create_account
BICZ,"I want na account, how can I create one?",ACCOUNT,create_account
BIQC,"i wanna use my other account, what should i do to change them?",ACCOUNT,switch_account
BILC,"I can't understand you, how can I talk to someone?",CONTACT,contact_human_agent
BILQD,can u ask an agent if i can make a payment with card?,PAYMENT,check_payment_methods
BILZ,what's the free phone no of Customer Service?,CONTACT,contact_customer_service
BIQC,"i wanna check the delivery options, what should i do?",DELIVERY,delivery_options
BL,download a bill,INVOICES,get_invoice
BIPLQC,"id like an online account, can u open one, please?",ACCOUNT,create_account
BLQZ,i wanna see the mail of the Customer Servcie,CONTACT,contact_customer_service
BMSL,I need help notifying issues paying,PAYMENT,payment_issue
BILC,"I can't remember my account password, can I recover it?",ACCOUNT,recover_password
BSLC,"someone stole my account password, I need help retrieving it",ACCOUNT,recover_password
BIPLW,"please, can you tell me if i could register several fucking profiles with the same email address?",ACCOUNT,create_account
BILQD,can u ask an agent if i can track my package?,ORDER,track_order
BQD,ask an agent how i can report a payment issue,PAYMENT,payment_issue
BLWC,"the game was cancelled, get a fucking refund",REFUNDS,get_refund
BIPLDW,"please, can you ask an agent if I can view their fucking reimbursement policy?",REFUNDS,check_refund_policy
BIQCZ,"I nede a account, what should I do?",ACCOUNT,create_account
BL,show me the email address of Customer Support,CONTACT,contact_customer_service
BILC,"I changed my mind, what can I do to delete my online account?",ACCOUNT,delete_account
BILC,"I don't want my profile, what can I do to delete it?",ACCOUNT,delete_account
BLQ,i wanna check your payment options,PAYMENT,check_payment_methods
BILC,"you aren't helping, can I speak with a human agent?",CONTACT,contact_human_agent
BLQ,i wanna know if i can register two online accounts with a single email,ACCOUNT,create_account
BPMLQD,"ask an agent where to inform of payment issues, please",PAYMENT,payment_issue
BLQC,"I want to modify my purchase, tell me where I can do it",ORDER,change_order
BLC,"someone stole my account password, recover it",ACCOUNT,recover_password
BILQDZ,can u ask an agnt to show me the status of my order?,ORDER,track_order
BILC,"I don't have an account, how can I register?",ACCOUNT,create_account
BL,help me report a problem with my payment,PAYMENT,payment_issue
BIZ,canyou track my order?,ORDER,track_order
BPLC,I can't understand you and I'd like to contact someone,CONTACT,contact_human_agent
BILC,"i need a refund, what should i do to request one?",REFUNDS,get_refund
BLQCZ,"I have a questgion, help me speak with Client Service",CONTACT,contact_customer_service
BLQC,the concert was postponed and i want to request a refund,REFUNDS,get_refund
B,tell me how fast I can expect my ticket to arrive,DELIVERY,delivery_period
BILQC,"i want to remove my online account, how can i do it?",ACCOUNT,delete_account
BLZ,I want to know if I can register several accounts with an single email,ACCOUNT,create_account
BLC,you aren't helping and I want to speak with a human,CONTACT,contact_human_agent
BPLQD,"ask an agent if I can solve a problem making a payment, please",PAYMENT,payment_issue
BLD,ask an agent where to open a user account,ACCOUNT,create_account
BIMSL,what information do you have about getting some bills?,INVOICES,get_invoice
BILQC,"I purchased an item, what do I have to do to modify my purchase?",ORDER,change_order
BILQZ,where do  I inform of a problem making a payment?,PAYMENT,payment_issue
BC,"I have an issue when trying to pay with card, report it",PAYMENT,payment_issue
BL,I want to inform of a problem paying,PAYMENT,payment_issue
BILQC,"i want to submit a review, what do i have to do?",FEEDBACK,review
BILQ,how can I see the ticket delivery options?,DELIVERY,delivery_options
BLC,I don't want my profile and I want to close it,ACCOUNT,delete_account
BILCZ,"I don't have an shipping address, what can I do to set one up?",SHIPPING,set_up_shipping_address
BILC,"I have no shipping address, what should I do to set one up?",SHIPPING,set_up_shipping_address
BLC,I don't want my online account and I want to delete it,ACCOUNT,delete_account
BILQ,can I track my package?,ORDER,track_order
BLQ,i wanna view the status of my refund,REFUNDS,track_refund
BIPD,could you ask an agent where to set up my shipping address?,SHIPPING,set_up_shipping_address
BILC,"I got an error when I tried to pay, but my card was charged anyway, can you notify it?",PAYMENT,payment_issue
BPLQDW,ask an agent if i could remove my fucking user account,ACCOUNT,delete_account
BLQ,I want to remove my user account,ACCOUNT,delete_account
BILC,"you're not helping, how can I contact a human?",CONTACT,contact_human_agent
BILC,"i want to use my other online account, what do i have to do to switch them?",ACCOUNT,switch_account
BIM,how do I solve payment issues?,PAYMENT,payment_issue
BLQ,I want to know what the number of Customer Service is,CONTACT,contact_customer_service
BILQ,where can I file a consumer complaint for a service?,FEEDBACK,complaint
BILQ,can u obtain a bill?,INVOICES,get_invoice
BML,tell me how to track my packages,ORDER,track_order
BILQC,"I changed my mind, what should I do to remove my online account?",ACCOUNT,delete_account
BIPLQD,can u ask an agent if i could change my purchase?,ORDER,change_order
BILQ,how do I speak with Customer Support?,CONTACT,contact_customer_service
BML,I have a problem opening an account,ACCOUNT,registration_problems
BPLCZ,"i have a question , help me contact client service, please",CONTACT,contact_customer_service
BILQC,"i need information, can u send an email to customer support?",CONTACT,contact_customer_service
BILQD,can u ask an agent if you have a newsletter to keep me up-to-date?,NEWSLETTER,newsletter_subscription
BILC,"I need a reimbursement, how can I obtain one?",REFUNDS,get_refund
BLC,"I want to modify my purchase, tell me where to do it",ORDER,change_order
BISL,what information can you tell me about requesting a bill?,INVOICES,get_invoice
BILC,"I want an account, what should I do to open one?",ACCOUNT,create_account
BLQD,ask an agent what the mail address to contact customer support is,CONTACT,contact_customer_service
BLC,"the game was postponed, request a reimbursement",REFUNDS,get_refund
BILQC,"I purchased a product, can I change my purchase?",ORDER,change_order
BLQD,ask an agent how to make changes to my shipping address,SHIPPING,change_shipping_address
BILQC,"my online account was hacked, how can I recover it?",ACCOUNT,recover_password
BILC,"you're not helping, can you talk to a human agent?",CONTACT,contact_human_agent
BLC,"I don't want my profile, remove it",ACCOUNT,delete_account
BL,show me the mail address of Client Service,CONTACT,contact_customer_service
BQC,i lost my password and i wanna recover it,ACCOUNT,recover_password
BIMLQ,where do I report problems with my payment?,PAYMENT,payment_issue
BIMLQC,"i want to check my bill, can u help me?",INVOICES,check_invoices
BPLQ,i want to know if i could create two profiles with the same email address,ACCOUNT,create_account
BIL,where do I leave an opinion for a service?,FEEDBACK,review
B,how can I know where my order is?,ORDER,track_order
BILCZ,"I want to lodge a complaint for an service, can you help me ?",FEEDBACK,complaint
BIC,"I've got no account, what should I do?",ACCOUNT,create_account
BILQC,"i dont understand you, what should i do to contact someone?",CONTACT,contact_human_agent
BL,i want information about the ticket delivery options,DELIVERY,delivery_options
BIMLC,"i want to see my bill, what can i do?",INVOICES,check_invoices
BL,how to call Customer Service,CONTACT,contact_customer_service
BILC,"you aren't helping, can I talk to someone?",CONTACT,contact_human_agent
BSLCZ,"my user account's been hacked, nad I need help recovering it",ACCOUNT,recover_password
BIQC,"i wanna know the status of my refund, what should i do?",REFUNDS,track_refund
BILC,"I want to make changes to my profile, how can I do it?",ACCOUNT,edit_account
BILCZ,"I can't undersatnd you, how do I talk to a human agent?",CONTACT,contact_human_agent
BSCZ,"your not helping, I need help contacting a human agent",CONTACT,contact_human_agent
BIMLQW,can you tell me if i can create more than one fucking user account with the same email?,ACCOUNT,create_account
BIPLQC,"id like to change my purchase, can you tell me where to do it, please?",ORDER,change_order
BLC,"the game was postponed, help me obtain a refund",REFUNDS,get_refund
BLC,I have a question and I want to send an email to Customer Service,CONTACT,contact_customer_service
BPLQDZ,"please, ask an agent if i cluld inform of an issue paying",PAYMENT,payment_issue
BI,can I pay with card?,PAYMENT,check_payment_methods
BILQ,how do i request a refund?,REFUNDS,get_refund
BILC,"I don't understand you, how do I talk to a human?",CONTACT,contact_human_agent
BML,tell me how I can obtain some invoices,INVOICES,get_invoice
BISQCZ,"I lost my invoices, can I chcek them?",INVOICES,check_invoices
BSLQC,"i didn't receive my bills, show them",INVOICES,check_invoices
BILC,"I get an error message when I try to pay, can you help me?",PAYMENT,payment_issue
BILQC,"I need an account, how can I open one?",ACCOUNT,create_account
BMLQD,ask an agent where to view my bill,INVOICES,check_invoices
BIPLQC,"i have an issue paying for my online order, can u inform of it, please?",PAYMENT,payment_issue
BILC,"you aren't helping, can you contact someone?",CONTACT,contact_human_agent
BLQ,I want to know if I can change my purchase,ORDER,change_order
BL,"I want to see a bill, tell me how I can do it",INVOICES,get_invoice
BILC,"I have a problem paying for my order, what can I do to notify it?",PAYMENT,payment_issue
BIL,is there a free phone number to contact client service?,CONTACT,contact_customer_service
BILQC,"I have a problem making a payment, what can I do to report it?",PAYMENT,payment_issue
BILQC,"I changed my mind, can I cancel my account?",ACCOUNT,delete_account
BILC,"I got an error when I attempted to make a payment, but I was charged anyway, how can I report it?",PAYMENT,payment_issue
BILC,"i want an account, what should i do to open one?",ACCOUNT,create_account
BIL,can you tell me if my reimbursement was processed?,REFUNDS,track_refund
BIC,"I have an issue when trying to pay for my order, can you report it?",PAYMENT,payment_issue
BLC,my profile's been hacked and I want to get it back,ACCOUNT,recover_password
BIPMLQDW,could you ask an agent if I could see some fucking invoices?,INVOICES,get_invoice
BL,talk to someone,CONTACT,contact_human_agent
BLC,"I don't have an online account, help me open one",ACCOUNT,create_account
BPMLQ,i want to know if i could create more than one online account with the same email,ACCOUNT,create_account
BIMLQD,can you ask an agent if I can see some invoices?,INVOICES,get_invoice
BIMW,can you give me information about my fucking invoice?,INVOICES,check_invoices
BLQ,I want to know if I can register several online accounts with a single email,ACCOUNT,create_account
BILQ,can I make a consumer complaint?,FEEDBACK,complaint
BIPLC,"I got an error message when I tried to pay, but I was charged anyway, could you notify it?",PAYMENT,payment_issue
BSLWC,"my fucking user account's been hacked, and I need help getting it back",ACCOUNT,recover_password
BILQC,"i want to use my other profile, can u change them?",ACCOUNT,switch_account
BSL,tell me about obtaining an invoice,INVOICES,get_invoice
BLQC,i have no online account and i want to open one,ACCOUNT,create_account
BLQ,i wanna know if there is someone available,CONTACT,contact_human_agent
BILQ,how can I file a consumer complaint for a service?,FEEDBACK,complaint
BLZ,check the ticket delivery  options,DELIVERY,delivery_options
BILQCZ,"the concert was postponed, how  can I obtain an refund?",REFUNDS,get_refund
BILC,"I can't understand you, what can I do to talk to a person?",CONTACT,contact_human_agent
BPLQD,"ask an agent if i could obtain a refund, please",REFUNDS,get_refund
BSLC,"I didn't receive my bills, view them",INVOICES,check_invoices
BL,i want to know if there is a free number to contact customer service,CONTACT,contact_customer_service
BILQC,"I changed my mind, what can I do to close my account?",ACCOUNT,delete_account
BIL,can I report an issue paying?,PAYMENT,payment_issue
BSQ,I want to know something about getting an invoice,INVOICES,get_invoice
BILZ,can you tell me what the free phone no to contact Customer Support is?,CONTACT,contact_customer_service
BILQC,"I want to view the delivery options, what can I do?",DELIVERY,delivery_options
BIPLQD,could u ask an agent how to lodge a complaint for a service?,FEEDBACK,complaint
BLC,"I have a question, talk to Customer Support",CONTACT,contact_customer_service
BIPQD,"please, could u ask an agent if i could create an account?",ACCOUNT,create_account
BILC,"i have a problem paying, can i notify it?",PAYMENT,payment_issue
BQC,"I lost my password, recover it",ACCOUNT,recover_password
BIMLQZ,where can I view the cacnellatio fees?,CANCELLATION_FEE,check_cancellation_fee
BSLC,"you aren't helping, I need help contacting someone",CONTACT,contact_human_agent
B,help me contact customer service,CONTACT,contact_customer_service
BILQD,can u ask an agent if i can notify a payment problem?,PAYMENT,payment_issue
BILQC,"im happy with the service, how do i make a comment?",FEEDBACK,review
BLC,"i have no profile, help me create one",ACCOUNT,create_account
BM,I want to see the delivery period for my tickets,DELIVERY,delivery_period
BIL,can you tell me how I can track my delivery?,ORDER,track_order
BSL,I need help deleting my profile,ACCOUNT,delete_account
BILC,"I want to see your money back guarantee, can you help me?",REFUNDS,check_refund_policy
BPLDZ,"please , ask an agent whyere to see the cancellation fee",CANCELLATION_FEE,check_cancellation_fee
BILC,"you aren't helping, can I speak with a human?",CONTACT,contact_human_agent
BILZ,can you tell me if I can register several user accountsw with a single email?,ACCOUNT,create_account
BILQD,can you ask an agent if i can see a bill?,INVOICES,get_invoice
BSLQC,I can't find my bills and I want to view them,INVOICES,check_invoices
BL,how to leave a comment for a service,FEEDBACK,review
BILQC,"I have a question, what can I do to talk to Customer Support?",CONTACT,contact_customer_service
BILQC,"I got an error message when I tried to make a payment, but I was charged anyway, can I inform of it?",PAYMENT,payment_issue
BISLQC,"i lost my bills, what can i do to check them?",INVOICES,check_invoices
BL,where to file a consumer complaint for a service,FEEDBACK,complaint
BPLEZ,"I would like to obtain a bill, can you give me some information ?",INVOICES,get_invoice
BIPLQDW,"can u ask an agent if i could write a fucking review, please?",FEEDBACK,review
BILWC,"I don't want my fucking profile, what do I have to do to delete it?",ACCOUNT,delete_account
BILQC,"i have a problem when trying to make a payment, how do i notify it?",PAYMENT,payment_issue
BPLQ,"please, i wanna know if i can register two online accounts with a single email",ACCOUNT,create_account
BSQ,I need help checking the status of my refund,REFUNDS,track_refund
BMLQ,"I want to obtain some invoices, can you give me some information?",INVOICES,get_invoice
BILC,"I want to see the status of my reimbursement, what should I do?",REFUNDS,track_refund
BLCZ,"I got an error message when I tried to pay, but I was charged anyway anmd I want to report it",PAYMENT,payment_issue
BSC,"I haven't got an account, I need help creating one",ACCOUNT,create_account
BILEQC,"my online account has been hacked, can u help me?",ACCOUNT,recover_password
BML,I want to know if I can have several user accounts,ACCOUNT,create_account
BIQCZ,"someone stole my password, can u help  me?",ACCOUNT,recover_password
BILDW,can you ask an agent to provide information about my fucking bills?,INVOICES,check_invoices
BSLQC,"my online account's been hacked, i need help getting it back",ACCOUNT,recover_password
BILQC,"I get an error message when I try to make a payment for my online order, what can I do?",PAYMENT,payment_issue
BPMLDZ,ask an agent  how I could see my invoice,INVOICES,check_invoices
BIPLC,"I got an error message when I attempted to make a payment, but I was charged anyway, could you report it, please?",PAYMENT,payment_issue
BQ,I have an issue when trying to pay with card,PAYMENT,payment_issue
BILCZ,"the event was postpoend, what do I have to do to request a reimbursement?",REFUNDS,get_refund
BILC,"I need information, what can I do to send an email to Client Service?",CONTACT,contact_customer_service
BILQC,"i have a problem making a payment, how do i inform of it?",PAYMENT,payment_issue
BL,I want to use my other online account,ACCOUNT,switch_account
BILQC,"I have a question, how do I contact Customer Support?",CONTACT,contact_customer_service
BPLC,I can't remember my password and I'd like to retrieve it,ACCOUNT,recover_password
BLQC,i have a problem when trying to make a payment with card and i want to report it,PAYMENT,payment_issue
BLCZ,"I have a problem when trying topay, inform of it",PAYMENT,payment_issue
BILQC,"my profile's been hacked, can u recover it?",ACCOUNT,recover_password
BL,I want to see the ticket delivery options,DELIVERY,delivery_options
BIPLEQC,"I would like to check my shipment, could you tell me where I can do it, please?",ORDER,track_order
BILZ,can I cancel my profile ?,ACCOUNT,delete_account
BD,ask an agent how to check the cancellation fee,CANCELLATION_FEE,check_cancellation_fee
BIQWC,"i cant remember my fucking password, how can i recover it?",ACCOUNT,recover_password
BIL,where do I notify an issue with my payment?,PAYMENT,payment_issue
BILQ,can you tell me if I can have more than one user account?,ACCOUNT,create_account
BIL,can you show me the free number to contact Client Service?,CONTACT,contact_customer_service
BL,I want to know where to obtain a bill,INVOICES,get_invoice
BILQC,"I want to inform of a payment issue, what can I do?",PAYMENT,payment_issue
BPLQD,"please, ask an agent if I can see a bill",INVOICES,get_invoice
BILQC,"I have an issue paying, what can I do to inform of it?",PAYMENT,payment_issue
BLC,"I don't want my user account, help me remove it",ACCOUNT,delete_account
BILC,"I get an error message when I try to pay with card, can you help me?",PAYMENT,payment_issue
BIZ,can you tell me what payment methods  you accept?,PAYMENT,check_payment_methods
BIL,how do i recover my account password?,ACCOUNT,recover_password
BLZ,tel me where to request a bill,INVOICES,get_invoice
BILCZ,"the event waspostponed, how can I request a reimbursement?",REFUNDS,get_refund
BIPLQC,"i want to solve a problem paying, could u help me?",PAYMENT,payment_issue
BIQ,how do I solve a payment issue?,PAYMENT,payment_issue
BL,help me lodge a complaint for a service,FEEDBACK,complaint
BLC,you aren't helping and I want to talk to a human,CONTACT,contact_human_agent
BLDZ,ask an agent how to check the status of my reimbrsement,REFUNDS,track_refund
BLC,i have a problem paying for my order and i want to notify it,PAYMENT,payment_issue
BIPLC,"I'd like to notify a problem with my payment, what can I do?",PAYMENT,payment_issue
BLQC,"im happy with the service, help me make an opinion",FEEDBACK,review
BILQC,"I want an online account, what can I do to open one?",ACCOUNT,create_account
B,I want to change my order,ORDER,change_order
BSLC,"I don't want my profile, I need help closing it",ACCOUNT,delete_account
BILC,"I need a reimbursement, how can I get one?",REFUNDS,get_refund
BILQC,"I want to use my other online account, what do I have to do to change them?",ACCOUNT,switch_account
BILQC,"i wanna retrieve my password, what should i do?",ACCOUNT,recover_password
BLQD,ask an agent how i can see the options for ticket delivery,DELIVERY,delivery_options
BLQ,I want to write a comment,FEEDBACK,review
BLD,ask an agent if there is a free number to contact client service,CONTACT,contact_customer_service
BLQ,i wanna know if i can pay with Master Card,PAYMENT,check_payment_methods
BIL,can you tell me if my reimbursement has been processed?,REFUNDS,track_refund
BILQC,"I got an error message when I tried to make a payment, but my card was charged anyway, what can I do to inform of it?",PAYMENT,payment_issue
BLQ,i want to lodge a complaint for a service,FEEDBACK,complaint
BILC,"i need an online account, what do i have to do to open one?",ACCOUNT,create_account
BIL,what's the free phone number of Client Service?,CONTACT,contact_customer_service
BPLD,"ask an agent if I could reset my account password, please",ACCOUNT,recover_password
BLDZ,ask an agetn if i can inform of an isue with my payment,PAYMENT,payment_issue
BIPL,"can you tell me if I could create two user accounts with a single email, please?",ACCOUNT,create_account
B,information about your refund policy,REFUNDS,check_refund_policy
BPLDW,"please, ask an agent if i could check the fucking ticket delivery options",DELIVERY,delivery_options
BICZ,"I want to file an complaint, what can I do?",FEEDBACK,complaint
BILQ,can you tell me if I can register several accounts with a single email?,ACCOUNT,create_account
BILC,"I have a question, can you speak with Customer Service?",CONTACT,contact_customer_service
BILC,"I didn't get a payment validation, what do I have to do?",PAYMENT,payment_issue
BL,help me update my shipping address,SHIPPING,change_shipping_address
BPQD,"please, ask an agent where to report a payment issue",PAYMENT,payment_issue
BILQC,"I lost my account password, can I retrieve it?",ACCOUNT,recover_password
BILQC,"the concert was postponed, can I obtain a reimbursement?",REFUNDS,get_refund
BQ,I want to check the status of my order,ORDER,track_order
BIL,can I solve a problem with my payment?,PAYMENT,payment_issue
BIPLD,"could you ask an agent how I could report a problem paying, please?",PAYMENT,payment_issue
BMQ,i wanna solve issues with my payment,PAYMENT,payment_issue
BILQC,"im happy with the service, how can i lodge an opinion?",FEEDBACK,review
BLQCZ,"i cant understand you , help me talk to a human agent",CONTACT,contact_human_agent
BIC,"I haven't got an account, what should I do?",ACCOUNT,create_account
BILQC,"i got an error message when i attempted to make a payment, but i was charged anyway, what do i have to do to notify it?",PAYMENT,payment_issue
BPLEC,"I have a question and I would like to send an email to Customer Service, please",CONTACT,contact_customer_service
BILCZ,"a error message pops when I try ot pay, can you help me?",PAYMENT,payment_issue
BPLDW,"ask an agent how i could speak with fucking client service, please",CONTACT,contact_customer_service
BIMLQD,can u ask an agent where to notify problems paying?,PAYMENT,payment_issue
BIMSLC,"I lost my bill, can I check it?",INVOICES,check_invoices
BILQ,can I retrieve my password?,ACCOUNT,recover_password
BIZ,do I get an ufll refund if I cancel my ticket?,REFUNDS,check_refund_policy
BLQC,"I changed my mind, help me cancel my account",ACCOUNT,delete_account
BIPLQD,"please, could u ask an agent how i could make a consumer complaint?",FEEDBACK,complaint
BIPLQ,"could you tell me the number to contact customer service, please?",CONTACT,contact_customer_service
BLQW,i wanna see the fucking email to contact Customer Service,CONTACT,contact_customer_service
BL,tell me how I can download an invoice,INVOICES,get_invoice
BILC,"you aren't helping, what should I do to speak with a human?",CONTACT,contact_human_agent
BILQWC,"I made a mistake, can i modify my fucking order?",ORDER,change_order
BILC,"I need a user account, what should I do to create one?",ACCOUNT,create_account
BIPLQDW,"could u ask an agent where i can close my fucking account, please?",ACCOUNT,delete_account
BLQ,I need information about your reimbursement policy,REFUNDS,check_refund_policy
BPLEC,"I'm discontent with the service and I would like to file a consumer complaint, please",FEEDBACK,complaint
BPLQC,"I have an issue when trying to pay for my online order, notify it, please",PAYMENT,payment_issue
BSLWC,"I'm discontent with the service, I need help making a fucking complaint",FEEDBACK,complaint
BSLC,"my account's been hacked, and I need help getting it back",ACCOUNT,recover_password
BL,where to check the status of my reimbursement,REFUNDS,track_refund
BIQC,"i have an issue paying for my order, can u help me?",PAYMENT,payment_issue
BPQDW,"please, ask an agent if i could change my fucking order",ORDER,change_order
BILC,"i have a problem paying for my online order, what do i have to do to report it?",PAYMENT,payment_issue
BISLC,"I can't find my bills, what do I have to do to see them?",INVOICES,check_invoices
BC,"I have an issue when trying to pay, I need help reporting it",PAYMENT,payment_issue
BILC,"i get an error when i try to make a payment for my online order, what can i do?",PAYMENT,payment_issue
BL,i get an error when i attempt to make a payment with card,PAYMENT,payment_issue
BILC,"the show was postponed, what can I do to get a reimbursement?",REFUNDS,get_refund
BLEC,I am not happy with the service and I want to lodge a complaint,FEEDBACK,complaint
BLZ,show me your remibursement policy,REFUNDS,check_refund_policy
BPLD,"please, ask an agent where I can track my shipment",ORDER,track_order
BMSLQ,I wanna get information about getting some bills,INVOICES,get_invoice
BQ,I want to solve a payment issue,PAYMENT,payment_issue
BIL,can you tell me what the mail of Customer Support is?,CONTACT,contact_customer_service
BMSLC,"I can't find my bill, I need help seeing it",INVOICES,check_invoices
BSLQ,I need help modifying the information on my profile,ACCOUNT,edit_account
BL,where to request a refund,REFUNDS,get_refund
BL,help me view your money back guarantee,REFUNDS,check_refund_policy
BPLWCZ,I lost my fucking account password and I'd like torecover it,ACCOUNT,recover_password
BILCZ,"I have a issue when trying to make a payment, how can I notify it?",PAYMENT,payment_issue
BILEQCZ,"i dont have a user  account, how can i open one?",ACCOUNT,create_account
BIPLQDZ,"please, could u ask an agnt where to receive an reimbursement?",REFUNDS,get_refund
BILQ,can I report a problem paying?,PAYMENT,payment_issue
BILQD,can u ask an agent how i can talk to customer support?,CONTACT,contact_customer_service
BPLEQC,"i dont have a profile and i want to create one, please",ACCOUNT,create_account
BILQCZ,"I have a problem wehen trying to pay for my order, what can I do to notify it?",PAYMENT,payment_issue
BLQC,i have a question and i want to send an email to customer support,CONTACT,contact_customer_service
BIL,can you find information about your payment options?,PAYMENT,check_payment_methods
BILQC,"I want to lodge a comment, what can I do?",FEEDBACK,review
BLC,"you aren't helping, speak with a human",CONTACT,contact_human_agent
B,tell me how I can know where my order is,ORDER,track_order
BIL,can I view your payment options?,PAYMENT,check_payment_methods
BLEC,"i am happy with the service, help me file an opinion",FEEDBACK,review
BIL,can you tell me the mail of the Client Service?,CONTACT,contact_customer_service
BILQCZ,"the payment wont  go through, what should i do?",PAYMENT,payment_issue
BIPLQD,"please, can u ask an agent if i could make a complaint for a service?",FEEDBACK,complaint
BILC,"the game was postponed, how can I obtain a reimbursement?",REFUNDS,get_refund
BLQC,"i have an issue paying with card, inform of it",PAYMENT,payment_issue
BPMLQD,ask an agent how I could track my shipments,ORDER,track_order
BSL,I need help retrieving my password,ACCOUNT,recover_password
BML,I found a problem opening an account,ACCOUNT,registration_problems
BML,tell me if I can create more than one account with a single email,ACCOUNT,create_account
BSL,tell me about receiving the newsletter,NEWSLETTER,newsletter_subscription
BISLQC,"I didn't receive my bills, what should I do to check them?",INVOICES,check_invoices
BIPLEWC,"I cannot understand you, can you contact a fucking human agent, please?",CONTACT,contact_human_agent
BPS,"I need help checking the cancellation fee, please",CANCELLATION_FEE,check_cancellation_fee
BSC,"I need an account, I need help creating one",ACCOUNT,create_account
BIPLQDWZ,"can u ask  an agent how i could solve an fucking issue paying, please?",PAYMENT,payment_issue
BILC,"I want to create a profile, what do I have to do?",ACCOUNT,create_account
BILQC,"my profile's been hacked, can u get it back?",ACCOUNT,recover_password
BILQC,"I purchased something, how can I modify my order?",ORDER,change_order
BIPMLD,"please, can you ask an agent if I could report issues making a payment?",PAYMENT,payment_issue
BI,how can I report a payment issue?,PAYMENT,payment_issue
BQC,i forgot my password and i wanna recover it,ACCOUNT,recover_password
BL,an error message pops when I try to pay for my order,PAYMENT,payment_issue
BL,help me check your reimbursement policy,REFUNDS,check_refund_policy
BIPLQC,"I got an error message when I tried to make a payment, but my card was charged anyway, could I report it?",PAYMENT,payment_issue
BIPDW,could you ask an agent if i can track my fucking order?,ORDER,track_order
BIML,how can I download some invoices?,INVOICES,get_invoice
BL,I want to know what the email address to contact Client Service is,CONTACT,contact_customer_service
BMLQ,i wanna know if i can check my shipments,ORDER,track_order
BILCZ,"I'm discontent  with the service, how do I file an consumer complaint?",FEEDBACK,complaint
BMLQ,I want to know if I can create more than one online account with the same email,ACCOUNT,create_account
BIPMDW,"please, could you ask an agent if I can solve fucking issues with my payment?",PAYMENT,payment_issue
BPLECZ,"I would like a reimbursement, help me obtain onhe",REFUNDS,get_refund
BILC,"I need a reimbursement, what should I do to obtain one?",REFUNDS,get_refund
BIPLQWCZ,"id like t request a fucking reimbursement, can u help me?",REFUNDS,get_refund
BIL,can you show me the delivery options?,DELIVERY,delivery_options
BILQC,"i have a problem when trying to pay, can u report it?",PAYMENT,payment_issue
BILQC,"im not happy with the service, how do i submit a complaint?",FEEDBACK,complaint
BILC,"I want to inform of an issue with my payment, can you help me?",PAYMENT,payment_issue
BMLQZ,"I want to get some bills , tell me how I can do it",INVOICES,get_invoice
BLQZ,i wanna see the mail address tocontact Client Service,CONTACT,contact_customer_service
BC,"I don't have an account, help me create one",ACCOUNT,create_account
BMLQ,I want to track my packages,ORDER,track_order
BILQZ,how can I ocntact Customer Support?,CONTACT,contact_customer_service
BIQC,"I need a refund, how can I get one?",REFUNDS,get_refund
BPLQ,"please, I want to know what the free phone number to contact Customer Support is",CONTACT,contact_customer_service
BPLWC,I don't know anything about your fucking reimbursement policy and I'd like to know about it,REFUNDS,check_refund_policy
BML,how to solve problems paying,PAYMENT,payment_issue
BILC,"I want information, what can I do to speak with Client Service?",CONTACT,contact_customer_service
BIL,can you show me the free number of Customer Service?,CONTACT,contact_customer_service
BILC,"i have a problem paying, what should i do to report it?",PAYMENT,payment_issue
BILQC,"i ordered a product, how do I change my order?",ORDER,change_order
BIL,can I inform of a payment issue?,PAYMENT,payment_issue
BILC,"I'm not happy with the service, what can I do to file a consumer complaint?",FEEDBACK,complaint
BIPLEC,"I would like to open a user account, what do I have to do?",ACCOUNT,create_account
BI,can you tell me if I get a full refund in case I cancel my ticket?,REFUNDS,check_refund_policy
BPEWC,"I do not have a fucking account and I would like to create one, please",ACCOUNT,create_account
BML,I had an issue when trying to sign up,ACCOUNT,registration_problems
BIPLC,"I have a problem when trying to pay for my order, could you report it?",PAYMENT,payment_issue
BILQC,"i want to use my other user account, how can i change them?",ACCOUNT,switch_account
BILC,"I have an issue when trying to pay, can I inform of it?",PAYMENT,payment_issue
BL,tell me if you have a newsletter to stay informed,NEWSLETTER,newsletter_subscription
BIPL,how could I inform of a problem making a payment?,PAYMENT,payment_issue
BILQC,"I get an error message when I attempt to make a payment with card, what should I do?",PAYMENT,payment_issue
BML,tell me how I can see some invoices,INVOICES,get_invoice
BILC,"I want to request a reimbursement, what do I have to do?",REFUNDS,get_refund
BILQC,"i need a user account, what should i do?",ACCOUNT,create_account
BILC,"I have a problem making a payment with card, what do I have to do?",PAYMENT,payment_issue
BILQC,"i want to check your reimbursement policy, can u help me?",REFUNDS,check_refund_policy
BILC,"my online account's been hacked, what can I do to recover it?",ACCOUNT,recover_password
BIPQDW,"please, can u ask an agent what the fucking phone number of Customer Service is?",CONTACT,contact_customer_service
BILQC,"i changed my mind, what can i do to cancel my online account?",ACCOUNT,delete_account
BLQC,"I bought a product, help me change my purchase",ORDER,change_order
BLQC,"I got an error when I tried to make a payment, but my card was charged anyway and I want to notify it",PAYMENT,payment_issue
BML,I want to know if I can have several online accounts,ACCOUNT,create_account
BLC,"i have an issue paying, i need help notifying it",PAYMENT,payment_issue
BILQCZ,"the ahow was cancelled, can u help me?",REFUNDS,get_refund
BILC,"I have a question, what should I do to talk to Client Service?",CONTACT,contact_customer_service
BLZ,I want to see the email of hte Client Serviice,CONTACT,contact_customer_service
BL,information about the mail address of the Customer Support,CONTACT,contact_customer_service
BILQWC,"i need information, can u talk to fucking client service?",CONTACT,contact_customer_service
BSLZ,infvormation about seeing a bill,INVOICES,get_invoice
BIL,where can I make a consumer complaint for a service?,FEEDBACK,complaint
BL,I want to get a reimbursement,REFUNDS,get_refund
BILWC,"i have no fucking online account, can i register?",ACCOUNT,create_account
BIL,what's the mail to contact Customer Support?,CONTACT,contact_customer_service
BSLC,"I changed my mind, I need help removing my account",ACCOUNT,delete_account
BIQC,"the event was cancelled, what do i have to do to get a refund?",REFUNDS,get_refund
BIQC,"I want to check your refund policy, what do I have to do?",REFUNDS,check_refund_policy
BLQCZ,"I habe a problem when trying to make a payment, I need help reporting it",PAYMENT,payment_issue
BML,i want to know if i can own several online accounts,ACCOUNT,create_account
BPSLWCZ,"I haven't got a fucking prfoile, I need help creating one, please",ACCOUNT,create_account
BLQ,I want to reset my account password,ACCOUNT,recover_password
BL,I want to request a reimbursement,REFUNDS,get_refund
BIMQ,can I check my invoice?,INVOICES,check_invoices
BILQ,how do I make changes to my shipping address?,SHIPPING,change_shipping_address
BMLD,ask an agent how to see some invoices,INVOICES,get_invoice
BPLWC,I can't understand you and I'd like to contact a fucking human agent,CONTACT,contact_human_agent
BILQCZ,"I purchased an product, what can I do to change my order?",ORDER,change_order
BLQC,"I wanna track my delivery, tell me where to do it",ORDER,track_order
BIPMLD,"please, could you ask an agent if I can notify problems making a payment?",PAYMENT,payment_issue
BILC,"I want to lodge a review for a service, what can I do?",FEEDBACK,review
BIL,can I register several profiles with a single email?,ACCOUNT,create_account
BIPLC,"i have a question, could i speak with customer support?",CONTACT,contact_customer_service
BIPEC,"I would like information, how do I contact Customer Service?",CONTACT,contact_customer_service
BIPLEWC,"I do not like the service, could I make a fucking complaint?",FEEDBACK,complaint
BIMLCZ,"I want to view cancellation fees, what doI have to do?",CANCELLATION_FEE,check_cancellation_fee
BILCZ,"I'm happy wiht the service, can you file an opinion?",FEEDBACK,review
BL,I want to know if I can check my package,ORDER,track_order
BPLZ,iwant to know if i could register two accounts  with the same email address,ACCOUNT,create_account
BILQZ,can you tell me if I can register severalo profiles with the same email?,ACCOUNT,create_account
BILQ,"I want to obtain an invoice, can you tell me how to do it?",INVOICES,get_invoice
BILQC,"I ordered an item, what can I do to modify my order?",ORDER,change_order
BILQC,"I have an issue when trying to make a payment, what do I have to do to inform of it?",PAYMENT,payment_issue
BQD,ask an agent to provide information about my invoices,INVOICES,check_invoices
BILCZ,"I want to file a comment for a service, what do I haev to do?",FEEDBACK,review
BILC,"i have a question, can i speak with client service?",CONTACT,contact_customer_service
BIL,can you tell me where to request an invoice?,INVOICES,get_invoice
BIL,can I view your money back policy?,REFUNDS,check_refund_policy
BILC,"i want to know the status of my reimbursement, what should i do to track it?",REFUNDS,track_refund
BIPLQ,"please, can u contact someone?",CONTACT,contact_human_agent
BSLQCZ,"I have a question, I need helo sending an email to Customer Support",CONTACT,contact_customer_service
BILC,"I have a problem when trying to pay for my online order, what can I do?",PAYMENT,payment_issue
BLQC,"i got an error when i attempted to make a payment, but i was charged anyway, notify it",PAYMENT,payment_issue
BIPL,how could I track my delivery?,ORDER,track_order
BSLZ,I need helop talking to a person,CONTACT,contact_human_agent
BILC,"i need information, what do i have to do to send an email to customer support?",CONTACT,contact_customer_service
BILC,"I got an error when I attempted to make a payment, but my card was charged anyway, can you notify it?",PAYMENT,payment_issue
BIML,how can I notify issues paying?,PAYMENT,payment_issue
BILQ,how can i see the status of my purchase?,ORDER,track_order
BLC,"I lost my account password, help me reset it",ACCOUNT,recover_password
BPSLQCZ,"i cant understand you, i need help speaking with a humanagent, please",CONTACT,contact_human_agent
BL,how to report an issue making a payment,PAYMENT,payment_issue
BILQ,how can i retrieve my account password?,ACCOUNT,recover_password
BIL,what's the free number to contact Client Service?,CONTACT,contact_customer_service
BIL,can you tell me where to track my delivery?,ORDER,track_order
BIPLQD,"can u ask an agent where to cancel my online account, please?",ACCOUNT,delete_account
BSLQ,I want to know something about obtaining a bill,INVOICES,get_invoice
BPML,I'd like to notify problems making a payment,PAYMENT,payment_issue
BILC,"i want information, can i talk to client service?",CONTACT,contact_customer_service
BSLQCZ,"i ordered a product, i nede help modifying my order",ORDER,change_order
BIMC,"I want to check my invoice, can you help me?",INVOICES,check_invoices
BLQ,I wanna know if you have a newsletter to stay up-to-date,NEWSLETTER,newsletter_subscription
BLQC,im interested in your reimbursement policy and i wanna know about it,REFUNDS,check_refund_policy
BML,obtain some invoices,INVOICES,get_invoice
BIC,"I want to place an order, what can I do?",ORDER,place_order
BPMSL,"I'd like to ask for information about getting some invoices, please",INVOICES,get_invoice
BILEQCZ,"i dont  have a user account, what do i have to do to register?",ACCOUNT,create_account
BPLQC,i havent got a user account and id like to create one,ACCOUNT,create_account
BLCZ,"the event was postponed , obtain a reimbursement",REFUNDS,get_refund
BILQC,"I have an issue when trying to make a payment, what can I do to notify it?",PAYMENT,payment_issue
BILQC,"i want to inform of an issue making a payment, can u help me?",PAYMENT,payment_issue
BILQC,"I want to lodge a review for a service, what do I have to do?",FEEDBACK,review
BLQ,i wanna know if there is a free number to contact client service,CONTACT,contact_customer_service
BPLQD,"please, ask an agent if I could retrieve my password",ACCOUNT,recover_password
BLCZ,"I have a problem paying, infrm of it",PAYMENT,payment_issue
BILC,"someone stole my account password, can I recover it?",ACCOUNT,recover_password
BILQC,"i got an error message when i tried to pay, but i was charged anyway, can u inform of it?",PAYMENT,payment_issue
BILC,"I need information, what do I have to do to speak with Client Service?",CONTACT,contact_customer_service
BILQCZ,"I have no user account, what cvan I do to register?",ACCOUNT,create_account
BLQ,I want to lodge a complaint for a service,FEEDBACK,complaint
BILQC,"I bought a product, how can I modify my purchase?",ORDER,change_order
BISLQC,"i didn't receive my invoices, how do i see them?",INVOICES,check_invoices
BIC,"I have an issue when trying to pay with card, how do I report it?",PAYMENT,payment_issue
BIPQC,"i dont understand you, could u contact a human agent?",CONTACT,contact_human_agent
BPLQD,"ask an agent where I can lodge a consumer complaint for a service, please",FEEDBACK,complaint
BILC,"I need a user account, how do I open one?",ACCOUNT,create_account
BILCZ,"you aren't helping, what shgould I do to talk to a human?",CONTACT,contact_human_agent
BIPLQ,"id like to see a bill, can you tell me how I can do it, please?",INVOICES,get_invoice
BQCZ,I need a account and I want to create one,ACCOUNT,create_account
BILQDZ,can uask an agent if i can obtain a refund ?,REFUNDS,get_refund
BIL,what's the free phone number of Customer Support?,CONTACT,contact_customer_service
BMSLQ,I need information about seeing some invoices,INVOICES,get_invoice
BIPLC,"the game was cancelled, could I get a reimbursement?",REFUNDS,get_refund
B,I want to track my order,ORDER,track_order
BLZ,I want tyo track my package,ORDER,track_order
BIPLQ,could u show me the mail address to contact customer support?,CONTACT,contact_customer_service
BLQD,ask an agent if I can obtain a bill,INVOICES,get_invoice
BLQ,I want to remove my profile,ACCOUNT,delete_account
BPLQD,"ask an agent how i could reset my password, please",ACCOUNT,recover_password
BMLQ,"i wanna get some invoices, can you show me some information?",INVOICES,get_invoice
BPL,"please, tell me if I can check my shipment",ORDER,track_order
BLQC,"I want information, help me talk to Customer Service",CONTACT,contact_customer_service
BILCZ,"i obught a product, what do I have to do to change my order?",ORDER,change_order
BPLCZ,"i got an error when i attempted to make a payment, but my card was charged anyway, report it , please",PAYMENT,payment_issue
BLQC,"I have no shipping address, help me set one up",SHIPPING,set_up_shipping_address
BILC,"I get an error message when I try to pay, what can I do?",PAYMENT,payment_issue
BILQC,"an error pops when i attempt to pay, can u help me?",PAYMENT,payment_issue
BILC,"I have a problem making a payment, what do I have to do to notify it?",PAYMENT,payment_issue
BLC,"I changed my mind, delete my online account",ACCOUNT,delete_account
BILC,"I don't want my online account, can you remove it?",ACCOUNT,delete_account
BILQC,"I have a problem making a payment with card, how can I report it?",PAYMENT,payment_issue
BPLQD,ask an agent how I could notify a payment issue,PAYMENT,payment_issue
BLQC,"im discontent with the service, submit a consumer complaint",FEEDBACK,complaint
BIPMSD,do you mind asking an agent where to track my orders?,ORDER,track_order
BIPLQ,"please, can u show me the free phone number to contact Customer Service?",CONTACT,contact_customer_service
BLC,"I got an error message when I tried to pay, but my card was charged anyway, help me report it",PAYMENT,payment_issue
BLQC,"I have an issue when trying to pay, I need help informing of it",PAYMENT,payment_issue
BILQ,can you tell me if there is a free number to contact Client Service?,CONTACT,contact_customer_service
BIMSCZ,"i lost my invoice , how do i check it?",INVOICES,check_invoices
BI,can you tell me if i can track my order?,ORDER,track_order
BISQWC,"i didn't receive my fucking invoices, can i check them?",INVOICES,check_invoices
BILQC,"I want to make a complaint for a service, what should I do?",FEEDBACK,complaint
BSLC,"I changed my mind, I need help closing my account",ACCOUNT,delete_account
BILC,"the game was cancelled, what should I do to get a refund?",REFUNDS,get_refund
B,I don't understand you,CONTACT,contact_human_agent
BLZ,tell me if there is any huma available,CONTACT,contact_human_agent
BILQC,"I want to delete my profile, where can I do it?",ACCOUNT,delete_account
BILQC,"you arent helping, how can i contact a person?",CONTACT,contact_human_agent
BSLQC,"youre not helping, i need help talking to someone",CONTACT,contact_human_agent
BIL,what's your money back policy?,REFUNDS,check_refund_policy
BILQC,"I lost my account password, what do I have to do to retrieve it?",ACCOUNT,recover_password
BIPLD,could you ask an agent how to see the ticket delivery options?,DELIVERY,delivery_options
BPLQZ,"please , show me the email to contact customer support",CONTACT,contact_customer_service
BILC,"I have a problem when trying to pay, can you inform of it?",PAYMENT,payment_issue
BPLQD,"please, ask an agent where i can track my reimbursement",REFUNDS,track_refund
BMSC,I lost my invoice and I want to check it,INVOICES,check_invoices
BIL,can you tell me how I can check my order?,ORDER,track_order
BILQC,"I want to notify an issue making a payment, what can I do?",PAYMENT,payment_issue
BL,show me your money back guarantee,REFUNDS,check_refund_policy
BIPD,"please, can you ask an agent if I can edit my profile?",ACCOUNT,edit_account
BSLQC,"I bought a product, I need help modifying my order",ORDER,change_order
B,tell me how long it takes for a ticket to arrive,DELIVERY,delivery_period
BSLWCZ,"I'm discontent with the service, I need help suybmitting a ufcking complaint",FEEDBACK,complaint
BILQC,"i got an error message when i attempted to pay, but i was charged anyway, what should i do to notify it?",PAYMENT,payment_issue
BQ,show me the phone number to contact Customer Service,CONTACT,contact_customer_service
BL,help me close my online account,ACCOUNT,delete_account
BILC,"I want to report a problem paying, what should I do?",PAYMENT,payment_issue
BIPLD,"please, could you ask an agent how to cancel my account?",ACCOUNT,delete_account
BILC,"i have an issue when trying to make a payment with card, what should i do?",PAYMENT,payment_issue
BILC,"I want information, can I contact Client Service?",CONTACT,contact_customer_service
BLC,"I got an error when I attempted to pay, but I was charged anyway, help me inform of it",PAYMENT,payment_issue
BILC,"I need a user account, can you create one?",ACCOUNT,create_account
BMLQZ,i wanna know if i can register more than one user account with a siingle email,ACCOUNT,create_account
BIML,can you tell me how I can check my orders?,ORDER,track_order
B,I want to know where to subscribe to the newsletter,NEWSLETTER,newsletter_subscription
BILQC,"i want to view the cancellation penalty, can u help me?",CANCELLATION_FEE,check_cancellation_fee
BILC,"my profile was hacked, can you help me?",ACCOUNT,recover_password
BILQC,"I have a problem when trying to pay for my online order, how can I inform of it?",PAYMENT,payment_issue
BSLC,"you aren't helping, I need help talking to someone",CONTACT,contact_human_agent
BILC,"I don't want my profile, what should I do to delete it?",ACCOUNT,delete_account
BILC,"I don't like the service, how do I submit a consumer complaint?",FEEDBACK,complaint
BIM,can you give me information about the delivery period for my tickets?,DELIVERY,delivery_period
BQZ,how to contacy Customer Service,CONTACT,contact_customer_service
BL,I want to know what the mail address to contact Customer Support is,CONTACT,contact_customer_service
BILQC,"the concert was cancelled, what do i have to do to request a refund?",REFUNDS,get_refund
BLQ,I want to see the email of the Customer Support,CONTACT,contact_customer_service
BILC,"i got an error when i tried to make a payment, but my card was charged anyway, what do i have to do?",PAYMENT,payment_issue
BIMLQD,can u ask an agent where to track my packages?,ORDER,track_order
BLQC,the concert was postponed and i want to get a reimbursement,REFUNDS,get_refund
BILCZ,"I got an error message when I attempted to make a payment, but I was charged anyway , what do I have to do?",PAYMENT,payment_issue
BIPQC,"id like to place an order, what can i do?",ORDER,place_order
BILQC,"my profile's been hacked, what can I do to recover it?",ACCOUNT,recover_password
BPQDW,"ask an agent where to check my fucking invoices, please",INVOICES,check_invoices
BILQW,whats the fucking free number of customer support?,CONTACT,contact_customer_service
BMLZ,I need information about the cancellation  penalties,CANCELLATION_FEE,check_cancellation_fee
BISCZ,"I lst my inviices, what can I do to check them?",INVOICES,check_invoices
BILC,"I want information, what can I do to talk to Client Service?",CONTACT,contact_customer_service
BILC,"my user account was hacked, what should i do to recover it?",ACCOUNT,recover_password
BMLQ,I want to know if I can register more than one account with a single email address,ACCOUNT,create_account
BI,where can I check the cancellation fee?,CANCELLATION_FEE,check_cancellation_fee
BLC,I've got no account and I want to open one,ACCOUNT,create_account
BLQ,I want to know if I can register two online accounts with a single email address,ACCOUNT,create_account
BILQC,"I have a problem when trying to pay, what do I have to do to inform of it?",PAYMENT,payment_issue
BIMSQCZ,"I olst my invoice, what can I di to check it?",INVOICES,check_invoices
BIL,do you have a newsletter I can receive?,NEWSLETTER,newsletter_subscription
BI,can you tell me how I can subscribe to the newsletter?,NEWSLETTER,newsletter_subscription
BIMLQ,where can I inform of payment problems?,PAYMENT,payment_issue
BI,can you give me information about my invoices?,INVOICES,check_invoices
BILC,"I have an issue paying for my online order, can you help me?",PAYMENT,payment_issue
BILQ,can I switch to another online account?,ACCOUNT,switch_account
BIQ,can I subscribe to the newsletter?,NEWSLETTER,newsletter_subscription
BL,how to inform of a problem paying,PAYMENT,payment_issue
BILC,"I don't want my user account, what can I do to remove it?",ACCOUNT,delete_account
BILQC,"i want to make a complaint, can u help me?",FEEDBACK,complaint
BSLQC,"i dont understand you, i need help speaking with a human agent",CONTACT,contact_human_agent
BILQC,"I have no profile, can I create one?",ACCOUNT,create_account
BILQZ,where can I leave an comment?,FEEDBACK,review
BILCZ,"I don't have an online account, what should I do ot open one?",ACCOUNT,create_account
BILC,"I want to view the cancellation penalty, what can I do?",CANCELLATION_FEE,check_cancellation_fee
BILCZ,"I want information , can I talk to Client Service ?",CONTACT,contact_customer_service
BMLQ,I want to view the cancellation fees,CANCELLATION_FEE,check_cancellation_fee
BIMLQC,"i wanna view my invoice, can u help me?",INVOICES,check_invoices
BPLD,"please, ask an agent if I can view my bills",INVOICES,check_invoices
BLQ,i want to know where to change my purchase,ORDER,change_order
BL,where to track my delivery,ORDER,track_order
BLQC,I have a problem paying for my online order and I want to inform of it,PAYMENT,payment_issue
BLQCZ,"I got na error message when I atempted to make a payment, but I was charged anyway, help me inform of it",PAYMENT,payment_issue
BIL,where do I see the cancellation penalty?,CANCELLATION_FEE,check_cancellation_fee
BIC,"i have no account, what do i have to do?",ACCOUNT,create_account
BILQ,where can I cancel my profile?,ACCOUNT,delete_account
BILEQC,"i am happy with the service, what can i do to make a comment?",FEEDBACK,review
BILQC,"I have an issue when trying to pay, how do I notify it?",PAYMENT,payment_issue
BILC,"I don't have an online account, what should I do to register?",ACCOUNT,create_account
BIL,can you tell me if i can make a payment with Master Card?,PAYMENT,check_payment_methods
BIQ,can you tell me the phone number to contact Customer Service?,CONTACT,contact_customer_service
BILQ,"i wanna see a bill, can you tell me how I can do it?",INVOICES,get_invoice
BLC,"the event was cancelled, obtain a refund",REFUNDS,get_refund
BPQC,"I wanna track my order, tell me where to do it, please",ORDER,track_order
BILC,"the game was cancelled, can you help me?",REFUNDS,get_refund
BLQCZ,"I got an error when I attemptedto pay, but my card was charged anyway and I want to inform of it",PAYMENT,payment_issue
BMSLQC,"I can't find my invoice, show it",INVOICES,check_invoices
BIQC,"i bought an item, how do i change my order?",ORDER,change_order
BILC,"you're not helping, what can I do to contact a person?",CONTACT,contact_human_agent
BLZ,how to download a inmvoice,INVOICES,get_invoice
BPLQD,"please, ask an agent what the phone number of client service is",CONTACT,contact_customer_service
BILQCZ,"i got an eror when i tried to make a payment, but my card was charged anyway, how can i notify it?",PAYMENT,payment_issue
BILQ,how do I contact Client Service?,CONTACT,contact_customer_service
BIMLQ,can I download some bills?,INVOICES,get_invoice
BIPLQ,"could u show me the phone number of customer support, please?",CONTACT,contact_customer_service
BIML,how can I inform of issues paying?,PAYMENT,payment_issue
BC,"I don't have an account, create one",ACCOUNT,create_account
BILC,"I changed my mind, what can I do to close my profile?",ACCOUNT,delete_account
BIC,"I want to create an account, can you help me?",ACCOUNT,create_account
BILQC,"i have a problem when trying to pay with card, how do i notify it?",PAYMENT,payment_issue
BILQC,"I have a question, how do I talk to Customer Support?",CONTACT,contact_customer_service
BIL,how do i remove my user account?,ACCOUNT,delete_account
BILQCZ,"i want infomration, what do i have to do to call customer support ?",CONTACT,contact_customer_service
BIPLWCZ,"the game was postponed, could I obtain a fucking refund, pleased?",REFUNDS,get_refund
BPLQW,"i wanna know if i can create several fucking online accounts with a single email, please",ACCOUNT,create_account
BIC,"I have an issue paying for my order, what do I have to do to report it?",PAYMENT,payment_issue
B,registration problem,ACCOUNT,registration_problems
BML,request some invoices,INVOICES,get_invoice
BLQZ,i want to know if i can create severl accounts with the same email,ACCOUNT,create_account
BILC,"I don't have a shipping address, can you set one up?",SHIPPING,set_up_shipping_address
B,how to check the cancellation fee,CANCELLATION_FEE,check_cancellation_fee
BPSLQC,"I bought something, i need help changing my order, please",ORDER,change_order
BL,I want to change my profile,ACCOUNT,edit_account
BPLWC,"the show was cancelled and I'd like to get a fucking refund, please",REFUNDS,get_refund
BLQCZ,the event was cancelled and i wanna obtain a reimbusement,REFUNDS,get_refund
BD,ask an agent what the delivery period for my ticket is,DELIVERY,delivery_period
BIPLQ,can you tell me if i could register several accounts with the same email address?,ACCOUNT,create_account
BLQCZ,I have a problem paying for my order anbd I want to report it,PAYMENT,payment_issue
BLC,"I'm discontent with the service, file a consumer complaint",FEEDBACK,complaint
BILQC,"I want to use my other profile, what should I do to change them?",ACCOUNT,switch_account
BC,"I can't remember my password, recover it",ACCOUNT,recover_password
B,track my order,ORDER,track_order
BLD,ask an agent where to view their money back policy,REFUNDS,check_refund_policy
BIMLC,"i want to check my orders, can you tell me where to do it?",ORDER,track_order
BPLQD,"ask an agent where to write a review for a service, please",FEEDBACK,review
BPEC,"I do not want my account and I'd like to delete it, please",ACCOUNT,delete_account
BLQ,I get an error message when I try to make a payment with card,PAYMENT,payment_issue
BILCZ,"I want to rtack my shipment, can you tell me where to do it?",ORDER,track_order
BPLQD,"ask an agent how to obtain a reimbursement, please",REFUNDS,get_refund
BI,can you tell me if I can own more than one account?,ACCOUNT,create_account
BDW,ask an agent where to file a fucking complaint,FEEDBACK,complaint
BMSQC,i lost my invoice and i wanna check it,INVOICES,check_invoices
BILC,"you're not helping, what can I do to talk to a human?",CONTACT,contact_human_agent
BILEQC,"i dont have a profile, what should i do to create one?",ACCOUNT,create_account
BILC,"I have an issue making a payment with card, can you report it?",PAYMENT,payment_issue
BMLQC,"I want to track my shipments, tell me where I can do it",ORDER,track_order
BILC,"I want to inform of an issue paying, what do I have to do?",PAYMENT,payment_issue
BQ,i have an issue paying with card,PAYMENT,payment_issue
BILQC,"an error pops when I try to make a payment for my online order, what should I do?",PAYMENT,payment_issue
BSLQC,"my user account was hacked, i need help getting it back",ACCOUNT,recover_password
BIMQW,can u get some fucking invoices?,INVOICES,get_invoice
BPSL,"I need help checking your money back policy, please",REFUNDS,check_refund_policy
BLCZ,"I'm discontent with the service, ake a consumer complaint",FEEDBACK,complaint
BCZ,"I changed my mind, help me delete myaccount",ACCOUNT,delete_account
BILCZ,"I have an question, what can I do to speak with Customer Support?",CONTACT,contact_customer_service
BIM,can I solve payment issues?,PAYMENT,payment_issue
BQD,can u ask an agent my ticket will arrive,DELIVERY,delivery_period
BL,I want to know what the phone number of Client Service is,CONTACT,contact_customer_service
BLQD,ask an agent to notify a payment problem,PAYMENT,payment_issue
BL,track my package,ORDER,track_order
BILQ,can i view my bills?,INVOICES,check_invoices
BIPC,"I'd like to create an account, what can I do?",ACCOUNT,create_account
BILCZ,"I have no prfofile, what do I have to do?",ACCOUNT,create_account
BIC,"I need a refund, what can I do?",REFUNDS,get_refund
BI,can you show me the delivery period?,DELIVERY,delivery_period
BLCZ,"the concert was caancelled, request a refund",REFUNDS,get_refund
BIQ,can you tell me if I can register several accounts with the same email?,ACCOUNT,create_account
BS,I need help getting an invoice,INVOICES,get_invoice
BLQZ,i wanna see the no of client service,CONTACT,contact_customer_service
BILC,"I don't understand you, how do I speak with a human?",CONTACT,contact_human_agent
B,tell me if I can track my order,ORDER,track_order
BL,where to view your payment methods,PAYMENT,check_payment_methods
BIQCZ,"I have an issue when trying to pay for my order, shat can I do?",PAYMENT,payment_issue
BILC,"I'm discontent with the service, how can I make a consumer complaint?",FEEDBACK,complaint
BPMLQ,i wanna know where I could track my packages,ORDER,track_order
BIML,can you tell me if I can create more than one online account with a single email address?,ACCOUNT,create_account
BILC,"I want to report an issue paying, can you help me?",PAYMENT,payment_issue
BIL,where can i inform of a problem with my payment?,PAYMENT,payment_issue
BMLQ,i wanna know where I can check my packages,ORDER,track_order
BILEQC,"u are not helping, can i talk to a person?",CONTACT,contact_human_agent
BILWC,"i purchased something, what can I do to modify my fucking purchase?",ORDER,change_order
BILQZ,where do I see my invoikces?,INVOICES,check_invoices
BILQCZ,"I changed my min, what can I do to cancel my account?",ACCOUNT,delete_account
BIMQ,where can I report payment issues?,PAYMENT,payment_issue
BILQC,"I bought something, how do I modify my purchase?",ORDER,change_order
BILC,"I don't want my user account, what do I have to do to close it?",ACCOUNT,delete_account
BILCZ,"I changed my mind, what cann I do to close my user account?",ACCOUNT,delete_account
BILC,"I need a reimbursement, what can I do to request one?",REFUNDS,get_refund
BILQC,"the concert was postponed, how do i obtain a reimbursement?",REFUNDS,get_refund
BIPLDWZ,"please, can you ask an agent if i can recevie the fucking newsletter?",NEWSLETTER,newsletter_subscription
BPLCZ,"I got an error when I tried to make a payment, but I was charged anyway, help me notify it ,  please",PAYMENT,payment_issue
BIQZ,is customer service available ?,CONTACT,contact_customer_service
BIPD,could you ask an agent how I can get a refund?,REFUNDS,get_refund
BIMLQ,how can I solve problems making a payment?,PAYMENT,payment_issue
BL,where to request a reimbursement,REFUNDS,get_refund
BILQC,"I have an issue when trying to pay for my online order, what do I have to do to notify it?",PAYMENT,payment_issue
BILCZ,"I don't ujnderstand you, how can I contact a person ?",CONTACT,contact_human_agent
BILC,"I have an issue when trying to make a payment, what should I do to inform of it?",PAYMENT,payment_issue
BLQD,ask an agent where to check their reimbursement policy,REFUNDS,check_refund_policy
BILQC,"I bought something, what do I have to do to change my order?",ORDER,change_order
BILQC,"I bought something, what do I have to do to modify my purchase?",ORDER,change_order
BLC,"I want information, send an email to Client Service",CONTACT,contact_customer_service
BILQ,can you tell me if I can register two profiles with a single email address?,ACCOUNT,create_account
BL,I don't have an online account,ACCOUNT,create_account
BIPSLQWC,"I didn't receive my fucking invoices, could I view them?",INVOICES,check_invoices
BIL,where do I obtain an invoice?,INVOICES,get_invoice
BIML,can you tell me if I can see some bills?,INVOICES,get_invoice
BILQC,"I ordered a product, what can I do to modify my purchase?",ORDER,change_order
BPL,tell me if I could register two user accounts with a single email address,ACCOUNT,create_account
BPLDW,"ask an agent about the fucking cancellation penalty, please",CANCELLATION_FEE,check_cancellation_fee
BLQC,"I have an issue when trying to pay with card, I need help notifying it",PAYMENT,payment_issue
BILQC,"I got an error message when I attempted to make a payment, but my card was charged anyway, how do I report it?",PAYMENT,payment_issue
BSLQC,"i cant remember my account password, i need help resetting it",ACCOUNT,recover_password
BILC,"I've got no profile, what should I do?",ACCOUNT,create_account
BILQC,"I have no account, how can I open one?",ACCOUNT,create_account
BILC,"I ordered an item, what do I have to do to change my order?",ORDER,change_order
BLQ,I want to know if I can create two accounts with a single email address,ACCOUNT,create_account
BILQC,"I want to make a consumer complaint for a service, what do I have to do?",FEEDBACK,complaint
BIPL,"please, could you tell me the email of Client Service?",CONTACT,contact_customer_service
BILC,"I'm happy with the service, what should I do to lodge a review?",FEEDBACK,review
BLQ,I want to talk to Client Service,CONTACT,contact_customer_service
BILQCZ,"i want to view the status of my ordr, can u help me?",ORDER,track_order
BIPLDW,"please, could you ask an agent if I could view my fucking invoices?",INVOICES,check_invoices
BILC,"I want to obtain a refund, can you help me?",REFUNDS,get_refund
BILQC,"i want to solve a problem with my payment, can u help me?",PAYMENT,payment_issue
BLC,"i have an issue paying for my order, i need help informing of it",PAYMENT,payment_issue
BILZ,can you talk  to somenoe?,CONTACT,contact_human_agent
BILC,"I can't understand you, can I speak with someone?",CONTACT,contact_human_agent
B,how to create an account,ACCOUNT,create_account
BPMLQ,"please, i wanna know how to check my packages",ORDER,track_order
BILC,"an error message pops when I attempt to pay, can you help me?",PAYMENT,payment_issue
BLC,"I want to track my delivery, tell me where to do it",ORDER,track_order
B,tell me how long the delivery takes,DELIVERY,delivery_period
B,tell me if service fees are refundable,REFUNDS,check_refund_policy
BL,i want to know where I can see a bill,INVOICES,get_invoice
BL,where to receive a refund,REFUNDS,get_refund
BILCZ,"I haev a problem paying for my online order, can you teport it?",PAYMENT,payment_issue
BSL,I need help reporting a problem paying,PAYMENT,payment_issue
BIML,can you tell me where to check my orders?,ORDER,track_order
BILZ,were do I remove my profile?,ACCOUNT,delete_account
BILC,"I want to lodge a complaint, what do I have to do?",FEEDBACK,complaint
BILCZ,"I don't want my user account, how ddo I remove it?",ACCOUNT,delete_account
BICZ,"you  aren't helping, what should I do to contact a human agent?",CONTACT,contact_human_agent
BIPLQW,how could I update my fucking profile?,ACCOUNT,edit_account
BIMLQW,how do I inform of fucking issues paying?,PAYMENT,payment_issue
BLQC,the event was cancelled and i wanna request a refund,REFUNDS,get_refund
BILC,"an error pops when I try to pay with card, what do I have to do?",PAYMENT,payment_issue
BL,tell me if I can check my delivery,ORDER,track_order
B,tell me where to change my order,ORDER,change_order
BL,I want to know where to modify my purchase,ORDER,change_order
BIL,can i notify a payment issue?,PAYMENT,payment_issue
BILQC,"i want to report a payment problem, can u help me?",PAYMENT,payment_issue
BILQC,"someone stole my account password, what should i do to recover it?",ACCOUNT,recover_password
BPLQD,"please, ask an agent what the status of my purchase is",ORDER,track_order
BILC,"someone stole my account password, can i recover it?",ACCOUNT,recover_password
BIL,can you show me information about the options for delivery?,DELIVERY,delivery_options
BC,I bought an item and I want to change my order,ORDER,change_order
BLD,ask an agent if i can make a consumer complaint,FEEDBACK,complaint
BMSLQC,i lost my bill and i wanna check it,INVOICES,check_invoices
BIQC,"I want to solve an issue with my payment, what should I do?",PAYMENT,payment_issue
BILQCZ,"i wanna submit a ocmplaint for a service, what should i do?",FEEDBACK,complaint
BI,how can I place an order?,ORDER,place_order
BL,talk to Customer Service,CONTACT,contact_customer_service
BILQC,"youre not helping, what can i do to talk to a human agent?",CONTACT,contact_human_agent
BI,can I check my invoices?,INVOICES,check_invoices
BQ,i want to contact a human agent,CONTACT,contact_human_agent
BL,I want to check my delivery,ORDER,track_order
BILWCZ,"my fucking account's been hacked, how do I reocver it?",ACCOUNT,recover_password
BILQ,where can I check your payment options?,PAYMENT,check_payment_methods
BIPMSLD,do you mind asking an agent how to get some bills?,INVOICES,get_invoice
BILC,"I want to view the cancellation fee, what do I have to do?",CANCELLATION_FEE,check_cancellation_fee
BZ,where to report a payment isue,PAYMENT,payment_issue
BLQ,i wanna know what the mail address of customer support is,CONTACT,contact_customer_service
BILQ,can you tell me if I can download an invoice?,INVOICES,get_invoice
BIML,can you show me information about my bill?,INVOICES,check_invoices
BMLZ,"I want to request some bills, can you give me some informtaion?",INVOICES,get_invoice
BLC,"I have a problem when trying to pay for my online order, I need help notifying it",PAYMENT,payment_issue
BILC,"I'm not happy with the service, how do I make a complaint?",FEEDBACK,complaint
BLQD,ask an agent how to delete my user account,ACCOUNT,delete_account
BC,i have an issue paying for my order and i want to report it,PAYMENT,payment_issue
BILQC,"I have an issue making a payment with card, what can I do to inform of it?",PAYMENT,payment_issue
BILCZ,"I have a probledm when trying to pay for my order, can I inform of it ?",PAYMENT,payment_issue
BILQC,"I purchased something, what should I do to change my order?",ORDER,change_order
BLD,ask an agent to edit my shipping address,SHIPPING,change_shipping_address
BLQ,I want to see your payment options,PAYMENT,check_payment_methods
BIL,how can I make a complaint?,FEEDBACK,complaint
BLZ,I want to know where I cvan get a bill,INVOICES,get_invoice
BPLEC,I have an issue making a payment with card and I would like to report it,PAYMENT,payment_issue
BLQDW,ask an agent to switch to another fucking account,ACCOUNT,switch_account
BIL,can you show me the mail of the Client Service?,CONTACT,contact_customer_service
BQ,show me the email address of Customer Service,CONTACT,contact_customer_service
BSLQZ,i wanna know something about requesting  an invoice,INVOICES,get_invoice
BIL,can you show me information about the status of my purchase?,ORDER,track_order
BML,I want to see some bills,INVOICES,get_invoice
BIPMLDZ,"lpaese, could you ask an agent where to notify issues paying?",PAYMENT,payment_issue
BIMLQD,can u ask an agent how to solve problems making a payment?,PAYMENT,payment_issue
BC,I have an issue paying for my order and I want to report it,PAYMENT,payment_issue
BSLCZ,"my profile was hacked, and  I need help getting it back",ACCOUNT,recover_password
BILQCZ,"I want to lodge an review, what should I do?",FEEDBACK,review
BLC,"I want to use my other profile, help me switch them",ACCOUNT,switch_account
BMSQZ,I need help solving paymebt issues,PAYMENT,payment_issue
BIQC,"I lost my password, what do I have to do?",ACCOUNT,recover_password
BIML,how can I notify issues making a payment?,PAYMENT,payment_issue
BILQ,can you tell me what the mail address to contact client service is?,CONTACT,contact_customer_service
BIPMLQD,can you ask an agent if i could see some bills?,INVOICES,get_invoice
BILQD,can u ask an agent how to leave a comment for a service?,FEEDBACK,review
BPMSLC,"i lost my bill and i want to view it, please",INVOICES,check_invoices
BILQC,"I got no payment validation, can u help me?",PAYMENT,payment_issue
BLQZ,i wanna close myprodile,ACCOUNT,delete_account
BILC,"the game was postponed, how do i get a reimbursement?",REFUNDS,get_refund
BLZ,tell me if I can create  two profiles with the same email address,ACCOUNT,create_account
BILC,"I purchased a product, how do I change my order?",ORDER,change_order
BPS,"i need help tracking my order, please",ORDER,track_order
BIMLQ,where can I notify issues with my payment?,PAYMENT,payment_issue
BILQC,"im discontent with the service, can i make a complaint?",FEEDBACK,complaint
BIL,can you tell me where to obtain a bill?,INVOICES,get_invoice
BIZ,can you tell me about ther status of my refund?,REFUNDS,track_refund
BILQCZ,"I want to solve an problem making a payment, what do I have to do?",PAYMENT,payment_issue
BIPLD,"could you ask an agent how to solve a payment problem, please?",PAYMENT,payment_issue
BQC,"I need an account, create one",ACCOUNT,create_account
B,how do I find my order?,ORDER,track_order
BL,someone stole my account password,ACCOUNT,recover_password
BILC,"i have a problem when trying to make a payment, what should i do to inform of it?",PAYMENT,payment_issue
BILEQC,"my profile has been hacked, can i get it back?",ACCOUNT,recover_password
BL,I want to know if I can create several user accounts with the same email,ACCOUNT,create_account
BILQD,can u ask an agent where i can view the status of my reimbursement?,REFUNDS,track_refund
BIPLQD,can u ask an agent how i could see their refund policy?,REFUNDS,check_refund_policy
BILQC,"i cant remember my account password, how can i reset it?",ACCOUNT,recover_password
BL,I need information about the status of my reimbursement,REFUNDS,track_refund
BLQ,I wanna know where to download a bill,INVOICES,get_invoice
BLD,ask an agent if i can see their reimbursement policy,REFUNDS,check_refund_policy
BPLQDZ,"please, ask an agent to notify a problem  with my payment",PAYMENT,payment_issue
BILC,"I want to see the delivery options, what should I do?",DELIVERY,delivery_options
BILQ,where do I write an opinion for a service?,FEEDBACK,review
BILQC,"I have an issue paying with card, can I inform of it?",PAYMENT,payment_issue
BILC,"I got an error when I attempted to make a payment, but I was charged anyway, can you help me?",PAYMENT,payment_issue
BMLQ,I want to check the cancellation penalties,CANCELLATION_FEE,check_cancellation_fee
BLC,"I want to use my other online account, help me switch them",ACCOUNT,switch_account
BQ,I want to know if I can get an invoice,INVOICES,get_invoice
BLQC,"I have an issue paying with card, I need help informing of it",PAYMENT,payment_issue
BILQD,can u ask an agent where to inform of an issue paying?,PAYMENT,payment_issue
BILC,"I have a problem making a payment, can you notify it?",PAYMENT,payment_issue
BIPLC,"I have a question, could you contact Client Service, please?",CONTACT,contact_customer_service
BILC,"I can't remember my account password, what do I have to do?",ACCOUNT,recover_password
BILQ,how can I cancel my profile?,ACCOUNT,delete_account
BMSLZ,teol me about getting some bills,INVOICES,get_invoice
BILC,"I've got no user account, what do I have to do to open one?",ACCOUNT,create_account
B,help me report a payment issue,PAYMENT,payment_issue
BLQ,I want to know if there's a newsletter to keep me informed,NEWSLETTER,newsletter_subscription
BLQCZ,youre not helping and i wanmt to talk to a humn agent,CONTACT,contact_human_agent
BLC,"i got an error message when i attempted to pay, but i was charged anyway and i want to report it",PAYMENT,payment_issue
BILQC,"i changed my mind, what do i have to do to remove my online account?",ACCOUNT,delete_account
BILQ,where can I change to another profile?,ACCOUNT,switch_account
BSLC,"I have a question, I need help talking to Customer Service",CONTACT,contact_customer_service
BLC,"I got an error when I tried to make a payment, but my card was charged anyway, help me notify it",PAYMENT,payment_issue
BIPMQDW,could you ask an agent if I could track my fucking orders?,ORDER,track_order
BIPQDWZ,"could  you ask an agent if I can get a fucking invoice, please?",INVOICES,get_invoice
BML,help me report problems with my payment,PAYMENT,payment_issue
BIMLQD,can u ask an agent how i can report problems making a payment?,PAYMENT,payment_issue
BILQC,"I ordered a product, what should I do to modify my order?",ORDER,change_order
BLQDZ,ask an agent where i can see the ticket  delivery options,DELIVERY,delivery_options
BIMSLQC,"I can't find my invoice, how can I see it?",INVOICES,check_invoices
BIMQD,can u ask an agent where i can check my invoice?,INVOICES,check_invoices
BIQC,"i wanna recover my password, what should i do?",ACCOUNT,recover_password
BILQC,"I have a problem when trying to pay for my order, can I notify it?",PAYMENT,payment_issue
BQ,i wanna see the email address to contact Customer Service,CONTACT,contact_customer_service
BIPD,"please, could you ask an agent to provide information about the delivery period?",DELIVERY,delivery_period
BIPLD,"please, can you ask an agent to check my package?",ORDER,track_order
BLQC,the show was postponed and i wanna obtain a refund,REFUNDS,get_refund
BIL,how do I leave an opinion for a service?,FEEDBACK,review
BILC,"I don't want my user account, can you delete it?",ACCOUNT,delete_account
BILQCZ,"I have an issue making a payment with card, how can Inotify ot?",PAYMENT,payment_issue
BILCZ,"I got an error message when I tried to make a payment, but I was charged anywya, how do I notify it?",PAYMENT,payment_issue
BIMSLC,"i can't find my invoice, what do i have to do to view it?",INVOICES,check_invoices
BPLEC,"I want a user account and I would like to open one, please",ACCOUNT,create_account
BPMLQD,"ask an agent how to notify payment issues, please",PAYMENT,payment_issue
BIPLCZ,"I'd like to view the status of my  reimbursement, can you help me ?",REFUNDS,track_refund
BIMLQ,can i notify problems paying?,PAYMENT,payment_issue
BLQZ,help me send an email to uCstomer Support,CONTACT,contact_customer_service
BIL,can you tell me the free phone number of Customer Service?,CONTACT,contact_customer_service
BILQC,"an error message pops when I attempt to pay for my online order, what should I do?",PAYMENT,payment_issue
BLCZ,"I don't understand you, spaek with someone",CONTACT,contact_human_agent
BILQC,"i wanna see your money back guarantee, what should i do?",REFUNDS,check_refund_policy
BIMLC,"I want to view my bill, what can I do?",INVOICES,check_invoices
BIC,"I don't understand you, can you contact a human agent?",CONTACT,contact_human_agent
BLC,I haven't got a profile and I want to create one,ACCOUNT,create_account
BLQC,I bought a product and I wanna modify my order,ORDER,change_order
BIPLZ,"please, could you tell me were I could obtain an invoice?",INVOICES,get_invoice
BILCZ,"I don't like the service, how can  I submit a consumer complaint?",FEEDBACK,complaint
BIPLDW,could you ask an agent where I can request a fucking bill?,INVOICES,get_invoice
BIPL,"please, can you tell me if I could create several accounts with the same email?",ACCOUNT,create_account
BLC,"I purchased something, help me modify my order",ORDER,change_order
BILC,"I want a reimbursement, how do I get one?",REFUNDS,get_refund
BPLQ,"i wanna know if i could create two user accounts with the same email, please",ACCOUNT,create_account
BILC,"I don't want my user account, what should I do to close it?",ACCOUNT,delete_account
BLQ,I want to know how I can see an invoice,INVOICES,get_invoice
BILQZ,can I register two progiles with a single email address?,ACCOUNT,create_account
BLC,I don't want my online account and I want to remove it,ACCOUNT,delete_account
BIL,where can i inform of a problem making a payment?,PAYMENT,payment_issue
BL,tell me if I can register several online accounts with a single email address,ACCOUNT,create_account
BILQC,"i wanna cancel my account, where can i do it?",ACCOUNT,delete_account
BILC,"I haven't got a profile, how do I create one?",ACCOUNT,create_account
BIML,how do I know where my shipments are?,ORDER,track_order
BC,I have a question and I want to contact Customer Service,CONTACT,contact_customer_service
BIQC,"i want to track my refund, what can i do?",REFUNDS,track_refund
BMLZ,how to inform of issues making an payment,PAYMENT,payment_issue
BL,I want to know how to modify my order,ORDER,change_order
BILQCZ,"I want a reimbursement, what can I do to get one ?",REFUNDS,get_refund
BILQC,"I want information, how do I speak with Customer Service?",CONTACT,contact_customer_service
BSLQ,i want to ask for information about obtaining a bill,INVOICES,get_invoice
BMLQ,i wanna obtain some bills,INVOICES,get_invoice
BILQC,"im discontent with the service, can i submit a consumer complaint?",FEEDBACK,complaint
BPLEC,the concert was cancelled and I would like to request a reimbursement,REFUNDS,get_refund
BLC,"I have a problem making a payment with card, help me report it",PAYMENT,payment_issue
BILC,"I'm not happy with the service, what can I do to lodge a complaint?",FEEDBACK,complaint
BIMLQCZ,"I want to se my invoice, what do I have to do?",INVOICES,check_invoices
BILC,"i need information, how can i speak with customer service?",CONTACT,contact_customer_service
BIMLQ,can u check my shipments?,ORDER,track_order
BILQZ,can I remove my onlinr account?,ACCOUNT,delete_account
BILC,"you're not helping, can you talk to a person?",CONTACT,contact_human_agent
BILQC,"I want to solve an issue making a payment, what do I have to do?",PAYMENT,payment_issue
BILC,"I can't understand you, can you talk to a person?",CONTACT,contact_human_agent
B,tell me if my refund has been processed,REFUNDS,track_refund
BLC,"I don't have a user account, create one",ACCOUNT,create_account
BILC,"I'm happy with the service, how do I make a review?",FEEDBACK,review
BMLD,ask an agent how i can report issues paying,PAYMENT,payment_issue
BIPMLQD,"please, could u ask an agent where to report problems making a payment?",PAYMENT,payment_issue
BILC,"I can't make a payment, can you help me?",PAYMENT,payment_issue
BLQC,the game was postponed and I want to get a refund,REFUNDS,get_refund
BIML,can you tell me about my bill?,INVOICES,check_invoices
BIL,can you tell me where I can check my order?,ORDER,track_order
BIPMLQ,"could you tell me if I could register more than one account with a single email address, please?",ACCOUNT,create_account
BLD,ask an agent where to see their money back policy,REFUNDS,check_refund_policy
BILQ,can you tell me what the free number to contact Customer Service is?,CONTACT,contact_customer_service
BIPLCZ,"I want to sseethe status of my reimbursement, could you help me, please?",REFUNDS,track_refund
BIPLEC,"I would like to change my purchase, can you tell me how to do it?",ORDER,change_order
BIPLD,can you ask an agent how I could retrieve my password?,ACCOUNT,recover_password
BMSL,I want to ask for information about requesting some invoices,INVOICES,get_invoice
BILQCZ,"I need an online acount, can I create one?",ACCOUNT,create_account
BPLQDW,ask an agent where I could report a fucking issue making a payment,PAYMENT,payment_issue
BL,talk to a human,CONTACT,contact_human_agent
BLQC,I want a profile and I want to create one,ACCOUNT,create_account
BILCZ,"I got na error when I tried to make a payment, but I was charged anyway, can you help me?",PAYMENT,payment_issue
BIMLD,can you ask an agent if i can check my shipments?,ORDER,track_order
BSLQD,ask an agent for information about requesting a bill,INVOICES,get_invoice
BMLQ,tell me if I can check my packages,ORDER,track_order
BILQC,"I got an error when I attempted to pay, but my card was charged anyway, what do I have to do to report it?",PAYMENT,payment_issue
BCZ,I don't like the service and I want  to file a complaint,FEEDBACK,complaint
BPMLDZ,"ask an agent if i can notify paymednt problems, please",PAYMENT,payment_issue
BISLC,"I didn't receive my bills, how do I check them?",INVOICES,check_invoices
BILQCZ,"I have a problem when trying to pay with card, holw do I inform of it?",PAYMENT,payment_issue
BIPLQCZ,"d like to obtain a refund, can u help me?",REFUNDS,get_refund
BMLQ,I want information about my bill,INVOICES,check_invoices
BIL,where do I modify my order?,ORDER,change_order
BISQCZ,"I didn't receive my invoicces, what should I do to check them?",INVOICES,check_invoices
BISLC,"I can't find my invoices, can you show them?",INVOICES,check_invoices
BLQC,"I got an error when I attempted to make a payment, but I was charged anyway, I need help informing of it",PAYMENT,payment_issue
BMLZ,were to see the cancellation fees,CANCELLATION_FEE,check_cancellation_fee
BSL,I need help switching to another online account,ACCOUNT,switch_account
BMZ,I had an problem registeringb,ACCOUNT,registration_problems
BL,speak with someone,CONTACT,contact_human_agent
BILC,"the transfer was declined, can you help me?",PAYMENT,payment_issue
BISLQC,"i lost my invoices, what can i do to see them?",INVOICES,check_invoices
B,check your payment methods,PAYMENT,check_payment_methods
BIPLC,"I don't like the service, could you file a consumer complaint, please?",FEEDBACK,complaint
BML,where to notify issues making a payment,PAYMENT,payment_issue
BISLQC,"I lost my bills, what can I do to check them?",INVOICES,check_invoices
BIPLDW,"please, can you ask an agent if I could solve a fucking issue paying?",PAYMENT,payment_issue
BILCZ,"I don't have a shipping  address, can I set it up?",SHIPPING,set_up_shipping_address
BIPMD,can you ask an agent how I could get some invoices?,INVOICES,get_invoice
BPL,"tell me what the mail of the Customer Support is, please",CONTACT,contact_customer_service
BIML,can I create more than one account with a single email?,ACCOUNT,create_account
BILQ,can you tell me what the free phone number of Customer Service is?,CONTACT,contact_customer_service
BILQC,"i wanna submit a comment for a service, what can i do?",FEEDBACK,review
BPQD,"ask an agent where to file a complaint for a service, please",FEEDBACK,complaint
BILQC,"i wanna inform of an issue with my payment, what should i do?",PAYMENT,payment_issue
BILC,"I need a reimbursement, what do I have to do to get one?",REFUNDS,get_refund
BLQ,i want to know if i can create two accounts with a single email address,ACCOUNT,create_account
BIC,"my card was declined, can you help me?",PAYMENT,payment_issue
BIPECZ,"I would like to track my refund, what should I do ?",REFUNDS,track_refund
BLQC,"im not happy with the service, lodge a complaint",FEEDBACK,complaint
BILQC,"my profile was hacked, what can I do?",ACCOUNT,recover_password
BILC,"the game was postponed, how do I get a reimbursement?",REFUNDS,get_refund
BLCZ,"I have  an issue paying , notify it",PAYMENT,payment_issue
BILQ,how can I check my package?,ORDER,track_order
BL,"I want to get an invoice, can you show me some information?",INVOICES,get_invoice
BILC,"you're not helping, what can I do to speak with a person?",CONTACT,contact_human_agent
BIL,"I want to download a bill, can you tell me where to do it?",INVOICES,get_invoice
BSQZ,I need help checking the deliovery options,DELIVERY,delivery_options
BILQZ,can you tell me the free phone no to contact Client Service?,CONTACT,contact_customer_service
BLQC,i have an issue paying for my online order and i wanna inform of it,PAYMENT,payment_issue
BILQC,"I ordered a product, what do I have to do to modify my purchase?",ORDER,change_order
BIL,can you give me information about the cancellation penalty?,CANCELLATION_FEE,check_cancellation_fee
BI,can you show me information about my invoices?,INVOICES,check_invoices
BSLQ,I want to ask for information about obtaining a bill,INVOICES,get_invoice
BLQD,ask an agent to delete my user account,ACCOUNT,delete_account
BLQD,ask an agent how to leave an opinion for a service,FEEDBACK,review
BPD,"please, ask an agent how to edit my profile",ACCOUNT,edit_account
BIPLQC,"i dont understand you, could u contact someone, please?",CONTACT,contact_human_agent
BIPLQD,could u ask an agent what the mail to contact customer service is?,CONTACT,contact_customer_service
BSLQ,I need help talking to Customer Support,CONTACT,contact_customer_service
BILQC,"I bought something, how can I change my purchase?",ORDER,change_order
BILQCZ,"i haev an issue making an payment with card, can u help me?",PAYMENT,payment_issue
BLQC,"I have an issue paying with card, inform of it",PAYMENT,payment_issue
BILQ,where do I cancel my profile?,ACCOUNT,delete_account
BLQC,"I got an error message when I tried to make a payment, but my card was charged anyway, help me report it",PAYMENT,payment_issue
BLQC,i have an issue making a payment with card and i wanna report it,PAYMENT,payment_issue
BLQC,"ive got no user account, register",ACCOUNT,create_account
BQZ,I want to know if theres a newsletter i can subscribe tgo,NEWSLETTER,newsletter_subscription
BILQC,"i got an error when i attempted to pay, but my card was charged anyway, how do i inform of it?",PAYMENT,payment_issue
BILC,"my user account was hacked, can I get it back?",ACCOUNT,recover_password
BILQ,can I speak with Customer Service?,CONTACT,contact_customer_service
BPLDZ,"please, ask an agent if I could lodge a consumer complaint for a sevrice",FEEDBACK,complaint
BILC,"I have a problem when trying to make a payment, can I inform of it?",PAYMENT,payment_issue
BIC,"I have an issue paying for my order, can I report it?",PAYMENT,payment_issue
BILQCZ,"I want to remove my user account, where can I do it ?",ACCOUNT,delete_account
BMLQC,"I wanna track my deliveries, tell me how I can do it",ORDER,track_order
BIPLEC,"I would like to inform of an issue paying, can you help me?",PAYMENT,payment_issue
BIPLQC,"i wanna use my other profile, can u change them, please?",ACCOUNT,switch_account
BSLQ,I need help informing of an issue making a payment,PAYMENT,payment_issue
BILZ,can you tell me the email address fo Customer Support?,CONTACT,contact_customer_service
BZ,tell me if here's a newsletter i can subscribe to,NEWSLETTER,newsletter_subscription
BPSEC,"I am happy with the service, I need help filing a review, please",FEEDBACK,review
BLC,"I'm discontent with the service, help me submit a complaint",FEEDBACK,complaint
BILC,"I have a problem when trying to make a payment with card, what can I do to notify it?",PAYMENT,payment_issue
BLC,I don't have an online account and I want to open one,ACCOUNT,create_account
BM,i need information about the delivery period for my tickets,DELIVERY,delivery_period
BIMSLQC,"I can't find my bill, what should I do to view it?",INVOICES,check_invoices
BLQC,"i got an error when i attempted to make a payment, but i was charged anyway, help me notify it",PAYMENT,payment_issue
BLZ,I want to know here I can see a bill,INVOICES,get_invoice
BLZ,tell mne where to rfeceive the newsletter,NEWSLETTER,newsletter_subscription
BILQWC,"i need information, what can i do to speak with fucking client service?",CONTACT,contact_customer_service
BIMSLC,"I can't find my bill, what can I do to view it?",INVOICES,check_invoices
BILQCZ,"Iwant to submit a review, what do I have to do?",FEEDBACK,review
BLQ,I want to know what the email of the Customer Service is,CONTACT,contact_customer_service
BILQD,can u ask an agent if I can change my purchase?,ORDER,change_order
BIL,how can I close my profile?,ACCOUNT,delete_account
BILCZ,"I haven't got an account , how can I register?",ACCOUNT,create_account
BILQ,where can I see the status of my order?,ORDER,track_order
BILQZ,how do i receive a  reimbursement?,REFUNDS,get_refund
BILQC,"I ordered a product, what can i do to change my order?",ORDER,change_order
BLQZ,I get an error when I try to pay for my onilne order,PAYMENT,payment_issue
BILQD,can u ask an agent how i can contact customer support?,CONTACT,contact_customer_service
BSLQ,I want to get information about downloading a bill,INVOICES,get_invoice
BIPLQD,"can u ask an agent if i could see the status of my refund, please?",REFUNDS,track_refund
BIPLQC,"the game was cancelled, how could i get a reimbursement?",REFUNDS,get_refund
BILQZ,can u find  information about the email address to contact Customer Support?,CONTACT,contact_customer_service
BLC,"i have an issue when trying to pay for my order, i need help notifying it",PAYMENT,payment_issue
BLQ,an error pops when I attempt to pay for my order,PAYMENT,payment_issue
BILC,"I can't understand you, how can I speak with a person?",CONTACT,contact_human_agent
BILQ,can I change my purchase?,ORDER,change_order
BMLQD,ask an agent how to know where my deliveries are,ORDER,track_order
BLQ,I want to write an opinion for a service,FEEDBACK,review
BIQC,"I want to solve a payment issue, what do I have to do?",PAYMENT,payment_issue
BIL,can you tell me where to modify my order?,ORDER,change_order
BILC,"I need information, what can I do to call Customer Service?",CONTACT,contact_customer_service
BIML,can you tell me if my orders are on their way?,ORDER,track_order
BIPMLQ,how could i view the cancellation fees?,CANCELLATION_FEE,check_cancellation_fee
BISLQC,"I lost my bills, what can I do to view them?",INVOICES,check_invoices
BILQC,"the show was postponed, how can I get a reimbursement?",REFUNDS,get_refund
BILC,"I have a question, what should I do to call Customer Service?",CONTACT,contact_customer_service
BLQC,"i got an error when i tried to make a payment, but i was charged anyway and i wanna inform of it",PAYMENT,payment_issue
BLQC,"you arent helping, help me contact someone",CONTACT,contact_human_agent
BILC,"I want to open a user account, can you help me?",ACCOUNT,create_account
BILCZ,"I'm happy with the serfvice, how can I submit a review?",FEEDBACK,review
BSLC,"I don't understand you, I need help talking to someone",CONTACT,contact_human_agent
BLCZ,"I havean issue making a payment, help me notify it",PAYMENT,payment_issue
BILC,"i got an error message when i attempted to make a payment, but i was charged anyway, how do i inform of it?",PAYMENT,payment_issue
BLZ,how toclose myprofile,ACCOUNT,delete_account
BLZ,where to leave an opinion for an service,FEEDBACK,review
BIL,can you talk to a human agent?,CONTACT,contact_human_agent
BIL,where can I view your payment methods?,PAYMENT,check_payment_methods
BILC,"I don't understand you, what can I do to speak with someone?",CONTACT,contact_human_agent
BILCZ,"i changed my mind, what can i do to close my user acount?",ACCOUNT,delete_account
BLQZ,tell me if i can downloadan invoice,INVOICES,get_invoice
BIML,where do I notify issues making a payment?,PAYMENT,payment_issue
BQC,I changed my mind and I want to delete my account,ACCOUNT,delete_account
BL,i want to know if i can register several online accounts with the same email,ACCOUNT,create_account
BIL,where can I remove my profile?,ACCOUNT,delete_account
BILQ,can I request a reimbursement?,REFUNDS,get_refund
BLC,"I changed my mind, help me cancel my user account",ACCOUNT,delete_account
BIPLD,"please, can you ask an agent where to get a reimbursement?",REFUNDS,get_refund
BIPLQD,"can u ask an agent to make changes to my profile, please?",ACCOUNT,edit_account
BILCZ,"I don't understand you , what do I have to do to talk to a person?",CONTACT,contact_human_agent
BIMLQC,"I want to check my packages, can you tell me how to do it?",ORDER,track_order
BLC,"I got an error message when I attempted to pay, but I was charged anyway and I want to report it",PAYMENT,payment_issue
BIL,how can I solve an issue making a payment?,PAYMENT,payment_issue
BSLQ,I need help obtaining a reimbursement,REFUNDS,get_refund
BIMSLC,"I lost my bill, can I view it?",INVOICES,check_invoices
BML,i want to know if i can create more than one online account with a single email address,ACCOUNT,create_account
BILC,"I want to inform of a payment problem, what do I have to do?",PAYMENT,payment_issue
BILQC,"I want to view my invoices, what should I do?",INVOICES,check_invoices
BILCZ,"tne show was cancelled, what do I have to do to request a refund ?",REFUNDS,get_refund
BILQD,can u ask an agent to retrieve my account password?,ACCOUNT,recover_password
BILZ,how do I lode a complaint for a service?,FEEDBACK,complaint
BLQC,I bought a product and I want to modify my order,ORDER,change_order
BIPLD,"please, could you ask an agent if I can inform of an issue paying?",PAYMENT,payment_issue
BILC,"I have an issue when trying to make a payment with card, how do I report it?",PAYMENT,payment_issue
BLCZ,"I got an error message when I attempted to amke a payment, but my card was charged anyway, report it",PAYMENT,payment_issue
BPLEC,"i am happy with the service, lodge a review, please",FEEDBACK,review
BILC,"I get an error when I attempt to pay, what can I do?",PAYMENT,payment_issue
BILC,"the show was postponed, what can I do to get a refund?",REFUNDS,get_refund
BILQC,"I want an online account, what should I do to open one?",ACCOUNT,create_account
BSL,I need information about requesting an invoice,INVOICES,get_invoice
BIPMLEQ,"i would like to obtain some invoices, could you tell me how I can do it?",INVOICES,get_invoice
BIMSLC,"I lost my invoice, what do I have to do to view it?",INVOICES,check_invoices
BLCZ,I need an online accoung and I want to creaet one,ACCOUNT,create_account
BIPLQC,"i cant understand you, how could i speak with a human?",CONTACT,contact_human_agent
BSL,information about requesting an invoice,INVOICES,get_invoice
BLC,"you're not helping, help me contact someone",CONTACT,contact_human_agent
BSLC,"you're not helping, I need help talking to a person",CONTACT,contact_human_agent
BILC,"i want to check the options for ticket delivery, what do i have to do?",DELIVERY,delivery_options
BIMSLQDZ,can u ask an agent for information about getting some bills ?,INVOICES,get_invoice
BILC,"I have an issue when trying to pay for my order, what should I do to notify it?",PAYMENT,payment_issue
BL,tell me where my purchase is,ORDER,track_order
BML,tell me how to check my packages,ORDER,track_order
BILC,"my profile's been hacked, what do I have to do to get it back?",ACCOUNT,recover_password
BILC,"I forgot my password, what should I do to reset it?",ACCOUNT,recover_password
BIL,can you check the ticket delivery options?,DELIVERY,delivery_options
BILC,"I'm not happy with the service, how do I lodge a complaint?",FEEDBACK,complaint
BL,tell me if I can create two profiles with the same email,ACCOUNT,create_account
BLZ,I waznt to cancel  purchase,ORDER,cancel_order
BILCZ,"the event was postponed, what should i do to obtain a refund ?",REFUNDS,get_refund
BIL,is it possible to check my delivery?,ORDER,track_order
BML,tell me where to check my orders,ORDER,track_order
BLQD,ask an agent how i can check the status of my reimbursement,REFUNDS,track_refund
BLC,"I'm happy with the service, help me make an opinion",FEEDBACK,review
BI,how do I check your payment methods?,PAYMENT,check_payment_methods
BIQ,where can I check the status of my order?,ORDER,track_order
BILQC,"I need information, what should I do to speak with Client Service?",CONTACT,contact_customer_service
BPMLQD,"ask an agent if I could see some invoices, please",INVOICES,get_invoice
BLQC,i have an issue when trying to make a payment and i wanna inform of it,PAYMENT,payment_issue
BIL,how do I talk to someone?,CONTACT,contact_human_agent
BIL,where can I see an invoice?,INVOICES,get_invoice
BLQC,"I have a problem paying with card, report it",PAYMENT,payment_issue
BILQC,"i wanna notify a problem paying, what should i do?",PAYMENT,payment_issue
BLQCZ,i havent got a user acocunt and i wanna create one,ACCOUNT,create_account
BLQ,i want to know how to know where my package is,ORDER,track_order
BLQC,"I have no user account, help me register",ACCOUNT,create_account
BL,I want to know what the free number to contact Client Service is,CONTACT,contact_customer_service
BILW,can you tell me how I can receive the fucking newsletter?,NEWSLETTER,newsletter_subscription
BLQ,"I wanna see an invoice, tell me how to do it",INVOICES,get_invoice
BILCZ,"I have a problem paying for my online ordder, what do I have to do?",PAYMENT,payment_issue
BIPMDW,"please, could you ask an agent to report fucking payment issues?",PAYMENT,payment_issue
BILC,"I got an error when I attempted to make a payment, but my card was charged anyway, what should I do?",PAYMENT,payment_issue
BILC,"I have a problem paying for my order, what should I do to inform of it?",PAYMENT,payment_issue
BIML,can you tell me if I can register more than one account with a single email?,ACCOUNT,create_account
BL,help me delete my online account,ACCOUNT,delete_account
BILQZ,can I create two user accounts with the same email ?,ACCOUNT,create_account
BIPLQD,"can u ask an agent if i could notify a problem with my payment, please?",PAYMENT,payment_issue
BLCZ,I have a question and I want to talk toCustomer Service,CONTACT,contact_customer_service
BSL,I need help closing my online account,ACCOUNT,delete_account
BLQWC,i dont like the service and i wanna file a fucking consumer complaint,FEEDBACK,complaint
BPMLD,"please, ask an agent how I could notify payment problems",PAYMENT,payment_issue
BIM,can you show me the delivery period for my tickets?,DELIVERY,delivery_period
BIPLQW,"please, can you tell me if there is a free phone number to contact fucking customer support?",CONTACT,contact_customer_service
BILCZ,"I changed my midn, can you delete my profile?",ACCOUNT,delete_account
BISLCZ,"I can't find my invoices, what ccan I do to see them?",INVOICES,check_invoices
BL,help me create an online account,ACCOUNT,create_account
BZ,tell me  were to track my order,ORDER,track_order
BISL,what can you tell me about modifying my purchase?,ORDER,change_order
BILC,"I've got no profile, can I create one?",ACCOUNT,create_account
BILQC,"i have a problem when trying to pay for my order, can u help me?",PAYMENT,payment_issue
BILC,"I can't understand you, can I speak with a human?",CONTACT,contact_human_agent
BIPLC,"I have a question, can you send an email to Customer Support, please?",CONTACT,contact_customer_service
BS,I need help setting up my shipping address,SHIPPING,set_up_shipping_address
BIL,can you tell me if I can track my package?,ORDER,track_order
BIL,can you tell me what the email of Client Service is?,CONTACT,contact_customer_service
BL,I found problems while creating an account,ACCOUNT,registration_problems
BILQ,can I recover my account password?,ACCOUNT,recover_password
BLC,"the game was postponed, help me obtain a reimbursement",REFUNDS,get_refund
BIMSLQC,"i didn't receive my invoice, how do i see it?",INVOICES,check_invoices
BQD,ask an agent how to edit my profile,ACCOUNT,edit_account
BICZ,"the event was postponed, how can I get an refnd?",REFUNDS,get_refund
BLC,"I don't want my user account, help me cancel it",ACCOUNT,delete_account
BILQC,"I want to close my account, how can I do it?",ACCOUNT,delete_account
BLQ,show me the phone number of Client Service,CONTACT,contact_customer_service
BILQ,where do I view your reimbursement policy?,REFUNDS,check_refund_policy
BILC,"I have no online account, how do I create one?",ACCOUNT,create_account
BILC,"I can't understand you, what should I do to talk to a human?",CONTACT,contact_human_agent
BLQCZ,"I changed my mind, help me close my profle",ACCOUNT,delete_account
BIML,how do I view the cancellation penalties?,CANCELLATION_FEE,check_cancellation_fee
BILQ,can u show me information about the status of my reimbursement?,REFUNDS,track_refund
BILQCZ,"I have a problem paying for my order, what co I have to do to notify it?",PAYMENT,payment_issue
BILC,"I got an error message when I attempted to make a payment, but my card was charged anyway, can I notify it?",PAYMENT,payment_issue
BILC,"i have a problem when trying to pay, what do i have to do?",PAYMENT,payment_issue
BIMSLQCZ,"i lost my billp, can u show it?",INVOICES,check_invoices
BLQ,I want to solve a payment problem,PAYMENT,payment_issue
BIML,can I inform of issues with my payment?,PAYMENT,payment_issue
BILQZ,where do I check yor payment options?,PAYMENT,check_payment_methods
BIMSLC,"i can't find my invoice, can i see it?",INVOICES,check_invoices
BLQD,ask an agent how to view the status of my reimbursement,REFUNDS,track_refund
BILC,"I have a problem when trying to pay for my order, what should I do to report it?",PAYMENT,payment_issue
BSLC,"I lost my invoices, view them",INVOICES,check_invoices
BILQC,"i forgot my password, can i reset it?",ACCOUNT,recover_password
BIPL,"can you show me the free number to contact Customer Support, please?",CONTACT,contact_customer_service
BIPLC,"I want to modify my purchase, could you tell me how to do it?",ORDER,change_order
BL,how to report a problem paying,PAYMENT,payment_issue
BSLC,"i want information, i need help talking to customer service",CONTACT,contact_customer_service
BILC,"my user account's been hacked, how do i recover it?",ACCOUNT,recover_password
BILQC,"I got an error message when I tried to make a payment, but my card was charged anyway, what should I do?",PAYMENT,payment_issue
BILC,"I don't have a user account, can you create one?",ACCOUNT,create_account
BIL,can you tell me what the number of Client Service is?,CONTACT,contact_customer_service
BILQC,"i have a problem when trying to pay for my online order, can u report it?",PAYMENT,payment_issue
BLD,ask an agent where i can check the status of my reimbursement,REFUNDS,track_refund
BLZ,help me make changes to my shipping adress,SHIPPING,change_shipping_address
BIL,where can I get a bill?,INVOICES,get_invoice
BSL,I need help writing an opinion for a service,FEEDBACK,review
BILC,"I lost my password, how can I retrieve it?",ACCOUNT,recover_password
BILQC,"i ordered an item, can I change my purchase?",ORDER,change_order
BILC,"the concert was cancelled, how do I request a reimbursement?",REFUNDS,get_refund
BILQW,how can i lodge a fucking complaint?,FEEDBACK,complaint
BIMSLC,"I can't find my bill, can you check it?",INVOICES,check_invoices
BILCZ,"I want to check the status of my reimbursement, can you hepp me?",REFUNDS,track_refund
BL,where to make a complaint,FEEDBACK,complaint
BIC,"I want to solve a payment issue, what should I do?",PAYMENT,payment_issue
BIL,can you tell me if there's a newsletter to stay informed?,NEWSLETTER,newsletter_subscription
BILQCZ,"I have an issue makig a payment with card, how can I report it?",PAYMENT,payment_issue
BPLDZ,"pleade, ask an agent how i could retrieve my account password",ACCOUNT,recover_password
BLQC,youre not helping and i wanna talk to a human agent,CONTACT,contact_human_agent
BLQC,i dont like the service and i want to lodge a consumer complaint,FEEDBACK,complaint
BLQ,I want to know where to download a bill,INVOICES,get_invoice
BILQC,"i have a question, what should i do to speak with customer service?",CONTACT,contact_customer_service
BI,can you check the cancellation fee?,CANCELLATION_FEE,check_cancellation_fee
BILC,"I have no user account, can you open one?",ACCOUNT,create_account
BC,the event was cancelled and i want to get a refund,REFUNDS,get_refund
BIPLC,"i want information, could i contact customer support, please?",CONTACT,contact_customer_service
BIL,can I report a problem making a payment?,PAYMENT,payment_issue
BSC,"I don't like the service, I need help filing a complaint",FEEDBACK,complaint
BIL,can I track my reimbursement?,REFUNDS,track_refund
BIL,how do I request a bill?,INVOICES,get_invoice
BILC,"I don't have an online account, can you register?",ACCOUNT,create_account
BIMLQCZ,"I want to track my shpiments, can you tell me where I can do it?",ORDER,track_order
BSLQCZ,"I ordered a prdouct, I need help changing my purchase",ORDER,change_order
BLC,I'm not happy with the service and I want to make a complaint,FEEDBACK,complaint
BLW,tell me if I can create several fucking user accounts with the same email,ACCOUNT,create_account
BIQC,"I want to check the cancellation fee, what can I do?",CANCELLATION_FEE,check_cancellation_fee
BSLWC,"I want information, I need help contacting fucking Client Service",CONTACT,contact_customer_service
BML,help me notify problems making a payment,PAYMENT,payment_issue
BILC,"I have an issue when trying to pay with card, how can I inform of it?",PAYMENT,payment_issue
BPSLCZ,"I want information, I ned help speaking with Customer Servgice, please",CONTACT,contact_customer_service
BILC,"I'm happy with the service, can I lodge an opinion?",FEEDBACK,review
BISL,what information can you tell me about getting a bill?,INVOICES,get_invoice
BIML,can i create more than one account with the same email address?,ACCOUNT,create_account
BI,can you find information about the status of my refund?,REFUNDS,track_refund
BIPLDW,could you ask an agent if I could inform of a fucking issue with my payment?,PAYMENT,payment_issue
BLC,"the event was cancelled, help me obtain a refund",REFUNDS,get_refund
BLC,"I don't have a profile, help me create one",ACCOUNT,create_account
BLC,"I'm not happy with the service, make a complaint",FEEDBACK,complaint
BM,"I want to get some invoices, tell me how to do it",INVOICES,get_invoice
BL,I want to view the status of my order,ORDER,track_order
BILC,"I have a problem paying, can you report it?",PAYMENT,payment_issue
BLCZ,"I have  a problem when trying to pay for my order, I need help reporting it",PAYMENT,payment_issue
BLQ,I want to cancel my account,ACCOUNT,delete_account
BMQ,i wanna know how I can get some invoices,INVOICES,get_invoice
BIPLDW,"could you ask an agent how to send an email to fucking Client Service, please?",CONTACT,contact_customer_service
BILZ,how can I track my purchase ?,ORDER,track_order
BLQ,I want to know if you have a newsletter to stay up-to-date,NEWSLETTER,newsletter_subscription
BILC,"I need a user account, how can I create one?",ACCOUNT,create_account
BLC,"I don't understand you, help me contact a person",CONTACT,contact_human_agent
BLZ,tell me what payment optins you accept,PAYMENT,check_payment_methods
BILC,"I want to recover my account password, how can I do it?",ACCOUNT,recover_password
BSLQ,I need help removing my online account,ACCOUNT,delete_account
BLC,"I need information, speak with Customer Support",CONTACT,contact_customer_service
BPLQC,"i got an error message when i tried to make a payment, but my card was charged anyway and i want to inform of it, please",PAYMENT,payment_issue
BILQ,how do I delete my user account?,ACCOUNT,delete_account
BILQC,"I want to track my reimbursement, what do I have to do?",REFUNDS,track_refund
B,I want to know if I can track my order,ORDER,track_order
BIPMLQDZ,"please , can u ask an agent how i can notify issues paying?",PAYMENT,payment_issue
BILC,"I don't understand you, what do I have to do to talk to a human agent?",CONTACT,contact_human_agent
BILQC,"I want to cancel my profile, how can I do it?",ACCOUNT,delete_account
BLQZ,I want to know what the mail address to  contact Customer Service is,CONTACT,contact_customer_service
BLCZ,"I don't like th service, file a consumer complaint",FEEDBACK,complaint
BIPLD,"can you ask an agent if I could view their refund policy, please?",REFUNDS,check_refund_policy
BLQZ,i want to inform of an isuse with my payment,PAYMENT,payment_issue
BIL,can you tell me how I can know where my package is?,ORDER,track_order
BILQC,"my profile was hacked, how do i recover it?",ACCOUNT,recover_password
BLC,I have a problem making a payment with card and I want to report it,PAYMENT,payment_issue
BILC,"I have no account, can you register?",ACCOUNT,create_account
BL,i want to solve an issue paying,PAYMENT,payment_issue
BLQ,i want to know what the mail address to contact customer service is,CONTACT,contact_customer_service
BILC,"I got an error message when I attempted to pay, but I was charged anyway, can you report it?",PAYMENT,payment_issue
BSLQC,"i want information, i need help speaking with customer support",CONTACT,contact_customer_service
BL,where to leave a comment for a service,FEEDBACK,review
BILC,"I have a problem when trying to pay, can I report it?",PAYMENT,payment_issue
BILQC,"i wanna lodge a consumer complaint, what do i have to do?",FEEDBACK,complaint
BL,my profile's been hacked,ACCOUNT,recover_password
BILQC,"I want information, what do I have to do to call Customer Service?",CONTACT,contact_customer_service
BIL,can you tell me where I can see a bill?,INVOICES,get_invoice
BIL,"I want to download an invoice, can you tell me where to do it?",INVOICES,get_invoice
BPLE,"please, i want to know if there is a newsletter I could receive",NEWSLETTER,newsletter_subscription
BILCZ,"I don't have an online account, how do I create one ?",ACCOUNT,create_account
BILDZ,can youy ask an agent how I can see an invoice?,INVOICES,get_invoice
BLZ,help me donwload a bil,INVOICES,get_invoice
BL,where to view the status of my purchase,ORDER,track_order
BILC,"the event was cancelled, how do I obtain a refund?",REFUNDS,get_refund
BMLQ,I want to know if I can track my packages,ORDER,track_order
BILQC,"I get an error message when I attempt to pay, what can I do?",PAYMENT,payment_issue
BIPLQC,"i forgot my password, could u retrieve it, please?",ACCOUNT,recover_password
B,I want to know where I can get an invoice,INVOICES,get_invoice
BILQC,"i havent got an online account, what should i do?",ACCOUNT,create_account
BIPLQD,"please, can u ask an agent what the phone number of customer support is?",CONTACT,contact_customer_service
BLQC,"i dont want my account, help me close it",ACCOUNT,delete_account
BLQC,"I got an error when I tried to make a payment, but I was charged anyway, I need help reporting it",PAYMENT,payment_issue
BLQC,"I have an issue paying for my online order, notify it",PAYMENT,payment_issue
BIL,can you give me information about the mail address of the Client Service?,CONTACT,contact_customer_service
BPLDZ,"ask an agent if i could reset y account password, please",ACCOUNT,recover_password
B,tell me if i can change my order,ORDER,change_order
BILC,"I want an account, can you open one?",ACCOUNT,create_account
BIL,"I want to see a bill, can you tell me how to do it?",INVOICES,get_invoice
BLQ,I want to view the options for delivery,DELIVERY,delivery_options
BIL,can you give me information about the mail address of the Customer Service?,CONTACT,contact_customer_service
BILC,"my online account's been hacked, what do I have to do?",ACCOUNT,recover_password
BILQ,where do I report an issue making a payment?,PAYMENT,payment_issue
BSLQC,"ive got no profile, i need help creating one",ACCOUNT,create_account
BIPLQD,could u ask an agent how to switch to another online account?,ACCOUNT,switch_account
BIL,can you tell me about the ticket delivery options?,DELIVERY,delivery_options
BS,I need help leaving a review for a service,FEEDBACK,review
BIMSLQD,can you ask an agent for information about seeing some bills?,INVOICES,get_invoice
BILQDZ,can u ask an agent where I can ese aninvoice?,INVOICES,get_invoice
BILC,"I have an issue when trying to pay with card, can you notify it?",PAYMENT,payment_issue
BILQC,"I got an error message when I tried to make a payment, but I was charged anyway, what can I do to inform of it?",PAYMENT,payment_issue
BPLWCZ,"the show was cancelled and I'd like to obain a fucking reimbursement, please",REFUNDS,get_refund
BSLQC,"I ordered a product, I need help modifying my purchase",ORDER,change_order
BIL,can you tell me where I can check my delivery?,ORDER,track_order
BIQ,can I register several accounts with the same email?,ACCOUNT,create_account
BLC,I have an issue when trying to pay and I want to notify it,PAYMENT,payment_issue
BIL,can you provide information about my bills?,INVOICES,check_invoices
BILQD,can u ask an agent how i can receive a reimbursement?,REFUNDS,get_refund
BILC,"I don't want my profile, how can I close it?",ACCOUNT,delete_account
BIL,can you tell me how to see a bill?,INVOICES,get_invoice
BIL,how can I update my shipping address?,SHIPPING,change_shipping_address
BILQC,"i have a question, can u speak with client service?",CONTACT,contact_customer_service
BIPQDZ,could u ask an agent what the hours of Customer Serviceare?,CONTACT,contact_customer_service
BILQC,"i want to obtain a refund, can u help me?",REFUNDS,get_refund
BILC,"i purchased an item, what can i do to modify my purchase?",ORDER,change_order
BILC,"you're not helping, can you contact a human?",CONTACT,contact_human_agent
BMLZ,tell me how I  can track my packafes,ORDER,track_order
BILQCZ,"i need an online account, can u create one ?",ACCOUNT,create_account
BIM,how can i check my invoice?,INVOICES,check_invoices
BILQ,can I send an email to Customer Support?,CONTACT,contact_customer_service
BIQC,"I want to delete my account, where can I do it?",ACCOUNT,delete_account
BILQDZ,can u ask an agent if i can view their payment options ?,PAYMENT,check_payment_methods
BIL,how can I cancel a purchase?,ORDER,cancel_order
BILQC,"I have an issue when trying to pay with card, how can I notify it?",PAYMENT,payment_issue
BSLC,"someone stole my account password, i need help retrieving it",ACCOUNT,recover_password
BML,tell me how I can check my shipments,ORDER,track_order
BL,tell me how I can download a bill,INVOICES,get_invoice
BILQC,"I got an error message when I attempted to make a payment, but I was charged anyway, what do I have to do to notify it?",PAYMENT,payment_issue
BLDZ,ask an agent how to report an issue  poaying,PAYMENT,payment_issue
BILCZ,"I don't uderstand you, what do I have to do to talk to a human?",CONTACT,contact_human_agent
BLC,"I don't want my online account, help me delete it",ACCOUNT,delete_account
BILC,"i have a problem paying, what can i do to inform of it?",PAYMENT,payment_issue
BILQC,"I changed my mind, how can I close my online account?",ACCOUNT,delete_account
BLQC,"i got an error when i attempted to make a payment, but my card was charged anyway, help me notify it",PAYMENT,payment_issue
BILC,"i get an error message when i attempt to make a payment, what can i do?",PAYMENT,payment_issue
BMLQ,I want to know if i can check my orders,ORDER,track_order
BIPMSLQWCZ,"i can't find my fucking invooice, could y view it, please?",INVOICES,check_invoices
BLC,"I haven't got an online account, help me open one",ACCOUNT,create_account
BILC,"I'm happy with the service, what should I do to lodge a comment?",FEEDBACK,review
BILC,"an error message pops when I try to pay with card, can you help me?",PAYMENT,payment_issue
B,help me track my refund,REFUNDS,track_refund
BLQDW,ask an agent to report a fucking issue making a payment,PAYMENT,payment_issue
BILQ,can you tell me if i can register several profiles with the same email?,ACCOUNT,create_account
BIPLD,"can you ask an agent if I can inform of a problem with my payment, please?",PAYMENT,payment_issue
BIPQWC,"I want to recover my fucking password, how could I do it?",ACCOUNT,recover_password
BIPM,"could you tell me how fast i can expect my tickets to arrive, please?",DELIVERY,delivery_period
BILCZ,"i have a pfoblem paying with card, how do i notify it?",PAYMENT,payment_issue
BIPDW,could you ask an agent to send me a fucking invoice?,INVOICES,get_invoice
BILQ,where do I check your reimbursement policy?,REFUNDS,check_refund_policy
BILC,"I have an issue when trying to make a payment with card, what do I have to do to report it?",PAYMENT,payment_issue
BPLEC,"I cannot understand you and I would like to talk to a human agent, please",CONTACT,contact_human_agent
BML,help me inform of issues making a payment,PAYMENT,payment_issue
BLQ,i want to speak with a person,CONTACT,contact_human_agent
BIPW,where could i report a fucking issue with my payment?,PAYMENT,payment_issue
BL,help me talk to Customer Service,CONTACT,contact_customer_service
BLQC,"i have an issue when trying to pay with card, i need help notifying it",PAYMENT,payment_issue
BSLQ,I want to request information about modifying my order,ORDER,change_order
BLCZ,"I can't  understand you, speak with a person",CONTACT,contact_human_agent
BS,I need help changing my order,ORDER,change_order
BLC,"you aren't helping, help me talk to someone",CONTACT,contact_human_agent
BMLQC,"I want to check my packages, tell me how to do it",ORDER,track_order
BLC,"someone stole my password, help me reset it",ACCOUNT,recover_password
BLD,ask an agent how I can track my delivery,ORDER,track_order
BIML,can you tell me how I can get some bills?,INVOICES,get_invoice
BIMSLQC,"I didn't receive my bill, what can I do to view it?",INVOICES,check_invoices
BLD,ask an agent how to request a reimbursement,REFUNDS,get_refund
BLC,"you aren't helping, help me speak with a human agent",CONTACT,contact_human_agent
BIML,can I register more than one account with a single email address?,ACCOUNT,create_account
BLZ,where to viewmy invoices,INVOICES,check_invoices
BILCZ,"I can't understand you, what should I do to talk tl a person?",CONTACT,contact_human_agent
BILC,"I want to report an issue making a payment, what do I have to do?",PAYMENT,payment_issue
BIL,how do I close my user account?,ACCOUNT,delete_account
BIPLC,"i changed my mind, how could i close my account?",ACCOUNT,delete_account
BML,show me my bill,INVOICES,check_invoices
BLC,i have a problem making a payment and i want to report it,PAYMENT,payment_issue
BILQC,"i get an error message when i attempt to make a payment for my order, what do i have to do?",PAYMENT,payment_issue
BLQ,an error pops when I attempt to make a payment for my order,PAYMENT,payment_issue
BL,tell me where I can modify my purchase,ORDER,change_order
BML,help me obtain some bills,INVOICES,get_invoice
BSLQ,I wanna get information about requesting a bill,INVOICES,get_invoice
BL,I don't know anything about your money back policy,REFUNDS,check_refund_policy
BIC,"i want to create an account, what do i have to do?",ACCOUNT,create_account
BILQ,can i make a payment with Amex?,PAYMENT,check_payment_methods
BILQ,can i solve a problem making a payment?,PAYMENT,payment_issue
BILC,"I got no payment validation, what do I have to do?",PAYMENT,payment_issue
BMS,I need help reporting issues with my payment,PAYMENT,payment_issue
BLQC,I ordered something and I want to modify my purchase,ORDER,change_order
BLZ,I get a error message when I try to pay for my online order,PAYMENT,payment_issue
BILQC,"i changed my mind, what can i do to cancel my account?",ACCOUNT,delete_account
BILC,"I want to view the status of my refund, what should I do?",REFUNDS,track_refund
BIPLD,could you ask an agent where I can see their payment options?,PAYMENT,check_payment_methods
BILQC,"I changed my mind, how can I cancel my account?",ACCOUNT,delete_account
BILC,"I'm happy with the service, how can I make a comment?",FEEDBACK,review
B,I want an account,ACCOUNT,create_account
BMLQ,i want to know how to obtain some invoices,INVOICES,get_invoice
BILCZ,"I have a problemwhen trying to pay with card, can you inform of it?",PAYMENT,payment_issue
BIL,how do I check the status of my reimbursement?,REFUNDS,track_refund
BILQD,can u ask an agent where i can report an issue making a payment?,PAYMENT,payment_issue
BILQD,can u ask an agent where i can view the ticket delivery options?,DELIVERY,delivery_options
BL,help me close my user account,ACCOUNT,delete_account
BILC,"I can't understand you, what do I have to do to contact someone?",CONTACT,contact_human_agent
BLQD,ask an agent where i can report a problem with my payment,PAYMENT,payment_issue
BLD,ask an agent if i can view the options for delivery,DELIVERY,delivery_options
BILC,"I don't want my profile, can you delete it?",ACCOUNT,delete_account
BLEQC,"u are not helping, help me speak with someone",CONTACT,contact_human_agent
BILC,"I get an error message when I try to pay for my order, can you help me?",PAYMENT,payment_issue
BSQC,"i changed my mind, i need help deleting my account",ACCOUNT,delete_account
BI,can you tell me about your refund policy?,REFUNDS,check_refund_policy
BIL,where do I report a payment problem?,PAYMENT,payment_issue
BMLQ,i wanna know if I can obtain some invoices,INVOICES,get_invoice
BIPQDC,"i made a mistake, could you ask an agent to change my order?",ORDER,change_order
BL,where to see the status of my reimbursement,REFUNDS,track_refund
BLQC,I have a problem when trying to make a payment with card and I want to inform of it,PAYMENT,payment_issue
BLQ,i need information about the email to contact Customer Service,CONTACT,contact_customer_service
BILC,"i have a problem making a payment, what do i have to do?",PAYMENT,payment_issue
BILQC,"i got an error when i attempted to make a payment, but i was charged anyway, what do i have to do?",PAYMENT,payment_issue
BILC,"I have a problem paying, can you help me?",PAYMENT,payment_issue
BSL,I need help obtaining a bill,INVOICES,get_invoice
BQC,"I have an issue paying for my order, report it",PAYMENT,payment_issue
BIPQW,"please, could u show me information about the fucking delivery period for my ticket?",DELIVERY,delivery_period
BLC,i need information and i want to contact client service,CONTACT,contact_customer_service
BMLQZ,i wanna knwo if i can create more than one account with the same email address,ACCOUNT,create_account
BLC,I don't want my user account and I want to delete it,ACCOUNT,delete_account
BILC,"I have a problem when trying to pay, what can I do?",PAYMENT,payment_issue
BILQC,"i wanna use my other profile, what should i do to change them?",ACCOUNT,switch_account
BISC,"i lost my invoices, what can i do to check them?",INVOICES,check_invoices
BIL,what are the hours of Customer Support?,CONTACT,contact_customer_service
BILQC,"i cant understand you, can i speak with a human?",CONTACT,contact_human_agent
BIPQDZ,"please, can u ask an aget where i can dselete my account?",ACCOUNT,delete_account
BILC,"the show was postponed, how do i request a reimbursement?",REFUNDS,get_refund
BLQC,I need information and I want to talk to Customer Service,CONTACT,contact_customer_service
BILC,"I lost my account password, how do I reset it?",ACCOUNT,recover_password
BLQC,"I got an error when I attempted to make a payment, but my card was charged anyway, help me notify it",PAYMENT,payment_issue
BILQC,"I want information, what can I do to send an email to Customer Support?",CONTACT,contact_customer_service
BILQ,where can i check the status of my reimbursement?,REFUNDS,track_refund
BILQC,"I got an error when I tried to pay, but I was charged anyway, what do I have to do to notify it?",PAYMENT,payment_issue
BLD,ask an agent to check my shipment,ORDER,track_order
BIQC,"I want information, what do I have to do to contact Customer Service?",CONTACT,contact_customer_service
BLCZ,"I don't like the service , help me lodge a consumer complaint",FEEDBACK,complaint
BIPML,could you tell me if I could register more than one online account with the same email?,ACCOUNT,create_account
BIL,can you tell me where I can modify my order?,ORDER,change_order
BL,tell me where to request an invoice,INVOICES,get_invoice
BIZ,can you telo me where to get an invoice?,INVOICES,get_invoice
BL,i want to see the email to contact client service,CONTACT,contact_customer_service
BILC,"I have a problem when trying to pay with card, can you notify it?",PAYMENT,payment_issue
BIPL,"please, could you tell me if i could create two profiles with a single email address?",ACCOUNT,create_account
BIC,"I lost my password, what should I do to recover it?",ACCOUNT,recover_password
BL,how to notify a problem making a payment,PAYMENT,payment_issue
BILQCZ,"i want to checkl my bills, can u help me?",INVOICES,check_invoices
BLD,ask an agent where i can write an opinion,FEEDBACK,review
BLC,I don't have a profile and I want to create one,ACCOUNT,create_account
BML,tell me how to check my orders,ORDER,track_order
BIQZ,can you tell me if there's a newsletter I can subscribe to ?,NEWSLETTER,newsletter_subscription
BL,tell me where I can get a bill,INVOICES,get_invoice
BIMSL,what information do you have about downloading some bills?,INVOICES,get_invoice
BILC,"I don't have an account, how do I open one?",ACCOUNT,create_account
