utterance,category
i want to know where to modify my purchase,ORDER
can u ask an agent for information about seeing an invoice?,INVOICES
tell me if I can have more than one user account,ACCOUNT
"I want to obtain an invoice, tell me where to do it",INVOICES
"i want to make a review, what do i have to do?",FEEDBACK
"I want to track my order, can you help me?",ORDER
"I changed my mind, what can I do to cancel my user account?",ACCOUNT
"I want to view my invoice, what can I do?",INVOICES
I need help checking the status of my order,ORDER
tell me if I can create more than one account with the same email,ACCOUNT
how to call Customer Support,CONTACT
I ant to notify problems making a payment,PAYMENT
is it possible to request an invoice?,INVOICES
tell me where I can request an invoice,INVOICES
"I'm discontent with the service, what do I have to do to lodge a consumer complaint?",FEEDBACK
I wanna check my package,ORDER
I had a issue creating a profile,ACCOUNT
"I don't have a shipping address, how can I set it up?",SHIPPING
"please, can u ask an agent if i can solve a problem with my payment?",PAYMENT
ask an agent how to inform of an issue with my payment,PAYMENT
"the event was postponed, what should i do to get a refund?",REFUNDS
how to see the cancellation penalty,CANCELLATION_FEE
"can u ask an agent how to see my invoices, please?",INVOICES
"the event was postponed, help me request a reimbursement",REFUNDS
"I didn't receive my bills, help me check them",INVOICES
"please, can you ask an agent where I can update my shipping address?",SHIPPING
ask an agent where to remove my user account,ACCOUNT
"I have an issue paying, can you niform of it?",PAYMENT
can you ask an agent where to check my package?,ORDER
"an error pops when I try to make a payment with card, what do I have to do?",PAYMENT
where to delete my account,ACCOUNT
what's the phone number to contact Customer Service?,CONTACT
"I can't find my bill, what should I do to check it?",INVOICES
sak an agent how to check my bill,INVOICES
an error pops when I try to make a payment for my online order,PAYMENT
can you tell me what the mail address of the Client Service is?,CONTACT
"I lost my bill, how do I see it?",INVOICES
"I don't want my online account, can I close it?",ACCOUNT
can u ask an agent if i could write a comment?,FEEDBACK
"please, do you mind asking an agent if my orders are on theit awy?",ORDER
"I want to download some invoices, tell me how to do it",INVOICES
"I'd like a user account, open one",ACCOUNT
"I have a problem paying for my online order, inform of it",PAYMENT
"my profile was hacked, get it back",ACCOUNT
"I want to check your payment options, what should I do?",PAYMENT
tell me if I can create several online accounts with the same email,ACCOUNT
"i can't find my fucking bills, help me check them",INVOICES
is their any human available?,CONTACT
"I want to register, what can I do?",ACCOUNT
"I do not understand you and I would like to contact fucking someone, please",CONTACT
I need information about the delivery period for my ticket,DELIVERY
"I got an error message when I tried to pay, but my card was charged anyway, report it",PAYMENT
I want to download some invoices,INVOICES
"I got a error message when I attempted to pay, but my card was charged anyway and I want to inform of it",PAYMENT
"i cant understand you, cotact a human",CONTACT
how do I report a problem making a payment?,PAYMENT
"I don't understand you, what should I do to talk to a human agent?",CONTACT
"the event was cancelled, what should I do?",REFUNDS
tell me what the phone no of Customer Service is,CONTACT
"please, could you tell me the free phone number of customer service?",CONTACT
"I haven't got an online account, what do I have to do to open one?",ACCOUNT
"I have an issue making a payment with card, can you notify it?",PAYMENT
"I want to check my package, can you tell me how I can do it?",ORDER
"i want to know if i could register two fucking accounts with the same email, please",ACCOUNT
"I lost my password, reset it",ACCOUNT
"I have a problem when trying to pay for my online order, can you report it?",PAYMENT
can you tell me what the mail address to contact Client Service is?,CONTACT
can u ask an agent were to view their refund policy?,REFUNDS
I ordered something and Id like to change my order,ORDER
"can you ask an agent what the phone number of Customer Service is, please?",CONTACT
can you tello me if I can obtain some bills?,INVOICES
"I have no profile , I need help creating one",ACCOUNT
"I can't understand you, what can I do to contact a human agent?",CONTACT
tell me what the free no to contact Customer Support is,CONTACT
is there a free number to contact Client Service?,CONTACT
"i have an issue making a payment with card, can u inform of it?",PAYMENT
"I don't want my account, help me close it",ACCOUNT
"i would like to check my order, could you tell me where I can do it, please?",ORDER
"please, could u ask an agent where i can view their fucking payment methods ?",PAYMENT
someone stole my password and I want to recover it,ACCOUNT
"the show was cancelled, how can I get a refund?",REFUNDS
"I changed my mind, how do I cancel my account?",ACCOUNT
"I want to download an invoice, tell me where to do it",INVOICES
can u ask an agent where i can check the ticket delivery options?,DELIVERY
"I would like to track my orders, tell me how I can do it, please",ORDER
what's the email address of Customer Service?,CONTACT
I want to see the number of Client Service,CONTACT
can you tell me the free number to contact Customer Service?,CONTACT
"I got an error when I attempted to make a payment, but I was charged anyway, what can I do to report it?",PAYMENT
i want to inform of a payment problem,PAYMENT
could you ask an agent how to report problems with my payment?,PAYMENT
"could u ask an agent if i could inform of payment issues, please?",PAYMENT
do I get a full refund if I cancel my tickets?,REFUNDS
"I don't want my account, can you delete it?",ACCOUNT
how can I speak with a person?,CONTACT
ask an agent where i can check the options for ticket delivery,DELIVERY
"the game was postponed, help me get a reimbursement",REFUNDS
"I got an error when I tried to pay, but my card was charged anyway and I want to notify it",PAYMENT
"I want to solve a problem with my payment, what do I have to do?",PAYMENT
"please, ask an agent how I could notify issues making a payment",PAYMENT
"I can't remember my password, what can I do to recover it?",ACCOUNT
i need help seeing a bill,INVOICES
"I can't find my invoices, can you check them?",INVOICES
"I have an issue making a payment with card, help me notify it",PAYMENT
"I want to change my order, can you tell me how I can do it?",ORDER
how to view the cancellation penalties,CANCELLATION_FEE
"I haven't got a user account, I need help creating one",ACCOUNT
how can I inform of issues with my payment?,PAYMENT
"I want to view your money back policy, what can I do?",REFUNDS
"I don't understand you, can you contact a person?",CONTACT
could u ask an agent for information about obtaining some fucking bills?,INVOICES
I ordered a product and i wanna change my purchase,ORDER
"i dont like the service, what do i have to do to lodge a consumer complaint?",FEEDBACK
I'm having issues when trying to create a profile,ACCOUNT
"an error message pops when I try to pay, what can I do?",PAYMENT
"I'm discontent with the service, how do I submit a consumer complaint?",FEEDBACK
i want to report a problem paying,PAYMENT
i dont want my online account and i wanna close it,ACCOUNT
i wanna see the phone number to contact customer support,CONTACT
"I want to ifle a comment , what can I do?",FEEDBACK
"I have an issue paying, I need help informing of it",PAYMENT
"I'm not happy with the service, can I make a consumer complaint?",FEEDBACK
"I have a problem paying with card, can you help me?",PAYMENT
"I ordered an item, can I modify my order?",ORDER
"can you tell me what the phone number of Customer Service is, please?",CONTACT
I want to know how I can see a bill,INVOICES
i have a question and i want to talk to client service,CONTACT
"i am happy with the service, what should i do to lodge a reiew?",FEEDBACK
"the game was postponed, could i obtain a fucking reimbursement, please?",REFUNDS
tell me if I can own more than one online account,ACCOUNT
can you tell me how to track my order?,ORDER
"I want information, what should I do to call Client Service?",CONTACT
can you tell me if I can create more than one account with a single email?,ACCOUNT
"can u ask an agent if theres a newsletter i can receive, please?",NEWSLETTER
"I got an error message when I tried to pay, but I was charged anyway, how do I notify it?",PAYMENT
"the concert was postponed, how could I obtain a reimbursement?",REFUNDS
can u ask an agent to recover my password?,ACCOUNT
I want to know how I can track my shipments,ORDER
"i dont have an online account, what do i have to do to open one?",ACCOUNT
"my shipping address has changed, hat can Ido?",SHIPPING
"i want to use my otheraccount, what should i do to switch them?",ACCOUNT
"I got an error message when I tried to make a payment, but I was charged anyway, what do I have to do?",PAYMENT
telll me if i can check my fucking shipment,ORDER
cxould you tell me if i can have several online accounts?,ACCOUNT
ask an agent to notify a problem making a payment,PAYMENT
"I made a mistake, can u ask an agent to change my purchase?",ORDER
"I want to see some invoices, can you show me some information?",INVOICES
"I don't have an account, what can I do to register?",ACCOUNT
"I have no user account, how do I register ?",ACCOUNT
help me check my bill,INVOICES
tell me where to modify my purchase,ORDER
can I cancel an order?,ORDER
can I see the options for delivery?,DELIVERY
"I got an error message when I attempted to make a payment, but my card was charged anyway, help me inform of it",PAYMENT
"I lost my bills , help me check them",INVOICES
"could u ask an agent how i could inform of fucking problems making a payment, please?",PAYMENT
can you tell me how I can obtain a bill?,INVOICES
"I forgot my account passsord, can you retrieve it?",ACCOUNT
tell me how I can get some bills,INVOICES
ask an agent where to leae a comment,FEEDBACK
"could you tell me if i could register several fucking profiles with the saem email, please?",ACCOUNT
where do i lodge a complaint for a service?,FEEDBACK
"an error pops when I try to make an payment for my order, what should I do?",PAYMENT
"my user account's been hacked, how can I get it back?",ACCOUNT
I want to know if I can register more than one user account with a single email,ACCOUNT
how to modify the information on my proflie,ACCOUNT
"the shw was cancelled, how do i get a refund ?",REFUNDS
"i have an issue when trying to pay for my order, what can i do?",PAYMENT
I have an issue when trying to pay for my online order and I want to notify it,PAYMENT
where to view the cancellation fees,CANCELLATION_FEE
"i want an user account, can u help me?",ACCOUNT
"I want a refund, helpme request one",REFUNDS
"I have an issue making a payment, what should I do to notify it?",PAYMENT
"I bought an item, what do I have to do to change my order?",ORDER
"tell me if I could register several fucking profiles with the same email address, please",ACCOUNT
"I changed my mind, can you close my online account?",ACCOUNT
can you tell me what the email address of client service is?,CONTACT
how do I solve problems making a payment?,PAYMENT
"I want to make an opinion for a service, what can I do ?",FEEDBACK
i want to ask for information about changing my order,ORDER
"i have an issue when trying to pay with card, what can i do?",PAYMENT
can u ask an agent what the mail to contact customer support is?,CONTACT
"I want to receive the newsletter, can you show me some information?",NEWSLETTER
show me the delivery period for my ticket,DELIVERY
"I can't find my bills, what can I do to view them?",INVOICES
"I get an error message when I attempt to make a payment, what should I do?",PAYMENT
can oyuy tell me if i can register more than one online account with the same email address?,ACCOUNT
where to view your payment options,PAYMENT
"I have a question, how do I send an email to Client Service?",CONTACT
"I haven't got an online account, can I open one?",ACCOUNT
"I have a problem when trying to make a payment with card, inform of it",PAYMENT
I want to know if there is any human agent available,CONTACT
"I'm not happy with the service, how can I lodge a consumer complaint?",FEEDBACK
"I can't understand you, talk to a human agent",CONTACT
"I have a problem paying for my order, I need help informing of it",PAYMENT
"I don't like the service, help me file a complaint",FEEDBACK
"I don't have an account, how can I create one?",ACCOUNT
"I want information, what can I do to talk to Customer Service?",CONTACT
"i lost my password, help me reset it, please",ACCOUNT
"i wanna view the options for ticket delivery, what do i have to do?",DELIVERY
"i didn't receive my invoices, i need help seeing them",INVOICES
"an error message pops when I try to make a payment with card, what do I have to do?",PAYMENT
"I need a user account, help me open one",ACCOUNT
"I want to see the ticket delivery options, what can I do?",DELIVERY
I need help seeing your refund policy,REFUNDS
There's an issue with the registration,ACCOUNT
"I have an issue paying with card, can I notify it?",PAYMENT
"I've got no profile, what do I have to do to create one?",ACCOUNT
"I get an error when I attempt to pay for my online order, can you help me?",PAYMENT
could you tell me if I can regitser more than one fucking account with the same email address?,ACCOUNT
"I need information, can I send an email to Customer Service?",CONTACT
"could you ask an agent if I can inform of a payment problem, please?",PAYMENT
"i have an issue when trying to pay for my order, what can i do to inform of it?",PAYMENT
i want information about your refund policy,REFUNDS
"I want to obtain a bill, tell me how to do it",INVOICES
"I have a problem making a payment with card, how do I report it?",PAYMENT
can u ask an agent how I can track myt orders?,ORDER
can you tell me where I can check my shipments?,ORDER
how do i notify problems making a payment?,PAYMENT
"I can't understand you, help me talk to someone",CONTACT
"an error pops when I attempt to make a payment, can you help me?",PAYMENT
ask an agent how I can know where my delivery is,ORDER
"I got an error when I tried to make a payment, but my card was charged anyway, I need help notifying it, please",PAYMENT
"could you ask an agent how I can modify my profile, please?",ACCOUNT
"the show was cancelled, what can i do to obtain a reimbursement?",REFUNDS
"i dont like the service, i need help making a consumer complaint, please",FEEDBACK
"I have an issue making a paymet, what do I have to do?",PAYMENT
"an error pops when I attempt to make a payment for my online order, can you help me?",PAYMENT
"i need information, can i talk to customer service?",CONTACT
can you tell me how I can see some bills?,INVOICES
i want to know if i can create more than one profile with a single email,ACCOUNT
"I have no account, what should I do to register?",ACCOUNT
how to receive the newsletter,NEWSLETTER
"I bought something, what do I have to do to modify my order?",ORDER
"i dont like the service, what should i do to file a complaint?",FEEDBACK
"I didn't receive my invoices, what do I have to do to view them?",INVOICES
where do I close my user account?,ACCOUNT
"I need information, what should I do to talk to Customer Service?",CONTACT
how can I track my shipments?,ORDER
"an error pops when i attempt to make a payment for my online order, what can i do?",PAYMENT
"I have a problem making a payment, what should I do?",PAYMENT
acn I talk to Customer Support?,CONTACT
I want to know if I can create two user accounts with a single email address,ACCOUNT
can you tell me where I can download a bill?,INVOICES
"I forgot my account password, what do I have to do to reset it?",ACCOUNT
I need help deleting my account,ACCOUNT
tell me how I can know where my shipments are,ORDER
"i want information, can i talk to customer service?",CONTACT
"I don't understand you, can you contact a human?",CONTACT
"I can't find my bills, what can I do to see them?",INVOICES
"I have an issue paying for my order, what should I do to inform of it?",PAYMENT
"someone stole my password and I'd like to retrieve it, please",ACCOUNT
ask an agent where to view their reimbursement policy,REFUNDS
"I bought an item, what should I do to modify my order?",ORDER
"I want to file an opinion for a service, can you help me?",FEEDBACK
"i get an error when i try to make a payment with card, what should i do?",PAYMENT
help me check the options for ticket delivery,DELIVERY
"I want a reimbursement, how can I obtain one?",REFUNDS
"I'm discontent with the service, submit a complaint",FEEDBACK
"I want information, how do I call Client Service?",CONTACT
can you tell me how I can see an invoice?,INVOICES
"ask an agent where to report issues paying, please",PAYMENT
"i wanna get a refund, what do i have to do?",REFUNDS
"I can't understand you, can I contact someone?",CONTACT
I'm having a problem when trying to create a profile,ACCOUNT
I want to know something about getting some invoices,INVOICES
"I have a problem paying with card, I need help notifying it",PAYMENT
I wanna see an bill,INVOICES
what's the mail address to contact Client Service?,CONTACT
how can I modify the information on my profile?,ACCOUNT
"I want to make an opinion, what can I do?",FEEDBACK
the game was postponed and i wanna get a reimbursement,REFUNDS
can u ask an agent how i can check their reimbursement policy?,REFUNDS
"I have an issue when trying to pay for my order, what should I do to inform of it?",PAYMENT
i wanna know if i can craete several accounts with a single email,ACCOUNT
are my packages on their way?,ORDER
can you tell me if I can pay with Master Card?,PAYMENT
"someone stole my password, how do I retrieve it?",ACCOUNT
"I have a problem when trying to pay for my online order, how do I report it?",PAYMENT
I want to ask for information about obtaining an invoice,INVOICES
"I have an issue making a payment, how can I inform of it?",PAYMENT
"I want to use my other online account, how can I switch them ?",ACCOUNT
ask an agent to report problems making a payment,PAYMENT
"i wanna view your money back guarantee, can u help me?",REFUNDS
where do I check yolur money back guarantee?,REFUNDS
"I ordered an item, what do I have to do to modify my purchase?",ORDER
can you show me the email of the Customer Service?,CONTACT
can you give me information about the cancellation fee?,CANCELLATION_FEE
can u show me information about the email address to contact Customer Support?,CONTACT
"i dont like the service, what should i do to make a complaint?",FEEDBACK
"I wanna obtain some invoices, can you give me some information?",INVOICES
"i want to view your payment methods, can u help me?",PAYMENT
can u ask an agent where to inform of problems making a payment?,PAYMENT
can u ask an agent for information about the cancellation fee?,CANCELLATION_FEE
help me notify payment issues,PAYMENT
"I purchased a product, help me change my order",ORDER
can u ask an agent to notify a fucking problem with my payment ?,PAYMENT
"please, could u ask an agent where I can modify my purchase?",ORDER
I had problems while creating a profile,ACCOUNT
I get an error message when I attempt to make a payment with card,PAYMENT
where can I notify a problem paying?,PAYMENT
"I haven't got an online acount, help me register",ACCOUNT
I want to know if I can check my deliveries,ORDER
"I want information, I need help talking to Client Service",CONTACT
"i want to know if i could have several user accounts, please",ACCOUNT
"I lost my invoice, what do I have to do to check it?",INVOICES
"i have a problem paying for my order, how do i notify it?",PAYMENT
can u ask an agent where to modify my order?,ORDER
"i want to remove my fucking profile, how can i do it?",ACCOUNT
I didn't receive my bill and I want to check it,INVOICES
"please, could you ask angaent how I can receive a refund?",REFUNDS
"I got an error message when I attempted to make a payment, but I was charged anyway, I need help informing of it",PAYMENT
"I got an error when I attempted to pay, but my card was charged anyway, can I inform of it?",PAYMENT
"i bought an item, can I modify my purchase?",ORDER
"I don't have an online account, I need help opening one",ACCOUNT
"i have an issue when trying to make a payment, what can i do to inform of it?",PAYMENT
can you check my bills?,INVOICES
can I cancel a purchase?,ORDER
what are your payment options?,PAYMENT
can you tell me if you have a newsletter to keep me informed?,NEWSLETTER
"could you ask an agent where to inform of a fucking payment problem, please?",PAYMENT
ask an agent to file a complaint,FEEDBACK
I need help tracking my purchase,ORDER
"i got an error when i tried to make a payment, but my card was charged anyway, i need help reporting it",PAYMENT
can I check the status of my purchase?,ORDER
I ordered an item and I want to change my purchase,ORDER
"I don't like the service, I need help making a complaint",FEEDBACK
"i have an issue when trying to pay with card, how can i inform of it?",PAYMENT
"i have an issue paying for my online order, can u help me?",PAYMENT
can you obtain some bills?,INVOICES
"I changed my mind, how can I remove my user account?",ACCOUNT
"I want to file a complaint for a service, what should I do?",FEEDBACK
how do I modify my profile?,ACCOUNT
"I forgot my password, how can I recover it?",ACCOUNT
can I inform of a problem with my payment?,PAYMENT
"i want to request a bill, tell me were to do it",INVOICES
"i wanna submit a review for a service, what do i have to do?",FEEDBACK
where can I report issues paying?,PAYMENT
I want to make a order,ORDER
what information do you have about seeing some bills?,INVOICES
"i didn't reecive my invoices, what can i do to check them?",INVOICES
"I want to check your payment options, what do I have to do?",PAYMENT
"I didn't receive my invoice, can you check it?",INVOICES
can u ask an agent how i can inform of issues with my payment?,PAYMENT
I have a problem paying,PAYMENT
"I need an account, can I open one?",ACCOUNT
"please, ask an agent how i can see my invoices",INVOICES
"an error message pops when i attempt to pay for my online order, what should i do?",PAYMENT
"ask an agent where I could inform of payment problems, please",PAYMENT
ask an agent if I could modify my purchase,ORDER
"I didn't get a payment confirmation, can you help me?",PAYMENT
show me the number of Customer Service,CONTACT
"i wanna know if i can register more than one user account with the same email, please",ACCOUNT
"i dont want my rpofile, what can i do to cancel it?",ACCOUNT
"I got an error when I attempted to make a payment, but I was charged anyway, what should I do ?",PAYMENT
can you tell me how to download some invoices?,INVOICES
"I can't find my invoices , help me see them",INVOICES
information about the delivery period formy tickets,DELIVERY
"I got an error message when I tried to make a payment, but I was charged anyway, what should I do to notify it?",PAYMENT
could youask an agent what's the cancellation penalty?,CANCELLATION_FEE
"i need information, how do i speak with client service?",CONTACT
"I want to obtain some invoices, can you show me some information?",INVOICES
can you give me information about my invoice?,INVOICES
"I have an issue when trying to make a payment, help me report it",PAYMENT
"I want to view my invoice, hwat do I have to do?",INVOICES
"i got an error when i attempted to pay, but my card was charged anyway, what should i do to notify it?",PAYMENT
"please, could u ask an agent what your fucking payment options are?",PAYMENT
"the concert was cancelled, how can I obtain a reimbursement?",REFUNDS
can you ask an agent where to see a bill?,INVOICES
i want to know if i can register two online accounts with the same email,ACCOUNT
I don'r understand you and I'd like to contact a human agent,CONTACT
"i got an error when i tried to make a payment, but i was charged anyway, i need help informing of it",PAYMENT
"i cant understand you, what should i do to contact a human?",CONTACT
I have problems creating an account,ACCOUNT
"I have a question, can I talk to Customer Service?",CONTACT
"I have a problem when trying to pay for my order, can you inform of it, please?",PAYMENT
"I got an error when I tried to pay , but my card was charged anyway, how can I inform of it?",PAYMENT
"I want information, how can I call Client Service?",CONTACT
can you tell me if I can create more than one online account with the same email?,ACCOUNT
help me remove my user account,ACCOUNT
i bought a product and i wanna change my purchase,ORDER
I need information about the status of my purchase,ORDER
"you're not hepling , how can I speak with a human?",CONTACT
tell me wht the email address to contact Client Service is,CONTACT
"i havent got an online account, how do i create one?",ACCOUNT
I wanna know where to track my shipment,ORDER
I don't know anything about your rfund policy and I want information about it,REFUNDS
where do I check the ticket delivery options?,DELIVERY
i want to leave an opinion,FEEDBACK
can you tell me the nbumber of client service?,CONTACT
"please, can you ask an agent how to change my purchase?",ORDER
"I want tyo notify a problem paying, what should I do?",PAYMENT
"I want to view cancellation penalties, what can I do?",CANCELLATION_FEE
i want to see the email of client service,CONTACT
"I can't find my bill, what do I have to do to check it?",INVOICES
"i want to cancel a purchase, can u help me?",ORDER
"I purchased a product, how can I change my purchase?",ORDER
I need help switching to another profile,ACCOUNT
"help mew switch to another online account, please",ACCOUNT
"I can't remember my password, how do I reset it?",ACCOUNT
"you're not helping, speak with a human agent",CONTACT
can u ask an agent to inform of an issue with my payment?,PAYMENT
"i got an error when i tried to pay, but i was charged anyway, what can i do to notify it?",PAYMENT
"i get an error message when i attempt to pay with card, what should i do ?",PAYMENT
could you ask an agent how to see my fucking invoices?,INVOICES
could I remove my fucking profile?,ACCOUNT
acn you download a bill?,INVOICES
tell me if I can pay with Visa,PAYMENT
i want to contact customer support,CONTACT
"please, could you ask an agent how I can switch to another online account?",ACCOUNT
can I inform of a fucking issue with my payment?,PAYMENT
"I'm happy with the service, what should I do to submit an opinion?",FEEDBACK
"I have a question, what do I have to do to speak with Customer Support?",CONTACT
I have an issue paying for my order and I want to inform of it,PAYMENT
where to edit my shipping address,SHIPPING
"ask an agent to check their money back policy, please",REFUNDS
"I haven't got an online account, what should I do to create one?",ACCOUNT
"I have an issue when trying to make a payment with card, how do I notify it?",PAYMENT
"i got an error when i tried to pay, but my card was charged anyway and i wanna inform of it",PAYMENT
"I've got no account, register",ACCOUNT
"id like to submit a consumer complaint for a service, what do i have to do?",FEEDBACK
I get a error when I try to make an payment for my online order,PAYMENT
ask an agent how i can view the status of my refund,REFUNDS
where can i inform of an issue with my payment?,PAYMENT
"I got an error message whne I attempted to pay, but mh card was charged anyway, inform of it, please",PAYMENT
"my profile's been hacked, what can I do?",ACCOUNT
"I want a refund, can I get one?",REFUNDS
"the event was cancelled, what should I do to obtain a refund?",REFUNDS
"I have a question, how can I talk to Client Service?",CONTACT
could u ask an agent how to see my invoices?,INVOICES
"my account's been hacked, help me recover it",ACCOUNT
"I want to file an opinion, what can I do?",FEEDBACK
"please, ask an agent to check their payment options",PAYMENT
I want to know how to get some invoices,INVOICES
tell me where to track my shipments,ORDER
"I can't understand you, speak with someone",CONTACT
how to delete my account,ACCOUNT
how to track my deliveries,ORDER
I wanna ask for information about obtaining a bill,INVOICES
"I bought an item, I need help changing my purchase",ORDER
"ask an agent when I will get a reimbursement, please",REFUNDS
can you tell me if I can rceate more than one account with a single email address?,ACCOUNT
i cant remember my password and i want to recover it,ACCOUNT
I want to know something about requesting some invoices,INVOICES
where can I subscribe to the newsletter ?,NEWSLETTER
could u ask an agent how i could see my bill?,INVOICES
can u ask an agent where to cancel my profile?,ACCOUNT
"i dont understand you, can i contact a human agent?",CONTACT
help me open a user account,ACCOUNT
ask an agent if i can obtain a reimbursement,REFUNDS
"I want information, what can I do to contact Customer Support?",CONTACT
"I got an error when I tried to make a payment, but I was charged anyway, could you notify it?",PAYMENT
tell me if can register several accounts with the same email address,ACCOUNT
"someone stole my password, help me retrieve it",ACCOUNT
"I want information, I need help sending an email to Client Service",CONTACT
"I got an error when I tried to make a payment, but my card was charged anyway, can I report it?",PAYMENT
"i need a user account, can u open one?",ACCOUNT
"I want to use mmy other user account, how do I change them?",ACCOUNT
"I made a mistake, I need help modifying my order",ORDER
ask an agent if i can report payment problems,PAYMENT
"I have no user account, I need help pening one",ACCOUNT
where can i inform of issues making a payment?,PAYMENT
"i have a problem when trying to pay for my order, how do i notify it ?",PAYMENT
"the concert was postponed, can i obtain a refund?",REFUNDS
"i got an err when i tried to pay, but i was charged anyway, can i inform of it?",PAYMENT
"I don't want my account, can you remove it?",ACCOUNT
help me contact someone,CONTACT
"I want to reset my account password, can you help me?",ACCOUNT
where do I see the cancellation penalties?,CANCELLATION_FEE
"I've got no online account, I need help creating one",ACCOUNT
"I didn't receive my invoices, could you check them, please?",INVOICES
"I got an error when I tried to make a payment, but I was charged anyway, what can I do to report it?",PAYMENT
"I've got no online account, what do I have to doo to create one?",ACCOUNT
"please, could you tell me how to request an invoice?",INVOICES
"I wanna change my purchase, tell me how I can do it",ORDER
where toreport issues paying,PAYMENT
"I want to download some invoices, can you show me some information?",INVOICES
"I bought something and Id like to change my purchase, plezse",ORDER
I have a question and I want to call Customer Service,CONTACT
"I haven't got an account, open one",ACCOUNT
"i wanna view cancellation fees, what can i do?",CANCELLATION_FEE
"I can't find my bills, what do I have to do to check them?",INVOICES
can u ask an agent if i can change to another account?,ACCOUNT
"i got an error message when i attempted to make a payment, but my card was charged anyway, inform of it",PAYMENT
"I want to modify my purchase, can you show me some information?",ORDER
I found a problem while registering,ACCOUNT
"I changed my mind, how can I delete my profile?",ACCOUNT
I don't want my accvount and I want to close it,ACCOUNT
I have problems creating a profile,ACCOUNT
I need help reporting an issue paying,PAYMENT
"I got an error when I attempted to pay, but my card was charged anyway, what can I do?",PAYMENT
how do I view out reimbursement policy?,REFUNDS
"I want to use my other online account, I neerd help changing them",ACCOUNT
I lost my bill and I want to view it,INVOICES
"i got an error when i tried to pay, but i was charged anyway and i wanna inform of it",PAYMENT
what's the number to contact Client Service?,CONTACT
could u ask an agent to show me information about the fucking cancellation penalties?,CANCELLATION_FEE
could I view yoru payment options?,PAYMENT
can you tell me how I can know where my order is?,ORDER
"I purchased something, can I modify my order?",ORDER
"I got an error message when I tried to make a payment, but I was charged anyway, can I notify it?",PAYMENT
where to report problems paying,PAYMENT
"please , i want to know if i can register more than one fucking jser account with the same email",ACCOUNT
ask an agent if I could delete my user account,ACCOUNT
"I purchased an item, how do I change my order?",ORDER
can u ask an agent if i can set up my shipping address?,SHIPPING
"I don't want my user account, I need help removing it",ACCOUNT
"my account's been hacked , how can I get it back?",ACCOUNT
"i dont understand you, how can i talk to a human ?",CONTACT
"I want information, what can I do to speak with Customer Support?",CONTACT
can you ask an agent if I could notify payment issues?,PAYMENT
where to check yourpayment options,PAYMENT
"I want to change my purchase, tell me where to do it",ORDER
"please, could you ask an agent where I could file a consumer complaint for a service?",FEEDBACK
I want to check my bill,INVOICES
I want to get an invoice,INVOICES
"im discontent with the service, what should i do to submit a consumer complaint?",FEEDBACK
help me report a problem paying,PAYMENT
"i bought an item, what should i do to modify my purchase?",ORDER
I need help obtaining some invoices,INVOICES
"I haven't got an online account, can you help me?",ACCOUNT
"I want to see an invoice, can you tell me how to do it?",INVOICES
"can u ask an agent how i could mje a complaint, please?",FEEDBACK
"I'm not happy with the service, what can I do to submit a cvomplaint?",FEEDBACK
"I need information, I need help sending an email to Customer Support",CONTACT
"I have an issue when trying to make a payment with card and I'd like to notify it, please",PAYMENT
"i want a user account, open one",ACCOUNT
"i didn't receive my bill, what should i do to see it?",INVOICES
can you show me information about the email address of the Client Service?,CONTACT
"I have a problem making a payment with card, what should I do to report it?",PAYMENT
"I have no user account, can I register?",ACCOUNT
"I got an error when I attempted to pay, but my card was charged anyway, what do I have to do to inform of it?",PAYMENT
"I want information, I need help speaking with Customer Support",CONTACT
I need help viewing your refund policy,REFUNDS
i have an issue when trying to mke an payment with card and i want to inform of it,PAYMENT
I don't want my online account and I want to cancel it,ACCOUNT
"I lost my account password, how can I recover it?",ACCOUNT
"I want to check your money back guarantee, what do I have to do?",REFUNDS
can u ask an agent if i can notify payment issues?,PAYMENT
where do I view the ticket delivery options?,DELIVERY
"the game was postponed, what do i have to do to get a reimbursement?",REFUNDS
I want to request some invoices,INVOICES
"I get an error when I try to make a payment for my online order, what should I do?",PAYMENT
"i wanna check your money back policy, what should i do?",REFUNDS
how to file a complaint,FEEDBACK
"an error pops when I try to make a payment with card, what can I do?",PAYMENT
"i get an error message when i attempt to pay with card, can u help me?",PAYMENT
i want to know if i can create two profiles with the same email address,ACCOUNT
tell me wha the email to contact Client Service is,CONTACT
"I want to notify a problem with my oayment, what do I have to do?",PAYMENT
"I don't understand you, what can I do to talk to a human agent?",CONTACT
I'm nor happy with the serviceand I want to submit a consumer complaint,FEEDBACK
ask an agent to inform of payment issues,PAYMENT
I get an error when I try to make a payment for my order,PAYMENT
"i'd like to download some fucking bills, could you tell me how to do it?",INVOICES
"i cant pay, can u help me?",PAYMENT
"an erorr pops when I try to make a payment with card, what should I do?",PAYMENT
"I didn't receive my bills, show them",INVOICES
"ask an agent how I could see their reimbursement policy, please",REFUNDS
i want information about your payment methods,PAYMENT
i wanna see the mail to contact Client Service,CONTACT
ask an agent where i can see their reimbursement policy,REFUNDS
can u ask an agent where to obtain a refund?,REFUNDS
"I want to create an account, what can I do?",ACCOUNT
"im not happy with the service , what can i do to submit an complaint?",FEEDBACK
can u ask an agent if i can trcak my shipment?,ORDER
I need help seeing the cancellation fee,CANCELLATION_FEE
I had issues creating a profile,ACCOUNT
I want to know something about obtaining some invoices,INVOICES
ask an agent how i can solve payment issues,PAYMENT
"the game was cancelled, what should I do to obtain a refund?",REFUNDS
"I lost my invoice, can you show it?",INVOICES
i get an error when i attempt to make a payment for my order,PAYMENT
can u ask an agent how i can solve an issue with my payment?,PAYMENT
"the game was postponed, what can I do to get a reimbursement?",REFUNDS
"I want a refund, what do I have to do to request one ?",REFUNDS
"please, can u ask an agent how I can change my fucking order?",ORDER
"I don't know anything about your money back policy, can you tell me about it?",REFUNDS
"I ordered an item and Id like to modify my fucking order, please",ORDER
you're not helping,CONTACT
"I got an error when I attempted to make a payment, but I was charged anyway, what should I do to inform of it?",PAYMENT
i want to send a email to client service,CONTACT
"my user account was hacked, what do i have to do to get it back?",ACCOUNT
ask an agent fi i can lodge a complaint for a service,FEEDBACK
"please, could u ask an agent where i could check my fucking bills?",INVOICES
tell me where I can download an invoice,INVOICES
"I don't like the service, what should I do to file a complaint?",FEEDBACK
"i dont want my fucking online account, could u cancel it?",ACCOUNT
"i dont have a user account, i need help registering, please",ACCOUNT
ask an agent if my fucking orders are out for delivery,ORDER
"please, could you ask an agent where I could view the status of my fucking purchase?",ORDER
"the game was postponed, help me request a refund",REFUNDS
how could I leave a fucking review?,FEEDBACK
"the concert was postponed, what do i have to do to get a refund?",REFUNDS
could u ask an agent where i can see my bill?,INVOICES
can you tell me if I can register more than one profile with the same email address?,ACCOUNT
I'm having problems creating an account,ACCOUNT
can you tell me if i can create several online accounts with an single email?,ACCOUNT
ask an agent how to switch to another account,ACCOUNT
"i have a problem paying with card, how do i report it?",PAYMENT
"the game was cancelled, what do i have to do to obtain a refund?",REFUNDS
can you tell me the number to contact customer support?,CONTACT
can u ask an agent howi could send an email to client service?,CONTACT
"I changed my mind, how do I delete my user account?",ACCOUNT
what's the email of the Customer Support?,CONTACT
help me inform of payment problems,PAYMENT
I want to check your money bck policy,REFUNDS
"I have a problem when trying to pay with card, what should I do to report it?",PAYMENT
i want to know where to check my orders,ORDER
I want to know what the number to contact Customer Support is,CONTACT
tell me if I can create several accounts with a single email,ACCOUNT
"i need information, i need help calling customer service",CONTACT
"I don't have a profile, what do I have to do?",ACCOUNT
I need helptracking myu deliveries,ORDER
"could you tell me how I could get an invoice, please?",INVOICES
"i can't find my invoices, can u view them?",INVOICES
i wanna know how I can see an invoice,INVOICES
can i update the information on my profile?,ACCOUNT
where do i file a complaint?,FEEDBACK
can I cancel my user acciunt ?,ACCOUNT
I want information about your payment options,PAYMENT
"I'm happy with the service, I need help making an opinion",FEEDBACK
"can you tell me if I could create two profiles with a single email address, please?",ACCOUNT
"I have a problem paying for my online order, what do I have to do to report it?",PAYMENT
"you aren't helping, how do I talk to a person?",CONTACT
"I have a question, can you speak with Customer Support?",CONTACT
ask an agent about the options for delivery,DELIVERY
i want to know about receiving the newsletter,NEWSLETTER
"I'd like to check the cancellation fee, what can I do?",CANCELLATION_FEE
where do i view the cancelltion fees?,CANCELLATION_FEE
can I innform of a problem paying?,PAYMENT
"I don't understand you, can I speak with a human agent?",CONTACT
"i have an issue paying for my order, i need help reporting it",PAYMENT
"I need a reimbursement, can I request one?",REFUNDS
"I have a question, how can I speak with Customer Support?",CONTACT
where do I view my bills?,INVOICES
"I want to check my order, can you tell me how to do it?",ORDER
"someone stole my password, what should I do to retrieve it?",ACCOUNT
"I forgot my account password, can you recover it, please?",ACCOUNT
can you request an invoice ?,INVOICES
ask an agent to inform of a problem with my payment,PAYMENT
where to see the options for delivery,DELIVERY
can i register several accounts with a single email address?,ACCOUNT
I yave an issue when trying to make a payment with card and I want to notify it,PAYMENT
"I got an error whenI tried to pay, but my card was charged anyway, how do I notify it?",PAYMENT
ask an agent what the hours of customer support are,CONTACT
"I'm discontent with the service, could you lodge a fucking complaint, please?",FEEDBACK
i wanna write a comment,FEEDBACK
"I've got no online account, could you open one, please?",ACCOUNT
"i have an issue paying, can i report it?",PAYMENT
can you tell me if i can create several user accounts with a single email address?,ACCOUNT
i want to speak with client service,CONTACT
I want to know if I get a full refund in case I cancel my tickets,REFUNDS
"I want to know the status of my reimbursement, can you help me?",REFUNDS
I'm having an issue creating a profile,ACCOUNT
"I got an error message when I tried to make a payment, but I was charged anyway and I want to report it",PAYMENT
"could you ask an agent if I could inform of issues with my payment, please?",PAYMENT
"I changed my mind, can I delete my account?",ACCOUNT
how do i change to another profile?,ACCOUNT
i wanna know if you have a newsletter I can receive,NEWSLETTER
"i wanna open an online account, what do i have to do?",ACCOUNT
"i have no user account, can u open one, please?",ACCOUNT
i wanna check my bills,INVOICES
i need help retrieving my account password,ACCOUNT
"i wanna check your payment methods, what should i do?",PAYMENT
where to change to another online account,ACCOUNT
"i havent got a user account, can u register?",ACCOUNT
how do I make a purchase?,ORDER
"I got an error when I tried to make a payment, but I was charged anyway, what do I have to do to inform of it?",PAYMENT
how do I notify payment problems?,PAYMENT
"could u ask an agent how to solve fucking payment issues, please?",PAYMENT
i wanna view the status of my order,ORDER
"could u ask an agent how i can report problems with my payment, please?",PAYMENT
"please, could u ask an agent if i can report payment problems?",PAYMENT
"I can't remember my account password, reset it",ACCOUNT
"I want to see my bills, can you help me?",INVOICES
can u ask an agent to speak with client service?,CONTACT
"I don't understand you, what should I do to contact a person ?",CONTACT
"please, i want to know if i could create two user accounts with a single email",ACCOUNT
I want to know if I can create several user accounts with the same email address,ACCOUNT
where to modify my purchase,ORDER
"I bought something, how do I change my order?",ORDER
I'm discontent with the service and I want to file a complaint,FEEDBACK
"I have an issue making a payment with card, inform of it",PAYMENT
I want to know about changing my order,ORDER
ask an agnet how i could update my profile,ACCOUNT
"i want to obtain a refund, what should i do ?",REFUNDS
ask an agent where i can create an account,ACCOUNT
help me see your payment options,PAYMENT
"I can't find my invoices, what do I have to do to view them?",INVOICES
"i wanna close my online account, how could i do it?",ACCOUNT
"I have an issue paying for my online order, what ahould I do to notify it?",PAYMENT
i need information about the status of my reimbursement,REFUNDS
"I have a question, can you call Client Service?",CONTACT
where can I view my invoice?,INVOICES
I do not understand you and I'd like to contact a person,CONTACT
"I got an error message when I attempted to make a payment, but my card was charged anyway, what do I have to do to notify it?",PAYMENT
I changed my mind aznd I want to delete my user account,ACCOUNT
do you mind asking an agent if I could track my order?,ORDER
could u ask an agent what i could request a refund for?,REFUNDS
"i have an issue paying for my order, how can i report it?",PAYMENT
"i got an error message when i tried o make a payment, but my card was charged anyway , how do i report it?",PAYMENT
where to leave a rreview for a service,FEEDBACK
"I'd like a refund, how do I request one?",REFUNDS
where to track my order,ORDER
i wanna know if i can change my purchase,ORDER
ask an agent to delete my profile,ACCOUNT
ask an agent where i can report an issue paying,PAYMENT
how to inform of problems making a payment,PAYMENT
"I want to update my profile, how can I do it?",ACCOUNT
I need help reporting a problem making a payment,PAYMENT
"i havent got an account, what can i do to register?",ACCOUNT
could u ask an agent how i could inform of a fucking payment problem?,PAYMENT
"please, could u ask an agent where i can report an issue with my payment?",PAYMENT
how to write a comment,FEEDBACK
"i bought an item, I need help modifying my purchase",ORDER
where can i inform of a payment problem?,PAYMENT
"the event was postponed , what do i have to do to obtain a reimbursement ?",REFUNDS
where can I inform of problems making a payment?,PAYMENT
"I got an error when I attempted to pay, but I was charged anyway, can you report it?",PAYMENT
"id like to subscribe to the newsletter, can you tell me how I can do it?",NEWSLETTER
"I want to create a online accountg, can you help me?",ACCOUNT
the concert was postponed and i wanna request a refund,REFUNDS
can u ask an agent to write a review for a service?,FEEDBACK
"I got an error when I attempted to pay, but I was charged anyway",PAYMENT
"could you ask an agent if I can lodge a complaint for a service, please?",FEEDBACK
i want to know what the mail of Customer Service is,CONTACT
how do I see a bill?,INVOICES
"I want to update my shipping address, what should I do?",SHIPPING
where to inform of payment issues,PAYMENT
"please, ask an agent if i could create a profile",ACCOUNT
"I want a refund, how can I request one?",REFUNDS
I need hlp requesting somr bills,INVOICES
can you tell me what the phone number of Customer Service is?,CONTACT
"I want a profile, can I create one?",ACCOUNT
"I want information, what should I do to talk to ClientService?",CONTACT
can you tell me the free phone number if Customer Support?,CONTACT
how can I notify payment issues?,PAYMENT
"i rodered a product, howcan i modify my order?",ORDER
"I can't remember my account password, how can I recover it?",ACCOUNT
"I want to close my profile, how can I do it?",ACCOUNT
can you tell me what the mail of Customer Service is?,CONTACT
how do I cancel my profile?,ACCOUNT
can u ask an agent to show me the cancellation penalties?,CANCELLATION_FEE
"I want to request an invoice, tell me where to do it",INVOICES
"youre not helping, help me speak with a person",CONTACT
"I can't understand you, how do I speak with a human?",CONTACT
can u ask an agent to report an issue paying?,PAYMENT
was my reimbursement processed ?,REFUNDS
"I changed my mind, what should I do to delete my user account?",ACCOUNT
is there a newsletter to stay up-to-date?,NEWSLETTER
"the show was cancelled, help me request a reimbursement",REFUNDS
"please, can you ask an agent what the free number to contact Customer Service is?",CONTACT
help me check my package,ORDER
"could you ask an agent if I can view the cancellation penalty, please?",CANCELLATION_FEE
I ordered something and I wanna change my order,ORDER
"i dont want my user account, what do i have to do to remove it?",ACCOUNT
"the show was postponed, could i obtain a reimbursement, please?",REFUNDS
can you tell me what the free phone number to contact customer service is?,CONTACT
"I don't understand you, can I talk to someone?",CONTACT
can u ask an agent what the email to contact customer service is?,CONTACT
"i got an error message when i attempted to pay, but i was charged anyway and i wanna inform of it",PAYMENT
I want to know if I can create two accounts with the same email,ACCOUNT
"I got an error message when I attempted to pay, but I was charged anyway, how can I report it?",PAYMENT
"I forgot my account password, can I reset it?",ACCOUNT
"I have a problem paying, how can I report it?",PAYMENT
"u are not helping, i need help contacting a human, please",CONTACT
"I didn't receive my bill, how do I check it?",INVOICES
"ask an agent what i can get a reimbursement for, please",REFUNDS
"I can't find my invoice, how do I check it?",INVOICES
ask an agent how to inform of an isue paying,PAYMENT
"someone stole my password, can u retrieve it?",ACCOUNT
"please, can yu ask an agent if I can write a ficking review?",FEEDBACK
"please, i want to know how I can modify my fucking order",ORDER
can you show me the email address of Customer Support?,CONTACT
I want to see the email to contact Customer Service,CONTACT
"i have a problem when trying to make a payment with card, could u inform of it , please?",PAYMENT
"I want to notify an issue with my payment, can you help me?",PAYMENT
"I need information, help me call Customer Support",CONTACT
i have an issue when trying to pay with card and i want to notify it,PAYMENT
I need information about the status of my refund,REFUNDS
can you tell me if i can obtain some bills?,INVOICES
"the show was postponed, how do I get a refund?",REFUNDS
tell me how I can subscribe to the newsletter,NEWSLETTER
can u ask an agent how i can report an issue paying?,PAYMENT
where can I check my delivery?,ORDER
"I don't want my profile, what do I have to do to cancel it?",ACCOUNT
can I get an invoice?,INVOICES
"an error pops when I try to make a payment for my order, what can I do?",PAYMENT
"I want to view your money back policy, can you help me?",REFUNDS
help me view your payment options,PAYMENT
can you show me the email to contact Customer Sevrice ?,CONTACT
can I create two online accounts with the same email?,ACCOUNT
"i want information, can i contact customre support?",CONTACT
how can I notify a fucking issue making a payment?,PAYMENT
"I got an error message when I attempted to pay, but my card was charged anyway, can you inform of it?",PAYMENT
"my profile was hacked, what can I do to recover it?",ACCOUNT
can i open an accxount?,ACCOUNT
"I want to track my fucking shipments, can you tell me how I can do it?",ORDER
"the show was cancelled, what can I do to request a reimbursement?",REFUNDS
"I got an error message when I attempted to make a payment, but I was charged anyway, can you report it?",PAYMENT
"i have a uqestion, call customer serice",CONTACT
I lost my invoices and I want to view them,INVOICES
"please, I want to know what the email to contact Client Service is",CONTACT
"I want to see the ticket delivery options, what should I do?",DELIVERY
"I got a error when I tried to pay, but I was charged anyway, what should I do to notify it?",PAYMENT
"I want to check my shipment, tell me how I can do it",ORDER
ask an agent if i could rtetrieve my password,ACCOUNT
can I have more than one online account?,ACCOUNT
"please, ask an agent how to reset my password",ACCOUNT
what's the mail of the Customer Support?,CONTACT
"I want to get a reimbursement, can you help me?",REFUNDS
how can I see your money back guarantee?,REFUNDS
"I haven't got a user account, can you help me?",ACCOUNT
information about midifying y purchase,ORDER
help me see some invoices,INVOICES
"i need a refund, what should i do to get one?",REFUNDS
help me change to another profile,ACCOUNT
i want to know if i can create two accounts with the same email address,ACCOUNT
can u ask an agent if i can check my shipments?,ORDER
"I get an error message when I attempt to pay for my order, what can I do?",PAYMENT
ask an agent how to file an consumer complaint,FEEDBACK
how do I check my invoice?,INVOICES
ask an agent how to see their reimbursement policy,REFUNDS
I want to know something about getting some bills,INVOICES
I need help cancelling an order,ORDER
"I have a question, how do I call Customer Service?",CONTACT
"can u ask an agent where i could set up my shipping address, please?",SHIPPING
how can i solve problems paying?,PAYMENT
"I have no account, what should I do to open one?",ACCOUNT
"I want to check my shipment, tell me how to do it",ORDER
"I didn't receve my bill, hwat do I have to do to check it?",INVOICES
"i have a question, i need help talking to customer support",CONTACT
where to write an opinion for a service,FEEDBACK
"i didn't receive my invoices, can i check them?",INVOICES
could you ask an agent how to get an bill?,INVOICES
I want to solve payment issues,PAYMENT
"i purchased an item, how do I change my purchase?",ORDER
where do i inform of issues making a payment?,PAYMENT
"i have an issue when trying to make a payment, what can i do?",PAYMENT
"I have no online account, what should I do to register?",ACCOUNT
"I got an error message when I tried to pay, but I was charged anyway, can you notify it?",PAYMENT
"i get an error message when i try to make a payment for my online order, what can i do?",PAYMENT
I can't understand you and I want to talk to a human,CONTACT
"I do not have a shipping address, could you set it up, please?",SHIPPING
"I get an error message when I attempt to make a payment with card, can you help me?",PAYMENT
"i want to check my shipments, tgell me where to do it",ORDER
"I have a question, how can I send an email to Client Service?",CONTACT
"an error pops when i try to pay, can u help me?",PAYMENT
"i want to check cancellation penalties, what should i do?",CANCELLATION_FEE
"i wanna check cancellation penalties, what do i have to do?",CANCELLATION_FEE
where can I place an order?,ORDER
"my account was hacked, recover it",ACCOUNT
I can't remember my zccount password,ACCOUNT
"please, ask an agent how I could know where my order is",ORDER
"I nede information , how can I speak with Customer Service?",CONTACT
"I have an issue when trying to pay for my online order, notify it",PAYMENT
"the show was cancelled, get a reimbursement",REFUNDS
i want to know if i can rergister more than one user account with an single email address,ACCOUNT
"please, can u ask an agent how i could solve an issue with my payment?",PAYMENT
"I want to subscribe to the newsletter, can you tell me how I can do it?",NEWSLETTER
"I can't find my invoice, can I view it?",INVOICES
"help me talk to fucking customer service, please",CONTACT
"I get an error when I try to pay for my order, can you help me?",PAYMENT
"I haven't got an account, can you open one?",ACCOUNT
"I want information, can I contact Customer Service?",CONTACT
I want to contact a human gaent,CONTACT
"I got an error message when I attempted to make an payment, but my card was charged anyway, what can I do to notify it?",PAYMENT
"please, can you ask an agent how I could reset my account password?",ACCOUNT
"my user account has been hacked, could I recover it?",ACCOUNT
I ordered something and i want to change my order,ORDER
can u ask an agent to notify issues paying ?,PAYMENT
"I have a issue making a payment, I need help informing of it",PAYMENT
"I want to see cancellation fees, what do I have to do?",CANCELLATION_FEE
can u ask an agent if i can inform of issues with my payment?,PAYMENT
"I got an error when I attempted to make a payment, but I was charged anyway, can you notify it?",PAYMENT
I want to switch to another account,ACCOUNT
I want to know how I can get some bills,INVOICES
ask an agent where I can check my deliveries,ORDER
"could you tell me if i could create several user accounts with a single email address, please?",ACCOUNT
"I don't have a profile, what should I do?",ACCOUNT
I want to request information about requesting some invoices,INVOICES
i wanna inform of problems paying,PAYMENT
can you ask an agent where to track my orders?,ORDER
can u ask an agent how i can delete my online account?,ACCOUNT
"I've got no account, what do I have to do to create one?",ACCOUNT
I need information about obtaining some bills,INVOICES
"I got an error when I attempted to pay, but I was charged anyway, how do I inform of it?",PAYMENT
can u ask an agent what the mail address to contact customer service is?,CONTACT
"i got an error when i attempted to make a payment, but i was charged anyway, how can i notify it?",PAYMENT
"I don't want my user account, how can I remove it?",ACCOUNT
"I ordered an item, help me modify my purchase",ORDER
"can u ask an agent where i could make a complaint for a service, please?",FEEDBACK
"I have no profile, what can I do?",ACCOUNT
I want to know if I can register several user accounts with the same email address,ACCOUNT
can i register more than one account with a single email address ?,ACCOUNT
i watn to know how I canget some bills,INVOICES
"i changed my mind, what should i do to remove my profile?",ACCOUNT
"I can't remember my account password, what can I do to recover it?",ACCOUNT
"my user account's been hacked, can I get it back?",ACCOUNT
"i have a problem making a payment with card, can i report it?",PAYMENT
"I want information and I want to talk to Customer Support, please",CONTACT
"i wanna track my fucking order, could oyu tell me how yo do it, please?",ORDER
"im happy with the service, help me submit an opinion",FEEDBACK
"i wanna close my profile, how can i do it?",ACCOUNT
how can i remove my fucking online account?,ACCOUNT
"i got an error message when i attempted to pay, but i was charged anyway, can i notiyf it?",PAYMENT
information about changing my order,ORDER
help me subscribe to the newsletter,NEWSLETTER
"I have a problem paying for my online order, what can I do to infomr of it?",PAYMENT
can you tell me if I can own more than one user account?,ACCOUNT
ask an agent hw can check my bills,INVOICES
can you tell me if i can create two user accounts with a single email address?,ACCOUNT
i wanna know how to check my orders,ORDER
idont want my user account and i want to remove it,ACCOUNT
"can u ask an agent were i could report fucking problems making a payment, please?",PAYMENT
can I reset my password?,ACCOUNT
"I lost my account password , what do I have to do to recover it?",ACCOUNT
"I need an account, I need help opening one",ACCOUNT
"I have an problem paying for mny online order, help me report it",PAYMENT
how do I inform of payment problems?,PAYMENT
"ask an agent to write a review for a service, please",FEEDBACK
tell me what the email address to contact Customer Support is,CONTACT
I want to talk to a human,CONTACT
how can I see y bills?,INVOICES
help me speak with a person,CONTACT
"I got an error message when I tried to pay, but I was charged anyway, how do I inform of it?",PAYMENT
ask an agent if I could request an invoice,INVOICES
I'm interested in your reimbursement policy and I need information about it,REFUNDS
"I don't have an online account, how can I create one?",ACCOUNT
"please, could you ask an agent how I could view their fucking payment options?",PAYMENT
"I have a problem when trying to make a payment with card, how can I notify it?",PAYMENT
where can I inform of a problem making a payment?,PAYMENT
can I create more tha one user account with a single email?,ACCOUNT
can you tell me if I can track my shipment?,ORDER
"I want to obtain a bill, can you tell me how I can do it?",INVOICES
ask an agent for information about the delivery options,DELIVERY
"I lost my account password, can you help me?",ACCOUNT
can you tell me the free number of Customer Service?,CONTACT
I found a problem when trying to sign up,ACCOUNT
I want to write an opinion,FEEDBACK
"I am discontent with the service, can I make a fucking complaint?",FEEDBACK
"I don't have an online account, I need help registering",ACCOUNT
what can you tell me about receiving the newsletter?,NEWSLETTER
"i want to inform of an issue paying, wha can i do ?",PAYMENT
"I don't like the service, can you make a consumer complaint ?",FEEDBACK
the event was postponed and i wanna get a reimbursement,REFUNDS
can I register more than one user account with the same email?,ACCOUNT
"I changed my mind, how can I close my profile?",ACCOUNT
"I xidn't receive my bills, help me view them",INVOICES
"I want an account, help me create one",ACCOUNT
I want to know where my order is,ORDER
"I changed my mind, how can I cancel my user account?",ACCOUNT
ask an agent about the status of my purchase,ORDER
"i want to remove my profile, where can i do it?",ACCOUNT
I'm having a problem opening an account,ACCOUNT
"I haven't got an account, how do I create one?",ACCOUNT
show me the mail of customer support,CONTACT
"I don't want my profile, how do I cancel it?",ACCOUNT
where can i view my bill?,INVOICES
how to report a payment rpoblem,PAYMENT
tell me how to receive the newsletter,NEWSLETTER
"I lost my invocie, can I see it?",INVOICES
i want to see your payment options,PAYMENT
"an error pops qhen I attempt to make a payment with cardf, what should I do?",PAYMENT
"I have an issue when trying to pay, whatshould I do to inform of it?",PAYMENT
"the event was cancelled, request an reimbursement",REFUNDS
how to check your refund policy,REFUNDS
"I lost my account password, can I reset it?",ACCOUNT
how can I speak with a human?,CONTACT
"ask an agent how I can inform of issues with my apyment, please",PAYMENT
my profile was hacked,ACCOUNT
"I want information, what do I have to do to speak with Client Service?",CONTACT
can you tell me if I can request some invoices?,INVOICES
can u show me information about my invoice?,INVOICES
I want to know if I can create two online accounts with a single email address,ACCOUNT
"I want to notify a problem with my payment, what should I do?",PAYMENT
"please, could u ask an agent where i could file a complaint?",FEEDBACK
could u ask an agent how i could report fucking problems paying?,PAYMENT
my card was declined,PAYMENT
"I want to inform of a payment issue, what do I have to do?",PAYMENT
"I have a question, can you send an email to Customer Support?",CONTACT
"I got an error message when I attempted to pay, but my card was charged anyway, how do I notify it?",PAYMENT
I need help checking the cancellation fees,CANCELLATION_FEE
tell me how long it takes for tickets to arrive,DELIVERY
"the show was cancelled, what do i have to do?",REFUNDS
where can I edit my shipping address?,SHIPPING
I need help making changes to my shipping address,SHIPPING
"i have an issue when trying to pay, can i report it?",PAYMENT
can I create two user accounts with a single email?,ACCOUNT
can you show me the email address of the Customer Service?,CONTACT
were to see the ticket delivery options,DELIVERY
"I made a mistake, what should I do to change my purchase?",ORDER
"you aren't helping, can you talk to a human agent?",CONTACT
"I don't have an online account, what should I do to create one?",ACCOUNT
"I got an error message when I attempted to make a payment, but I was charged anyway, I need help reporting it",PAYMENT
I want to get information about downloading an invoice,INVOICES
"I want to get a bill, tell me how I can do it",INVOICES
I want to know if I can create several user accounts with a single email,ACCOUNT
tell me if I can create more than one profile with the same email,ACCOUNT
how can i check the status of my reimbursement?,REFUNDS
can you find information about your refund policy?,REFUNDS
"I got an error message when I attempted to make a payment, but I was charged anyway, report it",PAYMENT
how can I report an issue with my payment ?,PAYMENT
I don't understand you and I want to talk to a human,CONTACT
"I purchased an item, can I change my purchase?",ORDER
where to remove my user account,ACCOUNT
I want to know how long it takes for a ticket to arrive,DELIVERY
can you tel me what the free no of Client Service is?,CONTACT
"I want to recover my password, what can I do?",ACCOUNT
"I can't find my bills, could I see them?",INVOICES
"the event was cancelled, what do I have to do to get a reimbursement?",REFUNDS
"I want to create an online account, what do I have to do?",ACCOUNT
tell me how to download a bill,INVOICES
i want to know if i can have several accounts,ACCOUNT
how do I check the status of my purchase?,ORDER
"the concert was postponed, what should i do to get a reimbursement?",REFUNDS
how to edit my profile,ACCOUNT
can u ask an agent how to modify my fucking profile?,ACCOUNT
"I don't know anything about your reimbursement policy , tell me about it",REFUNDS
"i wanna notify an issue making a payment, what do i have to do?",PAYMENT
"please, i wanna get information about subscribing to the fucking newsletter",NEWSLETTER
tell me if my packages are on their way,ORDER
"you aren't helping, how do I talk to a human agent?",CONTACT
"I can't find my bill, can I view it?",INVOICES
i want to know how fast i can expect my tickets to arrive,DELIVERY
what's the cancellation penalty?,CANCELLATION_FEE
how do I see some bills?,INVOICES
"I want to download a bill, tell me how I can do it",INVOICES
how can I view your payment methods?,PAYMENT
help me make a consumer complaint for a service,FEEDBACK
can you tell me the mail to contact Client Service?,CONTACT
you aren't helping and I want to talk to a human agent,CONTACT
"I have a question, help me call Client Service",CONTACT
"i get an error message when i try to pay for my online order, can u help me?",PAYMENT
"I don't want ky online account , how do I delete it?",ACCOUNT
"please, ask an agent if i could make a purchase",ORDER
"I want to solve a payment problem, what can I do?",PAYMENT
"i wanna update my shipping address, what can i do?",SHIPPING
"I changed my mind, how can I close my account?",ACCOUNT
"I didn't receive my bills, how can I view them?",INVOICES
can u ask an agent how to obtain an invoice?,INVOICES
"could u ask an agent how to notify a fucking issue making a payment, please?",PAYMENT
"i wanna create a profile, what do i have to do?",ACCOUNT
show me the mail address of the Customer Service,CONTACT
I want to ask for information about modifying my order,ORDER
"I didn't receive my bill, how do I see it?",INVOICES
"can u ask an agent for information about the cancellation fees, please?",CANCELLATION_FEE
i cant remember my password and i want to reset it,ACCOUNT
"I haven't got an online account, how do I create one?",ACCOUNT
could you tell me if i could create several online accounts with the same email?,ACCOUNT
"please, can you ask an agent if I could lodge a fucking consumer complaint?",FEEDBACK
i lost my fucking bill and i wanna view it,INVOICES
"I got an error when I attempted to pay, but my card was charged anyway, I need help informing of it",PAYMENT
"I got a error message when I attempted to pay, but my card was charged anyway, what do I have to do?",PAYMENT
"i want to open a user account, what can i do?",ACCOUNT
"i wanna see my bills, what can i do?",INVOICES
"i want information, how do i talk to customer service?",CONTACT
"I want to check your money back guarantee, can you help me?",REFUNDS
how can I change to another user account?,ACCOUNT
I want to request an nivoice,INVOICES
"I haven't got an account, can I register?",ACCOUNT
"please, can you ask an agent how I can report a fucking issue making a payment?",PAYMENT
"I'm discontent with the service, can you submit a consumer complaint?",FEEDBACK
"i ordered something, what should i do to modify my fucking purchase?",ORDER
I found a problem while creating an account,ACCOUNT
I need information about the options for ticket delivery,DELIVERY
I want to know if I can make a payment with Master Card,PAYMENT
tell me what the free number of Client Service is,CONTACT
how long does it take for tickets to arrive?,DELIVERY
"id like an account, could i create one?",ACCOUNT
I need information about your money back policy,REFUNDS
"I want to file an opinion for a service, what should I do?",FEEDBACK
can you tell me how I can receive the newsletter?,NEWSLETTER
"I didn't receive my bill, can you show it?",INVOICES
"I lost my bill, what can I do to check it?",INVOICES
can you see an invoice ?,INVOICES
I ant to recover my password,ACCOUNT
"I got an error when I tried to pay, but I was charged anyway, report it",PAYMENT
"i have a problem when trying to make a payment with card, what do i have to do to notify it?",PAYMENT
I want to know if i can see a bill,INVOICES
"i need information, how do i send an email to customer support?",CONTACT
i wanna know about modifying my order,ORDER
can u ask an agent to talk to customer support?,CONTACT
"I can't remember my account password, how can I reset it?",ACCOUNT
can you ask an agent where I can check my package?,ORDER
"i wana cancel my profile, how can i do it?",ACCOUNT
"i havent got a profile, what should i do?",ACCOUNT
how can I track my reimbursement?,REFUNDS
"I have an issue making a payment with card, can I notify it?",PAYMENT
"I can't understand you, what should I do to contact a person?",CONTACT
"please, can u ask an agent how i could solve a payment issue?",PAYMENT
what's the mail of Customer Support?,CONTACT
"I want to lodge an complaint, can you help me?",FEEDBACK
"I want to see cancellation penalties, what do I have to do?",CANCELLATION_FEE
can i leave an opinion for a service?,FEEDBACK
"I want to check the options for delivery, what can I do?",DELIVERY
"ask an agent where I could report a fucking problem making a payment, please",PAYMENT
"I got an error when I tried to make a payment, but my card was charged anyway, what do I have to do to report it?",PAYMENT
"I'm not happy with the service, what should I do to make a consumer complaint?",FEEDBACK
show me the email address to contact customer support,CONTACT
"can u ask an agent how to request some invoices, please?",INVOICES
I'd like to see the email address of the Customer Service,CONTACT
I want to know if I can make a payment with Visa,PAYMENT
"i made a mistake and I would like to modify my purchase, please",ORDER
could you ask an agent how to write an opinion?,FEEDBACK
information about requesting some invoices,INVOICES
"I want to track my reimbursement, what should I do?",REFUNDS
"I have a question, how can I call Customer Support?",CONTACT
"someone stole my pssword , I need help recovering it",ACCOUNT
"i have a question, could u send an email to customer support, please?",CONTACT
"I waant to inform of a problem with my payment, cqn you help me?",PAYMENT
"can u give me information about the email address of the Customer Service, please?",CONTACT
i want information about your reimbursement policy,REFUNDS
contact a human,CONTACT
"I want to submit a review, can you helpo me?",FEEDBACK
where to subscribe to the newsletter,NEWSLETTER
"I need information, can I talkto Customer Service?",CONTACT
"i want to subscribe to the newsletter, tell me how I can do it",NEWSLETTER
"I bought a product, how can I change my purchase?",ORDER
I want to know where I can check my shipments,ORDER
"ask an agent if I could change to another account, please",ACCOUNT
can you find information about the mail address of the Client Service?,CONTACT
"please, could you ask an agent if I could solve a fucking issue with my payment?",PAYMENT
"you're not helping, what should I do to talk to a human agent?",CONTACT
is there any human agent available?,CONTACT
I purchased an item and I want to change my purchase,ORDER
"I have a problem when trying to make a payment, can you notify it?",PAYMENT
can you find information about the email address of the Customer Support?,CONTACT
"I need information, what should I do to send an email to Customer Support?",CONTACT
"i dont like the service, lodge a consumer complaint",FEEDBACK
"I have a question, help me send an email to Customer Service",CONTACT
I want to report problems with my payment,PAYMENT
"I purchased a product, what should I do to change my purchase?",ORDER
"I want to solve an issue with my payment, what can I do?",PAYMENT
"can u ask an agent if i could check ym inovices, please?",INVOICES
"I want to notify an issue with my payment, what can I do?",PAYMENT
where do I modify my purchase?,ORDER
help me leave an opinion,FEEDBACK
"i can't find my bill, what do i have to do to see it?",INVOICES
"i wanna reset my account password, how can i do it?",ACCOUNT
"the fucking show was postponed and I'd like to obtain a reimbursement, please",REFUNDS
"I have a problem when trying to pay with card, I need help reporting it",PAYMENT
"i have a problem when trying to pay for my order, could u inform of it?",PAYMENT
"my online account was hacked, what do I have to do to recover it?",ACCOUNT
can u show me information about your payment methods?,PAYMENT
"my online account's been hacked, how do I recover it?",ACCOUNT
"you're not helping, can I talk to a human agent?",CONTACT
"I get an error when I attempt to make a payment with card, what should I do?",PAYMENT
"can you tell me if i could register several user accounts with the same email, please?",ACCOUNT
"I'm discontent with the service , I need help makign a consumer complaint",FEEDBACK
I want to see the status of my refund,REFUNDS
how can I report an issue making a payment?,PAYMENT
"I want to download a bill, tell me how to do it",INVOICES
how can i cancel my online account?,ACCOUNT
"someone stole my account password, how can I reset it?",ACCOUNT
"ask an agent if I could report a fucking problem paiyng, please",PAYMENT
how can I view my bills?,INVOICES
can i create more than one online account with the same email address?,ACCOUNT
an error message pops when I try to make a payment with card,PAYMENT
how to send an email to Client Service,CONTACT
I changed my mind and I want to remove myonoine account,ACCOUNT
"the show was postponed and i wanna obtain a refund, please",REFUNDS
"you're not helping, what should I do to talk to a human?",CONTACT
"please, could you show me my bills?",INVOICES
I want to know where to check my packages,ORDER
"an error message pops when I attempt to make a payment with card, what do I have to do?",PAYMENT
"ask an agent how i can make a consumer complaint, please",FEEDBACK
"could u ask an agent to give me information about the fucking delivery options, please?",DELIVERY
"i want to request a bill, tell me how to do it",INVOICES
im not happy with the service and i wanna lodge a consumer complaint,FEEDBACK
i want to check your reimbursement policy,REFUNDS
"i wanna notify a payment issue, can u help me?",PAYMENT
is there a free phone no to contact Customer Support?,CONTACT
show me the free number of Client Service,CONTACT
"I don't understand you, I need help talking to a human",CONTACT
"I got an error when I tried to make a payment, but I was charged anyway, how do I notify it?",PAYMENT
"I want to see a bill, can you tell me how I can do it?",INVOICES
can you tell me what the phone number of client service is?,CONTACT
I want to contact Client Service,CONTACT
"please, could you tell me if I can create several user accounts with a single email?",ACCOUNT
how to call Client Service,CONTACT
how do i see my bills?,INVOICES
"I have an issue when trying to make a payment with card, can I notify it?",PAYMENT
"I can't find my bills, help me see them",INVOICES
i need help checking your refund policy,REFUNDS
I want to use my other profile,ACCOUNT
"I have a problem paying for my order , can you help me?",PAYMENT
can I check the cancellation penalties?,CANCELLATION_FEE
"tell me if Ican register more than one user account with a single email address, please",ACCOUNT
help me delete my account,ACCOUNT
"i have an issue when trying to pay, inform of it",PAYMENT
"I got a error when I attempted to pay, but I was charged anyway, how can I inform of it?",PAYMENT
"I have a question, how can I talk to Customer Service?",CONTACT
can you tell me if I can create two online accounts with a single email address?,ACCOUNT
I want to delete my user account,ACCOUNT
i wanna know if there is a newsletter to stay up-to-date,NEWSLETTER
tell me if I can download some bills,INVOICES
"I got an error message when I tried to make a payment, but I was charged anyway, can I report it?",PAYMENT
"I have a problem when trying to pay for my online order, what should I do to report it?",PAYMENT
can you tell me if there is a free number to contact Customer Support?,CONTACT
"i have a question, speak with client service",CONTACT
ive got no online accountand i want to create one,ACCOUNT
"I have a rpoblem paying for my order, what should I do to report it?",PAYMENT
"I wanna track my orders, can you tell me how I can do it?",ORDER
"please, I wanna know how I can track my orders",ORDER
"can u ask an agent if i could switch to aqnother account, please?",ACCOUNT
sbow me the email address to contact clent service,CONTACT
where do I see the fucking cancellation fee?,CANCELLATION_FEE
"I ordered something, I need help changing my order",ORDER
help me notify a problem with my payment,PAYMENT
"I want to use my other online account, what should I do to change them?",ACCOUNT
i wanna know if i can subscribe to the newsletter,NEWSLETTER
can I update my shipping address?,SHIPPING
how can I obtain a refund?,REFUNDS
"I haven't got a profile, help me create one",ACCOUNT
"i wanna use my other user account, can u change them?",ACCOUNT
I have a question and I want to send an email to Client Service,CONTACT
can you tell me if I can register two accounts with the same email?,ACCOUNT
"the game was cancelled , wat do I have to do to get a refund?",REFUNDS
"i have a problem making a payment, what do i have to do to report it?",PAYMENT
information about subscribing to the newsletter,NEWSLETTER
i want to see the phone no of Customer Service,CONTACT
"I got an error message when I attempted to make a payment, but I was charged anyway, can you inform of it?",PAYMENT
can you check the status of my refund?,REFUNDS
I need help removing my account,ACCOUNT
I want to view your money back policy,REFUNDS
"could u ask an agent where to cancel my account, please?",ACCOUNT
"I have a question, help me talk to Customer Support",CONTACT
can u ask an agent how to solve an issue making a payment?,PAYMENT
can you tell me how to know where my order is?,ORDER
I wanna modify my order beforeyou send it,ORDER
"I haven't got a user account, I need help registering",ACCOUNT
"you aren't helping, what do I have to do to talk to someone?",CONTACT
"the show was cancelled, what should i do ot request a reimbursement?",REFUNDS
i want to solve payment problems,PAYMENT
"I have a problem paying, how can I notify it?",PAYMENT
"I can't understand you, what can I do to contact a human ?",CONTACT
where is my order?,ORDER
"i am happy with the service, can u file a comment?",FEEDBACK
"I got an error when I tried to make a payment, but my card was charged anyway and I would like to notify it",PAYMENT
"ask an agent how I could cancel my online account, please",ACCOUNT
"I've got no account, can I create one?",ACCOUNT
"I need information, call Customer Support",CONTACT
I want to know if I can track my deliveries,ORDER
"I can't find my bill, how do I check it?",INVOICES
help me report a problem making a payment,PAYMENT
I need help opoening an user account,ACCOUNT
"I purchased something, how can I change my purchase?",ORDER
where to track my reimbursement,REFUNDS
i want to know if i can get some invoices,INVOICES
I don't like the service and I want to make a consumer complaint,FEEDBACK
can I file a consumer complaint?,FEEDBACK
"I've got no user account, can you open one?",ACCOUNT
I want to know if my shipments are out for delivery,ORDER
where do I check the options for ticket delivery?,DELIVERY
I want to call Customer Service,CONTACT
"I want to create a user acount, can you help me?",ACCOUNT
"an error pops when I try to make a payment, what do I have to do?",PAYMENT
"the event was postponed, how can i obtain a refund?",REFUNDS
the show was cancelled and I want to request a reimbursement,REFUNDS
"i wanna make a consumer complaint fror a service, can u help me?",FEEDBACK
"I don't want my online account, can I remove it?",ACCOUNT
"I would like information, can I talk to Customer Support?",CONTACT
how to inform of issues paying,PAYMENT
"I have a problem paying, what can I do?",PAYMENT
"i lost my password, i need help recovering it",ACCOUNT
how do I check the options for delivery?,DELIVERY
"please, can u ask an agent where to leave a comment?",FEEDBACK
"I have a question, how do I send an email to Customer Service?",CONTACT
"I purchased soemthing, can i chbange my purchase?",ORDER
"my user account's been hacked, how could I get it back?",ACCOUNT
I want to know if I can register several profiles with a single email address,ACCOUNT
I want to know if my packages are out for delivery,ORDER
"I made a mistake, modify my purchase",ORDER
"I didn't receive my bill, what should do to iew it?",INVOICES
can you ask an agent if Customer Service is available?,CONTACT
"I want to use my other profile, what can I do to change them ?",ACCOUNT
where to see your payment methods,PAYMENT
"my online account's been hacked, get it back",ACCOUNT
"i dont like the service, how can i submit a consumer complaint?",FEEDBACK
"you arent helping, contact someone, please",CONTACT
"i got an errr when i attempted to pay, but i was charged anyway, inform of it",PAYMENT
how can i talk to a human agent?,CONTACT
"please, can you tell me if I can create several profiles with the same email address?",ACCOUNT
"I don't want my online account, what do I have to do to delete it?",ACCOUNT
I want to see the free phone number of Customer Support,CONTACT
"I have an issu paying for my online order, can I notify it?",PAYMENT
I wasnt to solve issues making an payment,PAYMENT
where to get an invoice,INVOICES
"I got an error message when I attempted to pay, but I was charged anyway, can I notify it?",PAYMENT
"I want to obtain an invoice, can you tell me where to do it?",INVOICES
I want to request information about obtaining some invoices,INVOICES
tell me how long refunds take,REFUNDS
i want to see the delivery period,DELIVERY
"could u ask an agent what my order of my fucking package is, please?",ORDER
I need help creating an online account,ACCOUNT
I want to know what the number to contact Client Service is,CONTACT
i need help recovering my account password,ACCOUNT
"you're not helping, what should I do to speak with a human?",CONTACT
"you're not helping, talk to a person",CONTACT
I want to view te acncellation penalty,CANCELLATION_FEE
can u ask an agent how i can inform of a problem with my payment?,PAYMENT
were to check my package,ORDER
can you tell me the mail to contact Customer Support?,CONTACT
I don't have a user account and I want to register,ACCOUNT
I want to know how to request an invpice,INVOICES
"please, can you ask an agent where I can receive a refund?",REFUNDS
"I don't understand you, help me speak with a human agent",CONTACT
"I ordered a product, how can I modify my purchase?",ORDER
"I don'tunderstand you, can I contact a person ?",CONTACT
"I don't understand you, can you talk to a human?",CONTACT
can you see some bills?,INVOICES
"I can't remember my account password, can you help me?",ACCOUNT
"I ordered something, what should I do to modify my purchase?",ORDER
can i change to another user account?,ACCOUNT
"my profile was hacked, how can i get it back?",ACCOUNT
"ask an agent where to report an issue paying, please",PAYMENT
I want to place an order,ORDER
"can you tell me if i can create two accounts with the same email, please?",ACCOUNT
the show was postponed and I want to get a reimbursement,REFUNDS
can u ask an agent where i can make an order?,ORDER
I want to check the delivery options,DELIVERY
"i am happy with the service, help me lodge a comment",FEEDBACK
can I have more than one account?,ACCOUNT
"I don't have an account, help me register",ACCOUNT
"I do not understand you, could you talk to a person?",CONTACT
how do I view your payment options?,PAYMENT
"I ordered an item, help me modify my order",ORDER
"i got an error when i attempted to make a payment, but my card was charged anyway, what can i do to notify it?",PAYMENT
"I got an error message when I attempted to pay, but I was charged anyway, can you inform of it?",PAYMENT
ask an agent hoe i can notify a fucking problem with my payment,PAYMENT
ask an agent how to inform of a fucking problem paying,PAYMENT
where do I check my shipment?,ORDER
can I contact someone?,CONTACT
do you mind asking an agent how I could request some invoices?,INVOICES
"im discontent with the service, can i file a consumer complaint?",FEEDBACK
how do I remove my online account?,ACCOUNT
can you tell me if I can check my package?,ORDER
"I need a reimbursement, how do I get one?",REFUNDS
"i got an error when i attempted to make a payment, but i was charged anyway, report it",PAYMENT
"the game was postponed, can u help me?",REFUNDS
"i changed my mind, what can i do to delete my online account?",ACCOUNT
can u ask an agent if i can get a refund?,REFUNDS
can you tell me if i can own several user accounts?,ACCOUNT
how can I view your money back guarantee?,REFUNDS
ask an agent how to see the status of my purchase,ORDER
tell me where I can gt an invoice,INVOICES
"could u ask an agent where i can close my profile, please?",ACCOUNT
"I want information, talk to Customer Service",CONTACT
"I want to file an opinion for a service, what do I have to do ?",FEEDBACK
download an invoice,INVOICES
"I have an issue paying for my online order, what can I do to notify it?",PAYMENT
"I have an issue when trying to pay, how can I notify it?",PAYMENT
help me notify issues making a payment,PAYMENT
"I've got no online account, I need help opening one",ACCOUNT
could you ask an agent how I can report fucking issues with my payment?,PAYMENT
"can u ask an agent to cancel a fucking purchase, please?",ORDER
"I don't want my profile, how do I delete it?",ACCOUNT
"I don't have an online account, how do I open one?",ACCOUNT
"I want to get an invoice, can you tell me how I can do it?",INVOICES
I want to change my purchase before you send it,ORDER
"can you talk to fucking Client Service, please?",CONTACT
"I don't want my profile, what should I do to cancel it?",ACCOUNT
can I make an payment with Master Card?,PAYMENT
where can I view the cancellation penalties?,CANCELLATION_FEE
"I want to make a review for a service, can you help me?",FEEDBACK
can you tell me where to change my order?,ORDER
I don't have an account and I want to open one,ACCOUNT
check my shipment,ORDER
I want information about receiving the newsletter,NEWSLETTER
"i have an issue when trying to pay for my order, help me notify it",PAYMENT
i wanna speak with customer support,CONTACT
can you tell me if I can create two accounts with the same email address?,ACCOUNT
"I have an issue when trying to make a payment, help me inform of it",PAYMENT
how can I see the status of my purchase?,ORDER
"I want to lodge an opinion, what should I do?",FEEDBACK
I have a problem paying with card,PAYMENT
"I change my mind, what should I do to delete my online account?",ACCOUNT
"I need information, what do I have to do to speak with Customer Support?",CONTACT
"you aren't helping, how do I talk to a human?",CONTACT
could u ask an agent how i can request a reimbursement?,REFUNDS
"I haven't got an online account, can I register?",ACCOUNT
I want to know if I can check my packages,ORDER
where to switch to another user account,ACCOUNT
how do I solve a fucking problem paying?,PAYMENT
can I register two accounts with a single email?,ACCOUNT
can u ask an agent where i could check my fucking bills?,INVOICES
can you tell me about the delivery period for my ticket?,DELIVERY
I want to know if my padkage is out for delivery,ORDER
how can I see your refund policy?,REFUNDS
how to solve a payment issue,PAYMENT
I loxt my account password and I want to retrieve it,ACCOUNT
"i want to know if i could create two fucking online accounts with a single email, please",ACCOUNT
can you tell me the phone number of customer support?,CONTACT
"my user account's been hacked, can I recover it?",ACCOUNT
"im happy with the service, help me lodge an opinion",FEEDBACK
can u show me the number of Customer Service?,CONTACT
i wanna know what the mail of client service is,CONTACT
I purchased an item and I want to change my order,ORDER
"an error pops when I attempt to pay for my online order, what do I have to do?",PAYMENT
"i bought a product, can I change my order?",ORDER
"i want to report an issue making a payment, what can i do?",PAYMENT
"I have no online account, can you create one?",ACCOUNT
"i want to see my invoice, whaty should i do?",INVOICES
"the show was postponed, could I request a fuckingreimbursement?",REFUNDS
"please, can you ask an agent to notify a problem with my payment?",PAYMENT
ask an agent how I can make an fucking complant,FEEDBACK
tell me if I can register more than one user account with the same email,ACCOUNT
"I bought a product, what can I do to change my purchase?",ORDER
"I want to delete my profile, how can I do it?",ACCOUNT
can u ask an agent where i can report an issue with my payment?,PAYMENT
ask an agent if i canobtain a bill,INVOICES
"I have a question , I need help contacting Customer Service",CONTACT
"I have a problem making a payment, notify it",PAYMENT
"I don't have an online account, can I register?",ACCOUNT
"I lost my account password, what do I have to do to reset it?",ACCOUNT
is it possible to request a bill?,INVOICES
"ask an agent if i can inform of issues paying, please",PAYMENT
"I got an error when I tried to pay, but my card was charged anyway, I need help reporting it",PAYMENT
"I purchased an item, help me change my order",ORDER
"i want to notify an issue making a payment, what should i do?",PAYMENT
"please, could u ask an agent to solve a fucking problem making a payment?",PAYMENT
"ask an agent if i can solve a problem with my payment, please",PAYMENT
where to inform of issues making a payment,PAYMENT
"i need information, call customer service",CONTACT
can I check my package?,ORDER
"I don't understand you, can you talk to a human agent?",CONTACT
"I want to view my invoices, what ddo I have to do?",INVOICES
where can i check your payment methods?,PAYMENT
I want to check my deliveriers,ORDER
can I register several online accounts with a single email address?,ACCOUNT
"ive got no fucking online account, open one , please",ACCOUNT
can I close my profile?,ACCOUNT
"I have a problem paying for my online order, how can I report it?",PAYMENT
"can u call customer service, please?",CONTACT
can u ask an agent how to inform of an issue paying?,PAYMENT
can u ask an agent how i can inform of a payment issue?,PAYMENT
"i have an issue when trying to pay with card, what do i have to do?",PAYMENT
i want information and id like to send a email to fucking customerservice,CONTACT
how do i see the options for delivery?,DELIVERY
can i file a complaint?,FEEDBACK
ho to leave a review,FEEDBACK
I want information about the mail address of the Customer Service,CONTACT
"I want to track my orders, can you tell me how to do it?",ORDER
I want to know how I can track my shipment,ORDER
can you show me the mail address of the Customer Support?,CONTACT
"I want a user account, I need help opening one",ACCOUNT
"I have a problem paying with card, how do I inform of it?",PAYMENT
"I changed my mind, can I delete my user account?",ACCOUNT
can you tell me what the free number to contact customre service is ?,CONTACT
can you ask an agent where I can track my packages?,ORDER
"the concert was postponed, what do I have to do to get a reimbursement?",REFUNDS
"I changed my mind, can you delete my account?",ACCOUNT
help me notify a payment problem,PAYMENT
where to report an issue paying,PAYMENT
tell me if I can register several user accounts with a single email,ACCOUNT
can u ask an agent how i can send an email to customer service?,CONTACT
"the concert was cancelled, what do I have to do to obtain a reimbursement?",REFUNDS
I want information about the mail of the Customer Support,CONTACT
can u ask an agent if i can view the cancellation penalty?,CANCELLATION_FEE
ask an agent where to close my account,ACCOUNT
"I changed my mind, what ahould I do to close my profile?",ACCOUNT
"I don't have a shipping address, how do I set it up?",SHIPPING
can you tell me the email address of the Client Service?,CONTACT
can you ask an agent how to solve fucking problems paying?,PAYMENT
"i want to see the email address to contact Customer Support, please",CONTACT
"check my fuckingbill, please",INVOICES
"the event was cancelled , help me request a refund",REFUNDS
"im discontent with the service, can u make a consumer complaint?",FEEDBACK
"im discontent with the service, how do i file a consumer complaint?",FEEDBACK
can I report issues maiing a payment?,PAYMENT
"I haven't got an account, what do I have to do to open one?",ACCOUNT
"I want to file an opinion, can you help me?",FEEDBACK
how do I update my shipping address?,SHIPPING
"please, can u ask an agent where i can obtain a fucking reimbursement?",REFUNDS
"I have no user account, register",ACCOUNT
I have a problem making a payment,PAYMENT
"I want to view the options for ticket delivery, can you help me?",DELIVERY
ask an agent to switch to another profile,ACCOUNT
I want to know where to track my orders,ORDER
"could you ask an agent how to change the information on my fucking profile, please?",ACCOUNT
"youre not helping and i wanna speak with a human, please",CONTACT
"I got an error message when I tried to pay, but my card was charged anyway, help me notify it",PAYMENT
"I have no account, register",ACCOUNT
where to place an order,ORDER
how do I inform of an issue with my payment?,PAYMENT
tell me how to track my shipment,ORDER
I want to know what the hours of Customer Service are,CONTACT
ask an agent where I can see their fucking money back policy,REFUNDS
help me speak with Client Service,CONTACT
"i need help notifying issues making a payment, please",PAYMENT
I want to report problems making a payment,PAYMENT
Ifound an issue creating an account,ACCOUNT
"I have an issue when trying to pay for my order, whta can I do to notify it?",PAYMENT
"i wanna track my order, can u help me?",ORDER
i need information and i want to spaek with client service,CONTACT
"i want a refund , what can i do to obtain one?",REFUNDS
ask an agent if i can check my package,ORDER
i wanna know if i could have more than one user account,ACCOUNT
I want to get information about subscribing to the newsletter,NEWSLETTER
"i got an error message when i attempted to make a payment, but i was charged anyway and i want to inform of it",PAYMENT
I have no online account,ACCOUNT
"I lost my account password, what should I do to retrieve it?",ACCOUNT
i need help filing a complaint,FEEDBACK
"I want a refund, what can I do to obtain one?",REFUNDS
ask an agent for information about the cancellation penalties,CANCELLATION_FEE
I want information about downloading an invoice,INVOICES
I want to notify a problem with my payment,PAYMENT
I want to know if you have a newsletter to keep me up-to-date,NEWSLETTER
can I own more than one account?,ACCOUNT
could u ask an agent to track my shipment?,ORDER
"I lost my invoice, what should I do to check it?",INVOICES
"I changed my mind, help me delete my user accoint",ACCOUNT
"I want to see some invoices, tell me how to do it",INVOICES
"i got a error when i attempted to pay, but my card was charged anyway, what can i do to inform of it?",PAYMENT
"I'm interested in your money back guarantee, tell me about it",REFUNDS
I want to modify my order,ORDER
I want to modify my shipping address,SHIPPING
"I want to see cancellation fees, can you help me?",CANCELLATION_FEE
"can you ask an agent if I can cancel my online account, please?",ACCOUNT
how can I request some bills?,INVOICES
"I forgot my account password, what should I do to retrieve it?",ACCOUNT
"I'm happy with the service, I need help filing a cdomment",FEEDBACK
i ordered an item and I want to modify my order,ORDER
"can u ask an agent how i can cancel my profile, please?",ACCOUNT
im not happy with the servicfe and i wanna submit a complaint,FEEDBACK
"I want a profile, help me create one",ACCOUNT
"you're not helping, what can I do to contact a human?",CONTACT
I don't want my profile and I want to delete it,ACCOUNT
is there any person available?,CONTACT
"i can't find my invoices, show them",INVOICES
tell me if I can track my deliveries,ORDER
where can I notify issues making a payment?,PAYMENT
"i wanna lodge a comment for a service, what should i do?",FEEDBACK
can you ask an agent how to get an invoice?,INVOICES
can you tell me how I cfan check my delivery?,ORDER
"please, could you ask an agent how I could reset my account password?",ACCOUNT
tell me if I can see some invoices,INVOICES
"I didn't receive my invoices, can you view them?",INVOICES
"I have an issue when trying to pay, report it",PAYMENT
"my account was hacked, can you get it back?",ACCOUNT
"you're not helping, I need help speaking with a human",CONTACT
how can I send an email to Client Service?,CONTACT
"I got an error message when I attempted to make a payment, but I was charged anyway, can I report it?",PAYMENT
"the game was cancellerd, what can I do?",REFUNDS
"I can't understand you, I need help speaking with someone",CONTACT
"I want to download a fucking bill, can you show me some information?",INVOICES
"I want information, I need help speaking with fucking Client Service",CONTACT
help me send an email to Client Service,CONTACT
tell me if there is a free phone number to contact Customer Support,CONTACT
"I have an issue making a payment, can you belp me ?",PAYMENT
can u ask an agent for information about requesting some invoices?,INVOICES
"could you ask an agent if I could view my bills, please ?",INVOICES
"i want to modify my profile, how can i do it?",ACCOUNT
"i want to make a consumer complaint for a service, can u help me?",FEEDBACK
"please, tell me if i could get a bill",INVOICES
is it possible to obtain some invoices?,INVOICES
"could u ask an agent where i could obtain a fucking refund, please?",REFUNDS
how do i call customer support?,CONTACT
can you ask an agent where I can view the fucking cancellation fee?,CANCELLATION_FEE
"the game was cancelled, can I obtain a refund?",REFUNDS
can you get some invoices?,INVOICES
"please, ask an agent where I could report a fucking issue paying",PAYMENT
"the show was postponed, what do i have to do to request a reimbursement?",REFUNDS
help me view my invoice,INVOICES
how do I see your money back policy?,REFUNDS
"I got an error message when I attempted to make a payment, but my card was charged anyway , help me notify it",PAYMENT
"I want to see a bill, can you give me some information?",INVOICES
"I can't remember my account password, help me recover it",ACCOUNT
what is your refund policy?,REFUNDS
what's the number to contact Customer Support?,CONTACT
I want to view the cancellation penalties,CANCELLATION_FEE
i wanna know what the mail of the Customer Support is,CONTACT
"I have a problem when trying to make a payment, can you inform of it?",PAYMENT
"I can't understand you, I need help speaking with a person",CONTACT
"an error message pops when I attempt to pay with card, what do I have to do?",PAYMENT
"ik would like to check my orders, can you tell me how I can do it, please?",ORDER
"I don't like the service, what can I do to make a complaint?",FEEDBACK
"I don't know anything about your money back policy, can you tell me about it, please?",REFUNDS
tell me if I can register several user accounts with a single email address,ACCOUNT
I cannot understand you and I'd like to talk to a person,CONTACT
I need information about getting a bill,INVOICES
"I can't understand you, can you talk to someone?",CONTACT
I want to see the email address of Customer Service,CONTACT
"ive got no fucking online account, i need help registering",ACCOUNT
"I want to report a problem with my payment, what can I do?",PAYMENT
I need help viewing my bills,INVOICES
ask an agent where I could lodge a consumer complaint for a service,FEEDBACK
"I want a profile, can you create one?",ACCOUNT
"i wanna make a review, what can i do?",FEEDBACK
how do I lodge a consumer complaint for a service?,FEEDBACK
"I want a user account, can I open one?",ACCOUNT
I need informationn about the mail of the Client Service,CONTACT
"I can't find my invoices, how could I view them?",INVOICES
what are the options for delivery?,DELIVERY
how can I check my order?,ORDER
how do i make a complaint?,FEEDBACK
"I lost my invoice, how do I see it?",INVOICES
"i purchased an item, i need help changing my purchase, please",ORDER
"could u ask an agent how i can contact fucking customer service , please?",CONTACT
"I can't understand you, can I contact a person?",CONTACT
"I have a problem paying with card , what should I do to notify it?",PAYMENT
tell me if I can create several online accounts with the same email address,ACCOUNT
tell me if i can track my packages,ORDER
"i got an error message when i tried to make a payment, but my card was charged anyway, how do i notify it?",PAYMENT
i need information about the mail of the Client Service,CONTACT
tell me if there is a newsletter i can receive,NEWSLETTER
"the show was postponed, what should I do to obtain a reimbursement?",REFUNDS
"the concert was postponed, can I get a reimbursement?",REFUNDS
"I want to check the ticket delivery options, what should I do?",DELIVERY
"I have n problem when trying to pay for my online order, how could I report it?",PAYMENT
"I have an question, I need help contacting Client Service",CONTACT
could you tell me if I can create two accounts with the same email address?,ACCOUNT
I have a problem registering,ACCOUNT
"I would like to make a fucking order, can you help me?",ORDER
"the game was cancelled, can I request a reimbursement?",REFUNDS
"I ofrgot my password, help me retrieve it",ACCOUNT
tell me where I can download a bill,INVOICES
ask an agent if i can cancel my account,ACCOUNT
can u ask an agent where to view the options for ticket delivery?,DELIVERY
i need help closing my user account,ACCOUNT
ask an agent how to change to another account,ACCOUNT
"I have no online account, I need help opening one",ACCOUNT
"i wanna request a bill, can you show me some information?",INVOICES
tell me about modifying my purchase,ORDER
"im happy with the service, submit a comment",FEEDBACK
"my account was hacked, what do I have to do?",ACCOUNT
can I cancel my account?,ACCOUNT
I would like to notify a fucking problem paying,PAYMENT
"can you ask an agent how to report a fucking issue paying, please?",PAYMENT
"I do not have an online account and I would like to open one, please",ACCOUNT
can yuou tell me if I can have more than one online account?,ACCOUNT
can you tell me the phone number to contact Customer Support?,CONTACT
"an error message pops when I attempt to pay for my online order, can you help me?",PAYMENT
"I would like to notify a problem with my payment, what can I do?",PAYMENT
"i have no user account, can u register?",ACCOUNT
can u ask an agent if I can check my package?,ORDER
how do I update my profile?,ACCOUNT
"please, can you ask an agent if I could inform of a fucking issue making a payment?",PAYMENT
I wanna know if my package is out for delivery,ORDER
ask an agent what my packages of my fucking shipment is,ORDER
speak with a human,CONTACT
"you arent helping, what can i do to contact someone?",CONTACT
what's the mail address to contact Customer Support?,CONTACT
I want to know how to get a bill,INVOICES
"I have a question, can I call Customer Support?",CONTACT
"I don't want my account, what can I do to remove it?",ACCOUNT
"I ordered a product, what do I have to do to change my rder?",ORDER
I want to know how to check my shipments,ORDER
"I have an issue when trying to pay with card, can you inform of it?",PAYMENT
i want a profile and i wana create one,ACCOUNT
"I'm not happy with the service, could you lodge a complaint?",FEEDBACK
"please, could you ask an agent to inform of problems paying?",PAYMENT
is it possible to get some bills?,INVOICES
tell me if I can create two user accounts with the same email,ACCOUNT
someone stole my account password and i want to recover it,ACCOUNT
can u ask an agent how to get a refund?,REFUNDS
I want to ask for information about seeing a bill,INVOICES
"please, can you ask an agent if I could reset my fucking account password?",ACCOUNT
ask an agent what the status of my order is,ORDER
"I got an error message when I tried to make a payment, but my card was charged anyway, how could I inform of it?",PAYMENT
how long do refunds take?,REFUNDS
"I have a problem when trying to pay for my order, can you help me?",PAYMENT
I need help getting a reimbursement,REFUNDS
"I got an error when I tried to make a payment, but my card was charged anyway and I want to notify it, please",PAYMENT
"i got an reror message when i tried to make a payment,but i was charged anyway",PAYMENT
"I have an issue when trying to make a payment, can you help me?",PAYMENT
my account was hacked and i want to recover it,ACCOUNT
how can i call customer service?,CONTACT
ask an agent if i could report payment problems,PAYMENT
I want to knowif I can register several online accounts with the same email,ACCOUNT
"I have a problem when trying to make a payment, what can I do to inform of it?",PAYMENT
where to change to anpther account,ACCOUNT
"I have a question, what can I do to talk to Customer Service?",CONTACT
"the game was postponed, what do I have to do to obtain a refund?",REFUNDS
"I don't watn my profile, can remove it?",ACCOUNT
"I can't find my bills, check them",INVOICES
"I want to track my packages, can you tell me how to do it?",ORDER
"I lost my invoices, how can I view them?",INVOICES
show me the status of my purchase,ORDER
"the event was postponed, what can i do?",REFUNDS
"I have an issue paying with card, how do I inform of it?",PAYMENT
"i have an issue when trying to pay with card, could i inform of it?",PAYMENT
"Id like to request information about modifying my order, please",ORDER
"i want to use my other user account, i need help changing them",ACCOUNT
I want to know if I can register more than one online account with the same email,ACCOUNT
"could you ask an agent where to view the delivery options, please?",DELIVERY
"I got an error message when I tried to make a payment, but I was charged anyway, can you inform of it?",PAYMENT
"I need a refund, what can I do to get one?",REFUNDS
an error pops when i try to pay with card,PAYMENT
I want information about the delivery options,DELIVERY
"you aren't helping, can I talkto a human agent?",CONTACT
how to speak with Customer Service,CONTACT
"could you tell me what the free number of Customer Support is, please?",CONTACT
"I want to see your money back policy, what can I do?",REFUNDS
ask an agent where to check my bills,INVOICES
"I lost my password, how do I reset it?",ACCOUNT
I don't know anything about your refund policy,REFUNDS
"I want to remove my account, how can I do it?",ACCOUNT
"I have an issue paying for my online order, help me report it",PAYMENT
"I don't understand you, how can I talk to a human?",CONTACT
can you show me the phone number to contact Customer Service?,CONTACT
I'm not happy with the service and I want to file a complaint,FEEDBACK
"I have a question, what should I do to send an email to Customer Service?",CONTACT
"can you ask an agent to show me information about the statsu of my purchase, please?",ORDER
you are not helping and I'd like to contact a human agent,CONTACT
can u ask an agent if there's a newsletter I could receive?,NEWSLETTER
"i dont want my user account, what should i do to close it?",ACCOUNT
"I didn't receive my invoice, what do I have to do to view it?",INVOICES
"I purchased something, what can I do to modify my order?",ORDER
I want information about the status of my refund,REFUNDS
I want to delete my online account,ACCOUNT
I ned help checking the cancellation penalties,CANCELLATION_FEE
can you tell me the free phone number of Client Service?,CONTACT
download some bills,INVOICES
can you show me the free phone number of Client Service?,CONTACT
help me check your refund policy,REFUNDS
ask an agent to create a profile,ACCOUNT
how do I edit the information on my profile?,ACCOUNT
"i want to see my invoices, what can i so?",INVOICES
"I want informatoin, how can I send an email to Customer Support?",CONTACT
"I ordered something, what can i do to change my order?",ORDER
"i have an issue when trying to pay for my online order, how do i inform of it?",PAYMENT
can i own more than one online account?,ACCOUNT
"I have an issue when trying to pay for my online order, I need help notifying it",PAYMENT
i want to requset a reimbursement,REFUNDS
"i get an error when i try to pay for my order, can u helo me?",PAYMENT
"help me set up my shipping address, please",SHIPPING
"I have no user account, what do I have to do?",ACCOUNT
"please, could you ask an agent what the mail of the Client Service?",CONTACT
"i wanna open a fucking online account, could u help me?",ACCOUNT
"an error pops when I try to make a payment for my online order, can you help me?",PAYMENT
i wanna know what the email to contact customer service is,CONTACT
"someone stole my account password, how do I retrieve it?",ACCOUNT
I found a problem when trying to create a profile,ACCOUNT
"I got an error when I attempted to make a payment, but my card was charged anyway , what do I have to do to notify it?",PAYMENT
I ordered an item and i wanna modify my purchase,ORDER
"i haevnt got an account, what should i do to open one?",ACCOUNT
"please, ask an agent if I can open an account",ACCOUNT
"I have an issue making a payment with card, can I report it?",PAYMENT
"i got an error message when i attempted to make a payment, but i was charged anyway, can u inform of it?",PAYMENT
"I want an account, can I create one?",ACCOUNT
ask an agent how to lodge a consumer complaint,FEEDBACK
"i want to modify my fucking purchase, tell me where I can do it, please",ORDER
"I have an issue paying for my order, help me report it",PAYMENT
"I'd like to report a payment issue, what do I have to do?",PAYMENT
"I ordered something, what do I have to do to change my purchase?",ORDER
"i changed my mind, how can i close my online account?",ACCOUNT
"I wanna receive the newsletter, can you give me some information?",NEWSLETTER
"I don't understand you, how can I talk to someone?",CONTACT
information about your payment options,PAYMENT
i have no shipping address and i want to set one up,SHIPPING
I want to know how to track my delivery,ORDER
"my account's been hacked, what do i have to do?",ACCOUNT
i need help notifying an issue with my payment,PAYMENT
I wanna know about modifying my purchase,ORDER
"the show was cancelled, what can I do to request a refund?",REFUNDS
"I need information, help me speak with Customer Support",CONTACT
"I don't like the service, how do I submit a complaint?",FEEDBACK
"I can't understand you, how can I talk to a person?",CONTACT
"I got an error when I tried to pay, but I was charged anyway and I'd like to inform of it",PAYMENT
can I register several online accounts with the same email address?,ACCOUNT
can I register more than one user account witg a single email?,ACCOUNT
i need information and i want to call client service,CONTACT
"I want to file a consumer complaint, what can I do?",FEEDBACK
how to make changes to my profile,ACCOUNT
ask an agent if i can leave a fucking review,FEEDBACK
"I can't find my invoice, helpo me check it, please",INVOICES
"I am happy with the service and I would like to submit an opinion, please",FEEDBACK
"I want to make a comment for a service, what can I do?",FEEDBACK
"i need a refund, what can i do to obtain one?",REFUNDS
I didn't receive my bipl and I want to view kt,INVOICES
can i send an email to customer support?,CONTACT
"please, I'd like to ask for information about seeing some bills",INVOICES
"I don't have a shipping address, can I set one up?",SHIPPING
"I got an error when I attempted to pay, but I was charged anyway , can I notify it?",PAYMENT
where to see your money back policy,REFUNDS
can you tell me if I can register two profiles with a single email?,ACCOUNT
how do I view my bill?,INVOICES
"I want to make an opinion, what should I do?",FEEDBACK
"you aren't helping, how do I contact fucking someone?",CONTACT
"you're not helping, can I speak with a human?",CONTACT
"I ordered a product, help me modify my purchase",ORDER
"ask an agent if I could notify an issue with my payment, please",PAYMENT
"i purchased something, help me change my purchase",ORDER
"I want to lodge an opinion, can you help me?",FEEDBACK
"i want to lodge a consumer complaint for a service, what do i have to do?",FEEDBACK
"I lost my bills, show them",INVOICES
can u ask an agent where to inform of issues with my payment?,PAYMENT
can u ask an agent were i can inform of issues with my payment?,PAYMENT
tell me where to download a bill,INVOICES
can u ask an agent if i could cancel my user account?,ACCOUNT
can you tell me how I can obtain some bils ?,INVOICES
"I don't understand you, contact a human",CONTACT
"please, could you ask an agent if I could see the fucking cancellation fee?",CANCELLATION_FEE
tell me how to get some invoices,INVOICES
how can I solve an issue paying?,PAYMENT
i wanna open a user account,ACCOUNT
"i want to submit a comment for a service, what should i do?",FEEDBACK
could you contact fucking Customer Service ?,CONTACT
"the show was cancelled, help me request a refund",REFUNDS
"the concert was postponed, can you help me?",REFUNDS
"i have a question, what can i do to speak with client service ?",CONTACT
"i bought an item, how do i modify my purchase?",ORDER
i wanna know how I can track my order,ORDER
can u ask an gaent how to download some bills?,INVOICES
"please, can u ask an agent where I can check my package?",ORDER
can u ask an agent if i can inform of an issue paying?,PAYMENT
"I got an error message when I tried to make a payment, but my card was charged anyway",PAYMENT
"you aren't helping, can you speak with a person?",CONTACT
where can i report problems making a payent?,PAYMENT
could u askan agent ohw to check their fucking money back guarantee?,REFUNDS
can u ask an agent what i can get a reimbursement for?,REFUNDS
how do I send an email to Customer Service?,CONTACT
"please, ask an agent how i can contact customer support",CONTACT
I want informatrion avout my bills,INVOICES
"I get an error message when I try to make a payment for my order, can you help me?",PAYMENT
"i wana lodge a fucking opinion, whta should i do?",FEEDBACK
"I have an issue when trying to make a payment with card, I need help notifying it",PAYMENT
"i want to delete my profile, where can i do it?",ACCOUNT
an error message pops when I attempt to make a payment for my online order,PAYMENT
"can you ask an agent how I can inform of problems paying, please?",PAYMENT
is it possible to obtain an invoice?,INVOICES
"I got an error message when I attempted to make a payment, but I was charged anyway, how can I notify it?",PAYMENT
where to switch to another account,ACCOUNT
"I want to notify a payment issue, can you help me ?",PAYMENT
"please, ask an agent where I could reecive a refund",REFUNDS
"I got an error message when I attempted to make a payment, but my card was charged anyway, how do I inform of it?",PAYMENT
can u ask an agent to show me information about the cancellation penalties?,CANCELLATION_FEE
I want to receive a reimbursement,REFUNDS
"you aren't helping, what should I do to contact a human?",CONTACT
I can't understand you,CONTACT
"I got an error message when I tried to make a payment, but I was charged anyway, what can I do?",PAYMENT
"I haven't got a user account, what can I do to open one?",ACCOUNT
I want to know how to chasnge my prchase,ORDER
"I want information, what do I have to do to talk to Client Service?",CONTACT
"i got an error when i tried to pay, but i was charged anyway, how do i inform of it?",PAYMENT
"can u find information about the xancrllation fee, please?",CANCELLATION_FEE
"I'm happy with the service, lodge a review",FEEDBACK
where can I notify a payment issue ?,PAYMENT
I want to get information about changing my order,ORDER
"I have a question, how can I talk to Customer Support?",CONTACT
"I'm not happoy with the service, file a cosumer complaint, please",FEEDBACK
"I want to lodge a complaint, what should I do?",FEEDBACK
"i need information, what do i have to do to speak with client service?",CONTACT
where do I view the status of my refund ?,REFUNDS
"I want to see an invoice, can you tell me where to do it?",INVOICES
"I got an error message when I attempted to pay, but my card was charged anyway, inform of it",PAYMENT
"i want to report a payment problem, what should i do?",PAYMENT
"i have an issue when trying to pay for my online order, report it",PAYMENT
"ive got no online account, i need help opening one",ACCOUNT
can you tell me if I can create several online accounts with a single email address?,ACCOUNT
how to see the status of my purchase,ORDER
"an error message pops when I attempt to make a payment with card, can you help me?",PAYMENT
"you aren't helping, what can I do to contact someone?",CONTACT
i bought a product and I want to change my purchase,ORDER
can I register two online accounts with a single email?,ACCOUNT
can you tell me if I can track my shipments?,ORDER
"I don't understand you, what can I do to contact a person?",CONTACT
I want to know how to download a bill,INVOICES
"I want to inform of a probelm making a payment, can you help me?",PAYMENT
ask an agent where i can track my order,ORDER
"I haven't got an account, what should I do to create one?",ACCOUNT
"I want to cancel an order, what do I have to do?",ORDER
"an error pops when I attempt to make a payment for my online order, what should I do?",PAYMENT
how do I file a consumer complaint for a service?,FEEDBACK
"I want to obtain an invoice, can you show me some infrmation?",INVOICES
how can I modify my purchase?,ORDER
tell me what the phone number to contact Client Service is,CONTACT
"please, could you ask an agent where I can file a consumer complaint?",FEEDBACK
can I view your reimbursement policy?,REFUNDS
can you find information about the mail address of the Customer Service?,CONTACT
"you aren't helping, help me speak with a person",CONTACT
I get an error message hen I try to make a payment for my online order,PAYMENT
"i dont want my profile , i need help closing it",ACCOUNT
tell me if I can pay with credit card,PAYMENT
can you ask an agent if i can track my order?,ORDER
"I need information, I need help speaking with Client Service",CONTACT
"you arent helping, what should i do to speak with a person?",CONTACT
"I don't want my account, how can I delete it?",ACCOUNT
"im not happy with the service, help me submit a consumer complaint",FEEDBACK
"you're not helping, can you speak with someone?",CONTACT
can I view your money back guarantee?,REFUNDS
I have a problem when trying to pay and I want to report it,PAYMENT
how can I write a review for a service?,FEEDBACK
I don't have a fucking user account,ACCOUNT
I want to know if I can create several accounts with the same email,ACCOUNT
"i cant understand you, can u contact a person?",CONTACT
"I got an error when I attempted to make a payment, but I was charged anyway, help me notify it",PAYMENT
i wanna know if i can register several profiles with a single email address,ACCOUNT
can I cancel my online account?,ACCOUNT
i need help writing a comment,FEEDBACK
"I want to view cancerllation fees, what should I do?",CANCELLATION_FEE
can i register several profiles with a single email address?,ACCOUNT
"I have a problem making a payment with card, what can I do to report it?",PAYMENT
how to get some bills,INVOICES
I want information about obtaining some bills,INVOICES
"please, could u ask an agent to open a fucking account?",ACCOUNT
"i got an error message when i attempted to make a payment, but my card was charged anyway, how do i report it?",PAYMENT
"I got an error when I tried to pay, but I was charged anyway, how can I inform of it?",PAYMENT
ask an agent how i can solve a payment problem,PAYMENT
"i want to know the statua of my reimbursement, track ot",REFUNDS
how can I check the cancellation penalties?,CANCELLATION_FEE
"I don't understand you, how do I talk to someone?",CONTACT
could u ask an agent how to retrieve my password ?,ACCOUNT
"I don't understand you, how do I talk to a human agent?",CONTACT
"my account has been hacked, how do i recover it?",ACCOUNT
"I got an error when I tried to pay, but I was charged anyway, what can I do to report it?",PAYMENT
"I changed my mind, I need help deleting my online account",ACCOUNT
"I have an issue making a payment, I need help reporting it",PAYMENT
"i have a problem making a payment with card, help me inform of it",PAYMENT
"I bought an item, what can I do to change my orderr?",ORDER
help me delete my user account,ACCOUNT
I need help checking my shipments,ORDER
i want to solve an issue makinng a payment,PAYMENT
"I lost my bills, what do I have to do to view them?",INVOICES
"I've got no profile, how can I create one?",ACCOUNT
tell me if there is a free number to contact Customer Service,CONTACT
"I wanna see a bill, tell me how to do it",INVOICES
"i wanna see some bills, tell me how I can do it",INVOICES
i made a mistake nad i wanna change my purchase,ORDER
"i purchased something, I need help changing my ordere",ORDER
"I have a issue paying with card, how can I inform of it?",PAYMENT
"I got an error when I attempted to make a payment, but my card was charged anyway, what do I have to do to inform of it?",PAYMENT
tell me how to get a bill,INVOICES
"I got an error message when I attempted to make a payment, but my card was charged anyway, what do I have to do to report it?",PAYMENT
"I can't understand you, contact someone",CONTACT
"I have an issue when trying to make a payment, I need help reporting it",PAYMENT
I need help deleting my online account,ACCOUNT
how can I report a problem making a payment?,PAYMENT
"I'm not happy with the service, what should I do to file a consumer complaint?",FEEDBACK
I need help obtaining an invoice,INVOICES
"I don't understand you, how can I talk to a person?",CONTACT
how do I leave a review?,FEEDBACK
"the show was cancelled, how do I get a reimbursement?",REFUNDS
I need help removing my user account,ACCOUNT
"I have a problem when trying to pay, what should I do?",PAYMENT
"can you tell me if i could change my order, please?",ORDER
"please, can you ask an agent to find information about their reimbursement policy?",REFUNDS
"i boughtsomething, can I change my order?",ORDER
"you aren't helping , can I talk to a person?",CONTACT
"i have a problem when trying to make a payment with card, help me notify it",PAYMENT
"ask an agent how I could solve payment issues, please",PAYMENT
"I have a problem when trying to pay, notify it",PAYMENT
"i purchased something, what should i do to modify my purchase?",ORDER
the event was postponed and I want to request a reimbursement,REFUNDS
can u sak an agent where i can notify fucking issues making a payment?,PAYMENT
"i wanna use my other profile, i need help changing them",ACCOUNT
ask an agent if i can switch to another profile,ACCOUNT
"i got an error when i attempted to pay, but i was charged anyway, could u inform of it, please?",PAYMENT
"i have a question, what can i do to call client service?",CONTACT
how do I obtain a bill?,INVOICES
can you tell me the number to contact Client Service?,CONTACT
how can I see the cancellation fee?,CANCELLATION_FEE
"I don't want my profile, how can I cancel it?",ACCOUNT
"i lost my account password, help me reset it",ACCOUNT
where do I check my bills?,INVOICES
"I want a user account, can you create one?",ACCOUNT
"I wanna request an invoice, can you give me some information?",INVOICES
"i lost my invoices and i wanna see them, please",INVOICES
"you're not helping, talk to someone",CONTACT
"I don't want my online account, help me remove it",ACCOUNT
"i lost my account password, can i recover it?",ACCOUNT
"my online account was hacked, what do I have to do?",ACCOUNT
can I check the cancellation fees?,CANCELLATION_FEE
"I have no profile, can you help me?",ACCOUNT
could u ask an agent where i can report issues making a payment?,PAYMENT
"please, can u ask an agent if i can write an opinion?",FEEDBACK
could you ask an agent for information abuot their money back guarantee?,REFUNDS
"I get an error message when I try to pay with card, what do I have to do?",PAYMENT
"I changed my mind, close my profile",ACCOUNT
"I need a profile, help me create one",ACCOUNT
"I have an issue paying, what can I do to notgify it?",PAYMENT
"I got an error when I atetmpted to make a payment, but my card was chargedanyway and I want to report it",PAYMENT
how to remove my online account,ACCOUNT
ask an agent how to inform of an issue making a payment,PAYMENT
"I want to know where I can check my shipments, please",ORDER
"I got an error message when I attempted to make a payment, but my card was charged anyway, what can I do to report it?",PAYMENT
can I have several online accounts?,ACCOUNT
"i want to report an issue making a payment, what should i do?",PAYMENT
"the game was postponed, what do I have to do to request a refund?",REFUNDS
tell me if I can own more than one account,ACCOUNT
where can I open an online account?,ACCOUNT
where do I check my orders?,ORDER
i'd like to make a modificatin in my purchase,ORDER
ask an agent if i could track my fucking packages,ORDER
ask an agent if i can notify a problem majing a payment,PAYMENT
"I have a problem paying with card, can I inform of it?",PAYMENT
"I don't understand you, what should I do to talk to a person?",CONTACT
"my online account was hacked, what should I do to recover it?",ACCOUNT
can u ask an agent if my order is out for delivery?,ORDER
where do I open an online account?,ACCOUNT
can you send an email to Client Service?,CONTACT
I want to know if my orders are out for delivery,ORDER
where do i obtain a refund?,REFUNDS
"I want to modify my purchase, can you tell me where to do it?",ORDER
"i have a problem when trying to pay, inform of it",PAYMENT
"the concert was postponed, can I get a refund?",REFUNDS
"i want to see some fucking bills, can you tell me how I can do it?",INVOICES
I want to report a payment issue,PAYMENT
"i wanna know the status of my reimbursement, what can i do?",REFUNDS
can u ask an agent how to report problems paying?,PAYMENT
tell me if I can check my shipment,ORDER
"I got an error when I tried to pay, but I was charged anyway, can you report it?",PAYMENT
tell me how I can track my orders,ORDER
how do I obtain a reimbursement?,REFUNDS
i cant remember my password and i wanna recover it,ACCOUNT
i can't find my bill and i want to see it,INVOICES
"someone stole my password, recover it",ACCOUNT
I need help switching to another account,ACCOUNT
"I can't find my bills, can you show them?",INVOICES
"I have an issue when trying yo pay, help me inform of it",PAYMENT
"I've got no account, how do I open one?",ACCOUNT
"please, could u ask an agent how to get a reimbursement?",REFUNDS
where can I see my bills?,INVOICES
"id like information, could u send an email to fucking customer service?",CONTACT
"I want to track my reimbursement, what can I do?",REFUNDS
"I'm not happy with the service, how do I lodge a consumer complaint?",FEEDBACK
"I want to edit my shipping address, can you help me?",SHIPPING
"I have an issue making a payment with card, what can I do to report it?",PAYMENT
can u ask an agent if i can leave a comment?,FEEDBACK
"ive got no user account, what do i have to do?",ACCOUNT
"I would like to lodge an opinion for a service, can you help me?",FEEDBACK
"i have a problem when trying to pay, can i report it?",PAYMENT
"i want to view the fucking ticket delivery options, what should i do, please?",DELIVERY
where can I receive the newsletter?,NEWSLETTER
ask an agent if i can solve payment issues,PAYMENT
can you tell me the ermail address to contact Customer Support?,CONTACT
"I have no account, what can I do?",ACCOUNT
can you tell me how I can get some invoices?,INVOICES
where do I notify problems with my payment?,PAYMENT
"i wanna submit a comment, what can i do ?",FEEDBACK
can I pay with Master Card?,PAYMENT
can i file a ocmplaint for a service?,FEEDBACK
i want to know if I can change my purchase,ORDER
"I want to check my package, can you tell me how to do it?",ORDER
how do I notify issues making a payment?,PAYMENT
"i want a profile, can u create one?",ACCOUNT
"I want to view cancellation fees , what can I do?",CANCELLATION_FEE
tell me if theres a newsletter i can subscribe to,NEWSLETTER
"I lost my password, what do I have to do to retrieve it?",ACCOUNT
"I don't like the service, make a complaint",FEEDBACK
"an error pops when I attempt to pay for my online order, what should I do?",PAYMENT
"I didn't receive my invoices, how can I check them?",INVOICES
"ask an agent how i could inform of a fucking issuepaying, please",PAYMENT
I want to know if I can modify my order,ORDER
"I got an error message when I tried to pay, but my card was charged anyway, notify it",PAYMENT
"i want a user account, what can i do to open one?",ACCOUNT
"I want to use my other online account, can I switch them?",ACCOUNT
how can I edit the information on my profile?,ACCOUNT
"you're not helping, what do I have to do to talk to a person?",CONTACT
"I need a refund, can you help me?",REFUNDS
can you tell me how long it takes for tickets to arrive?,DELIVERY
"I want to maked an order, what can I do?",ORDER
"i got an error when i tried to pay, but my card was charged anyway, what can i do to report it?",PAYMENT
can u ask an agent if i can solve a problem with my payment?,PAYMENT
"I have a problem when trying to make a payment, what should I do to notify it?",PAYMENT
"I get an error when I try to pay for my online order, what do I have to do?",PAYMENT
"I've got no account, what can I do to open one?",ACCOUNT
"i dont have a user account, what can i do?",ACCOUNT
ask an agent how to report a problem paying,PAYMENT
can you ask an agent where I could inform of a fucking problem paying?,PAYMENT
I found issues while registering,ACCOUNT
where can I register?,ACCOUNT
"i cant remember my password, recover it",ACCOUNT
"I'd like to modify my fucking order, could you tell me where I can do it?",ORDER
how do i check my invoices?,INVOICES
"i have a question, talk to customer service",CONTACT
"I want to lodge a comment for a service, what can I do?",FEEDBACK
"please , could u ask an agent where to report a payment problem?",PAYMENT
can I modify my profile?,ACCOUNT
I want to know where to download an invoice,INVOICES
can u ask an agent where i can see the cancellation fee?,CANCELLATION_FEE
"I don't want my user account, can you close it?",ACCOUNT
can I create two profiles with a single email address?,ACCOUNT
"I'm discontent with the service, I need help making a complaint",FEEDBACK
tell me if I can register two accounts with the same email,ACCOUNT
I want information about the cancellation penalties,CANCELLATION_FEE
how do I change my purchase?,ORDER
where can I notify an issue making a payment?,PAYMENT
"I haven't got an online account, how can I register?",ACCOUNT
i want information about the mail of the Client Service,CONTACT
"I didn't receive my invoices, help me check them",INVOICES
how to download a bill,INVOICES
how to track my order,ORDER
"could u ask an agent if i could update my profile, pleaes?",ACCOUNT
how do I check my order?,ORDER
"I have a question, what can I do to contact Customer Support?",CONTACT
"the event was postponed, help me obtain a reimbursement",REFUNDS
I wanna know where to check my shipments,ORDER
i changed my mind and i wanna cancel my online account,ACCOUNT
"I have a problem making a payment with card, can you report it?",PAYMENT
"i dont want my profile, how can i close it?",ACCOUNT
"I have a problem when trying to pay for my online order, what can I do to notify it?",PAYMENT
"i forgot my password, how can i retrieve it?",ACCOUNT
where can I close my account?,ACCOUNT
"I got an error when I tried to make a payment, but my card was charged anyway, I need help notifying it",PAYMENT
id like to see the fucking mail address to contact Customer Support,CONTACT
where can I delete my user accopunt ?,ACCOUNT
"I want to check my orders, can you tell me how I can do it?",ORDER
"I want a refund, how can I obtain one?",REFUNDS
"youre not helping, can u talk to a human?",CONTACT
"im happy with the service, what can i do to make an opinion?",FEEDBACK
"I lost my bills, can I view them?",INVOICES
how do I get a bill?,INVOICES
"I have a problem paying for my online order, what should I do to notify ti?",PAYMENT
"you aren't helping, speak with a human agent",CONTACT
I had a problem creating a profile,ACCOUNT
"I'm happy with the service, can you lodge a comment?",FEEDBACK
"im interested in your money back policy, can you tell me about it?",REFUNDS
can you tell me if i can register more than one account with the same email address?,ACCOUNT
I have an issue paying with card,PAYMENT
"I want a user avcount, can you help me?",ACCOUNT
"I'm discontent with the service, how can I submit a complaint?",FEEDBACK
"I have a problem paying with card, what do I have to do to report it?",PAYMENT
help me write a comment for a service,FEEDBACK
i want to see the email address to contact customer service,CONTACT
how do I check the options for ticket delivery?,DELIVERY
"I want to file a review for a service, what do I have to do?",FEEDBACK
"could you give me information about your money back policy, please?",REFUNDS
help me check my order,ORDER
"i got an error message when i tried to make a payment, but my card was charged anyway and id like to notify it, please",PAYMENT
i want to know if i can register more than one profile with the same email address,ACCOUNT
"i dont have a profile, can u create one?",ACCOUNT
how do I track my delivery?,ORDER
"i got an error when i attempted to make a payment, but my card was charged anyway, what can i do to report ikt?",PAYMENT
"youre not helping, what should i do to contact a human?",CONTACT
"I am discontent with the service and I want to submit a consumer complaint, please",FEEDBACK
can you tell me the email to contact Customer Support?,CONTACT
can u ask an agent to lodge a consumer complaint?,FEEDBACK
help me check the status of my reimbursement,REFUNDS
"please, could you find information about the mail of hte Customer Service?",CONTACT
i wanna see the fucking delivery period,DELIVERY
what's the delivery period for my tickets?,DELIVERY
"I have a problem making a payment, what can I do to notify it?",PAYMENT
"can u ask an agent how to report an issue paying, please?",PAYMENT
"I got an error when I attempted to pay, but I was charged anyway, can you notify it?",PAYMENT
"please, ask an agent to inform of an issue making a payment",PAYMENT
"I got an error when I tried to make a payment, but my card was charged anyway and I would like to report it",PAYMENT
ask an agent where to check my orders,ORDER
"I have an issue when trying to make a payment with card, how can I notify it?",PAYMENT
how to report payment problems,PAYMENT
"i have no user account and i wanna open one, please",ACCOUNT
where do I view your refund policy?,REFUNDS
"I want to report a problem making a payment, what should I do?",PAYMENT
"I wanna check ym orders, can you tell me where I can do it?",ORDER
help me get some invoices,INVOICES
how to inform of an issue with my payment,PAYMENT
i want to get some invoices,INVOICES
"i lost my password, could u recover it, please?",ACCOUNT
"I got an error when I tried to pay, but my card was charged anyway, can I report it?",PAYMENT
"I don't have an online account, can you open one?",ACCOUNT
can you tell me when my tickets are going to arrive?,DELIVERY
"you're not helping, what can I do to contact a fucking human agent?",CONTACT
my online account's been hacked,ACCOUNT
"I want an account, how can I open one?",ACCOUNT
"i lost my password, can i recover it?",ACCOUNT
"I lots my password, can I recover it?",ACCOUNT
"I would like to inform of a problem making a payment, could you help me?",PAYMENT
can you find information about your money back policy?,REFUNDS
can u ask an agent how to update my profile ?,ACCOUNT
"I have a question, what do I have to do to call Client Service?",CONTACT
I want information about the status of my reimbursement,REFUNDS
can you tell me if I can register several profiles with the same email address?,ACCOUNT
"i want to track my order, what can i do?",ORDER
I want to know if I can have several profiles,ACCOUNT
"i purchased a product, how could i modify my purchaes?",ORDER
can I check your money back guarantee?,REFUNDS
"i wanna see the potions for delivwry, can u help me?",DELIVERY
"I don't wang my user account, can you remove it ?",ACCOUNT
"please, ask an agent if i can obtain some bills",INVOICES
what information do you have about requesting a bill?,INVOICES
i wanna see a bil,INVOICES
Id like to request information about obtainnig some bills,INVOICES
"I want to inform of a payment problem, can you help me ?",PAYMENT
"I bought an item, what do I have to do to change my purchase?",ORDER
can u ask an agent for information about seeing some invoices?,INVOICES
I want to solve an issue with my payment,PAYMENT
"please, ask an agent how to reset my account password",ACCOUNT
ask an agent if i can inform of fucking issues making a payment,PAYMENT
i wanna know if i can receive the newsletter,NEWSLETTER
"i lost my invoice, can u view it?",INVOICES
"I ordered something, how do i change my order?",ORDER
"could you tell me if I could register several profiles with a single email address , please?",ACCOUNT
"can u ask an agent how i could inform of a problem paying, please?",PAYMENT
"I want to see your money back guarantee, what should I do?",REFUNDS
"I want to make an opinion for a service, what do I have to do?",FEEDBACK
"I changed my mind and I'd like to delete my user account, please",ACCOUNT
"you aren't helping , contact someone",CONTACT
tell me if I can obtain some bills,INVOICES
can you tell me about the options for delivery?,DELIVERY
I want to see the email of Customer Service,CONTACT
"I can't remember my account password, what can I do?",ACCOUNT
"I'd like to recover my password, what should I do?",ACCOUNT
I need help informing of a problem making a payment,PAYMENT
I want to solve problems with my payment,PAYMENT
"I want to submit a consumer complaint for a service, what can I do?",FEEDBACK
i want to know something about downloading some invoices,INVOICES
how can i file a complaint for a service?,FEEDBACK
"please, ask an agent if my delivery is on its way",ORDER
"the concert was postponed, what can I do?",REFUNDS
"I'm discontent with the service, what should I do to lodge a complaint?",FEEDBACK
can you tell me if my order is out for delivery?,ORDER
"I need an user account, what can I do?",ACCOUNT
show me my invouce,INVOICES
"I got an eror when I attempted to pay, but my card was charged anyway, what should I do to inform of it?",PAYMENT
where can I view the delivery options?,DELIVERY
how can I check your payment methods?,PAYMENT
"i have a question, whta should i do to talk to customer support?",CONTACT
can u ask an agent how i can notify an issue with my payment?,PAYMENT
"my fucking profile has been hacked, what should i do to get it back?",ACCOUNT
"my user account was hacked, and I need help getting it back",ACCOUNT
could you find information about your money back policy?,REFUNDS
"I changed my mind, how do I cancel my online account?",ACCOUNT
"i have an issue paying for my online order, help me inform of it",PAYMENT
"I want to make a comment for a service, can you help me?",FEEDBACK
ask an agent if i can view my bills,INVOICES
what information do you have about seeing an invoice?,INVOICES
"I'm not happy with the service, make a consumer complaint",FEEDBACK
"I want information, how can I call Customer Support?",CONTACT
I have a problem making a payment with card,PAYMENT
"i wanna view my bills, what can i do?",INVOICES
"I got an error message when I attempted to make an payment, but my card was charged anyway, I need help notifying it",PAYMENT
"i wanna track my purchase, what can i do?",ORDER
"I got an error when I tried to make a payment, but I was charged anyway, what can I do to inform of it?",PAYMENT
I want to know how to get some bills,INVOICES
"I can't understand you, howdo I contact a person?",CONTACT
how do I report problems with my payment?,PAYMENT
can you find information about your payment methods?,PAYMENT
"id like to notify an issue with my payment, could u help e?",PAYMENT
"i have an issue paying for my order , can u inform of it?",PAYMENT
where to get a reimbursement,REFUNDS
"the event was cancelled, how can i get a reimbursement?",REFUNDS
"i have no account, i need help registering",ACCOUNT
can you give me information about the email address of the Client Service?,CONTACT
could you tell me what the fucking free phone number to contact Client Service is?,CONTACT
"i want information, what can i do to send an email to customer service?",CONTACT
how can I se the status of my reimbursement?,REFUNDS
can you show me the phone no to contact Customer Support?,CONTACT
"my profile's been hacked, what can I do to get it back?",ACCOUNT
"I have an issue when trying to pay for my order, can I report it?",PAYMENT
how do I request an invoice?,INVOICES
"I got an error when I tried to pay, but I was charged anyway, can you help me?",PAYMENT
"I'd like to use my other profile, what do I have to do to switch them?",ACCOUNT
"my online account sas hacked, what can I do to get it back?",ACCOUNT
"I have an issue when trying to pay for my order, how can I report it?",PAYMENT
can u ask an agent for information about there reimbursement policy?,REFUNDS
"you aren't helping, how can I speak with a person?",CONTACT
can u ask an agent how i can report a payment problem?,PAYMENT
can I obtain some invoices?,INVOICES
"I want to ldge a comment for a service, can you help me?",FEEDBACK
"I got an error message when I tried to pay, but I was charged anyway, help me report it",PAYMENT
how to leave an opinion for a service,FEEDBACK
tell me how I can track my deliveries,ORDER
iwanna check my invoices,INVOICES
"I don't want my user account, what can I do to cancel it?",ACCOUNT
I want to know if I could create two fucking user accounts with a single email address,ACCOUNT
"I want to change mypurchase, can you give me some information?",ORDER
"I lost my invoice, help me see it",INVOICES
"I changed my mind, help me remove my profile",ACCOUNT
"you aren't helping, what can I do to contact a human?",CONTACT
"i want to notify a problem making a payment, what should i do?",PAYMENT
help me check the ticket delivery options,DELIVERY
"i can't find my bill, i need help checking it",INVOICES
how to solve a problem making a payment,PAYMENT
"I haven't got a profile, what do I have to do?",ACCOUNT
help me notify an issue paying,PAYMENT
can you tell me if I can create two profiles with the same email?,ACCOUNT
"i havent got a profile , what do i have to do?",ACCOUNT
"I don't like the service, what do I have to do to lodge a complaint?",FEEDBACK
"i ordered something, how can i modify my purchase?",ORDER
"ask an agent where i can notify issues making a payent , please",PAYMENT
"I don't want my account, what can I do to cancel it?",ACCOUNT
"please, askan agent how to request a refund",REFUNDS
"I have no online account, what can I do to create one?",ACCOUNT
"can u give me information about the email to contact Customer Service, please?",CONTACT
"i lost my invoices, can i check them?",INVOICES
tell me if I can create more than one profile with the same email address,ACCOUNT
how do I change to another user account?,ACCOUNT
"I made a mistake, what do i have to do to change my order?",ORDER
"i got an error when i tried to pay, but my card was charged anyway and i wanna notify it",PAYMENT
how do I remove my user account?,ACCOUNT
"the concert was cancelled, how could I request a reimbursement?",REFUNDS
"i have a problem when trying to make a payment, what do i have to do to notify it?",PAYMENT
can you etll me howto check my packages?,ORDER
can I create several accounts with the same email?,ACCOUNT
"i got an error when i tried to pay, but i was charged anyway , i need help reporting it",PAYMENT
could u ask an agent for information about modifying my fucking order?,ORDER
"I have a problem paying for my online order, what should I do to inform of it?",PAYMENT
tell me if there's a newsletter to stay informed,NEWSLETTER
"please, do you mind asking an agent if my fucking shipment is out for delivery?",ORDER
I want to know if I can request a invoice,INVOICES
"I don't want my profile, cancel it",ACCOUNT
"someone stole my account password, can you reset it?",ACCOUNT
can u ask an agent to change to another profile?,ACCOUNT
how can I see an invoice?,INVOICES
could you ask an agent where I can create a fucking online account?,ACCOUNT
can you tell me if I can cteate two profiles with a single email?,ACCOUNT
"youre not helping and id like to talk to a fucking human agent, lease",CONTACT
"I got an error message when I attempted to pay, but my card was charged anyway, help me inform of it",PAYMENT
"can you ask an agent where I can notify a fucking problem paying, please?",PAYMENT
what can you tell me about getting a bill?,INVOICES
"I have a question , what should I do to send an email to Client Service?",CONTACT
"i want information, how do i talk to client service?",CONTACT
I have no profile,ACCOUNT
"I didn't receive my invoices, what should I do to view them?",INVOICES
"i wanna inform of a problem with my payment, can u help me?",PAYMENT
"I haven't got a proile, can you help me?",ACCOUNT
can you obtain an invoice?,INVOICES
I need help making a complaint,FEEDBACK
"i purchased a product, how can I modify my order?",ORDER
"i wanna submit a review for a service, can u help me?",FEEDBACK
"i want to check the cancellation fee, what do i have to d?",CANCELLATION_FEE
"i am happy with the service, what should i do to submit a comment?",FEEDBACK
"I haven't got an account, can you create one?",ACCOUNT
can I own more than one profile?,ACCOUNT
youre not helping and i wanna speak with a human,CONTACT
can i make a complaint for a service?,FEEDBACK
"I made a mistake, can I change my order?",ORDER
"an error pops when I try to pay, what do I have to do?",PAYMENT
ask an agent how i can report an issue making a payment,PAYMENT
"i got an error when i attempted to pay, but i was charged anyway , how can i notify it?",PAYMENT
"I've got no account, what can I do to create one?",ACCOUNT
ca oyu tell me the email to contact Client Service?,CONTACT
"I got an error message when I attempted to make a payment, but my card was charged anyway, can you notify it?",PAYMENT
could you find information about the mail of the Customer Support?,CONTACT
"an error pops when i try to pay for my order, what should i do?",PAYMENT
"I wanna track my order, tell me where to do it",ORDER
"i want to use my other online account, how can i change them?",ACCOUNT
I need help leaving a comment for a service,FEEDBACK
I need an account,ACCOUNT
where do I request an invoice?,INVOICES
"I have an issue making a payment with card, help me inform of it",PAYMENT
ask an agent if i could solve a fucking problem paying,PAYMENT
"please, can you ask an agent where I can report issues paying?",PAYMENT
"I changed my mind, can you remove my user account?",ACCOUNT
can I solve payment problems?,PAYMENT
I want to know how to know where my deliveries are,ORDER
tell me if there is a free phone no to contact Customer Service,CONTACT
can I get the tracking no for my package?,ORDER
"I have no online account, how can I create one?",ACCOUNT
"I don't understand you, can you speak with a human?",CONTACT
how do I report a payment problem?,PAYMENT
"I can't understand you, what can I do to contact someone?",CONTACT
"my user account's been hacked, how do i get it back?",ACCOUNT
how can I view your refund policy?,REFUNDS
can you tell me the hours of customer support?,CONTACT
"I didn't receive my bills, what van I do to view them?",INVOICES
I don't have an online account and I want to create one,ACCOUNT
"I can't remember my account password, help me reset it",ACCOUNT
I want to know how I can download a bill,INVOICES
how can i file a consumer complsint for a service?,FEEDBACK
"I chnaged my mind, I need help deleting my user account",ACCOUNT
"I want to report a problem with my payment, what do I have to do?",PAYMENT
"I want to download a bill, can you tell me where I can do it?",INVOICES
"please, can you tell me if I can register two user accounts with a single email?",ACCOUNT
"I want to use my other account, can you switch them?",ACCOUNT
help me view my invoices,INVOICES
can I view the cancellation fees?,CANCELLATION_FEE
"I have an issue paying, can you report it?",PAYMENT
"ask an agent if i can see some fucking bills, please",INVOICES
can you show me information about the cancellation penalties?,CANCELLATION_FEE
can u ask an agent where i can remove my profile?,ACCOUNT
"have a question, can you call Customer Service?",CONTACT
help me speak with a human agent,CONTACT
"i want to see my bill, what do i have to do?",INVOICES
"I want to report an issue with my payment, what do I have to do?",PAYMENT
how can I reset my password?,ACCOUNT
"i want to view the cancellation penalty, what should i do?",CANCELLATION_FEE
what information do you have about downloading some invoices?,INVOICES
I want a profile,ACCOUNT
"my user account was hacked, what can I do to recover it?",ACCOUNT
van i check your reimbursement policy?,REFUNDS
could you tell me if i could register more than one online account with the same email address?,ACCOUNT
ask an agent to delete my account,ACCOUNT
where to check the options for delivery,DELIVERY
"i have a problem paying , what do i have to do to report it?",PAYMENT
"i wanna make a review for a service, what can i do?",FEEDBACK
"I losty my invoice, what can I do to view it?",INVOICES
how do I report issues with my payment?,PAYMENT
I want an online account and I want to open one,ACCOUNT
can i write an opinion for a service?,FEEDBACK
what's your reimbursement policy?,REFUNDS
youre not helping and i wanna talk to a human,CONTACT
"I want information, call Customer Support",CONTACT
how do i inform of payment issues?,PAYMENT
"the transaction was declined, can you help me?",PAYMENT
"i lost my invoice, can u show it?",INVOICES
I want to see the delivery period for my ticket,DELIVERY
"I have a question, can I contact Customer Support?",CONTACT
"I haven't got an account and I would like to register, please",ACCOUNT
"I lost my bill, what can I do to view it?",INVOICES
"please, could u give me information about the mail address of the Customer Support?",CONTACT
could u ask an agent if i can see my invoices?,INVOICES
"the show was postponed , get a refudn",REFUNDS
"i got an error message when i attempted to pay, but my card was charged anyway , help me notify it",PAYMENT
can you tell me what your payent options are?,PAYMENT
"I want to submit a complaint, what should I do?",FEEDBACK
I wanna know how I can know where my shipments are,ORDER
I have an issue making a payment and I want to inform of it,PAYMENT
I want to know if I can create two user accounts with the same email address,ACCOUNT
"i got an error message when i tried to make a payment, but my card was charged anyway, can i notify it?",PAYMENT
where can I check the cancellation penalties?,CANCELLATION_FEE
can i view the cancellation penalty?,CANCELLATION_FEE
I lost my invoices and I'd like to check them,INVOICES
"I have an issue paying for my order, can I inform of it?",PAYMENT
"the show was postponed, what should I do to get a reimbursement?",REFUNDS
"I want to submit a consumer complaint, what do I have to do?",FEEDBACK
"I can't remember my account password, how do I recover it?",ACCOUNT
can I have more than one profile?,ACCOUNT
"i get an error when i try to make a payment with card, can u help me?",PAYMENT
where to remove my account,ACCOUNT
"could u ask an agent ifg i can download some fucking invoices, please?",INVOICES
can you request some bills?,INVOICES
"I got an error message when I attempted to make a payment, but my card was charged anyway, how can I notify it?",PAYMENT
I want to know where I can track my shipments,ORDER
can u ask an agent if i can view my invoice?,INVOICES
"I want information, can you contact Customer Support?",CONTACT
I want to know if I can create two user accounts with a single email,ACCOUNT
can you ask an agent if I could notify a fucking problem paying?,PAYMENT
ask an agent for information about my bills,INVOICES
"I need a reimbursement, request one",REFUNDS
"the fucking show was cancelled and i wanna get a refund, please",REFUNDS
"could you ask an agent to make a consumer complaint, please?",FEEDBACK
"I have an issue paying for my online order, what can I do to report it?",PAYMENT
how can I check your refund policy?,REFUNDS
I need help removing my profile,ACCOUNT
ask an agent to give me information about the status of my purchase,ORDER
I need help checking the ticket delivery options,DELIVERY
could u ask an agent if i could see their reimbursemenmt policy?,REFUNDS
an error pops when I try to make a payment,PAYMENT
"I want information, how do I talk to Customer Support?",CONTACT
ask an agent to recover my account password,ACCOUNT
tell me what the mail of Client Service is,CONTACT
"I want to obtain an invoice, can you tell me how I can do it?",INVOICES
"I got an error when I tried to pay, but my card was charged anyway and I want to report it",PAYMENT
"I want to use my other account, how do I switch them?",ACCOUNT
"i egt an error when i try to pay with card, what do i have to do?",PAYMENT
how can I file a consumer complaint?,FEEDBACK
could you ask an agent how to report issues paying ?,PAYMENT
you aren't helping and I want to talk to someone,CONTACT
"I want to track my packages, tell me how I axn do it",ORDER
can u show me the mail address to contact customer support?,CONTACT
"im happy with the service, lodge an opinion",FEEDBACK
I want to inform of payment issues,PAYMENT
"please, ask an agent to show me my bill",INVOICES
can you tell me if i can register several accounts with a single email address?,ACCOUNT
can you give me information avout the options for ticket delivery?,DELIVERY
I need help viewing your payment options,PAYMENT
I want information about the mail address of the Customer Support,CONTACT
"I can't understand you, help me speak with someone",CONTACT
"I don't want my user account, I need help deleting it",ACCOUNT
ask an agent how to receive a reimbursement,REFUNDS
"ask an agent to solve a problem making a payment, please",PAYMENT
how do I write a review?,FEEDBACK
"I want to view the status of my order, could you help me?",ORDER
"u are not helping, what should i do to contact fucking someone?",CONTACT
"I lost my bill, can you check it?",INVOICES
"I want to check your reimbursement policy, what do I have to do?",REFUNDS
"please, can you ask an agent how to check my bills?",INVOICES
"I want to subscribe to the newsletter, can you show me some information?",NEWSLETTER
"please, ask an aent where i can inform of an issue with my payment",PAYMENT
I found iwsues while creating an account,ACCOUNT
can you tell me if there is any person available?,CONTACT
i wanna know how to know where my deliveries are,ORDER
"I want to know if I could make a payment with card, please",PAYMENT
"i have an issue paying, can u inform of it?",PAYMENT
I lost my invoices and I want to see them,INVOICES
"I can't find my bill, show it",INVOICES
"please, could you ask an agent how to report an issue making a payment?",PAYMENT
how to solve issues paying,PAYMENT
how to solve an issue with my payment,PAYMENT
i want to change to another online account,ACCOUNT
where do I check my bill?,INVOICES
"I'm happy with the service, how can I submit an opinion?",FEEDBACK
I want to know how I can know where my deliveries are,ORDER
"i want a profile, what should i do?",ACCOUNT
"I want a reimbursement, what should I do to obtain one?",REFUNDS
"I got an error message when I attempted to make a payment, but my card was charged anyway, how can I report it?",PAYMENT
can i see my invoices?,INVOICES
how do I download some invoices?,INVOICES
"I need a sure account, how can I open one?",ACCOUNT
"i changed my mind, what should i do to close my profile?",ACCOUNT
"the show was cancelled, obtain a reimbursement",REFUNDS
"I need information, can you speak with Client Service?",CONTACT
where do I open an account?,ACCOUNT
I need information about the mail address of the Customer Service,CONTACT
can u ask an agent for information about their payment methods?,PAYMENT
show me the mail address of the Customer Support,CONTACT
can I own several user accounts?,ACCOUNT
the show was postponed and i wanna request a reimbursement,REFUNDS
I bouvht a product and I want to change my order,ORDER
"could u ask an agent what the fucking mail address of the Customer Service, please?",CONTACT
i want to see the mail address to contact customer support,CONTACT
i need hdlp talking to customer service,CONTACT
"I'm discontent with the service, what do I have to do to ldge a complaint?",FEEDBACK
ask an agent what the email of client service is,CONTACT
"i dont like the service, how do i file a complaint?",FEEDBACK
"I want information, what should I do to send an email to Client Service?",CONTACT
"I got an error when I trued to pay, but I was charged anyway, notify it",PAYMENT
can you tell me if I can own several online accounts?,ACCOUNT
tell me if I can register several online accounts wqith the same email,ACCOUNT
where do i request a reimbursement?,REFUNDS
tell me what the mail to contact Client Service is,CONTACT
"I need an online account, could you create one, please?",ACCOUNT
I want to know if I can register two online accounts with the same email address,ACCOUNT
"I'm happy with the service, can you make a review?",FEEDBACK
"you arent helping, how can i speak with a human agent?",CONTACT
can i check the cancellation penalty?,CANCELLATION_FEE
"I lost my acvount password, how do I retrieve it?",ACCOUNT
can you find information about the email of the Client Service?,CONTACT
"i get an error when i attempt to pay for my order, can u help me?",PAYMENT
"ask an agent where to register, please",ACCOUNT
can you ask an agent if Icould obtain a reimbursement?,REFUNDS
"I want to make a comment, can you help me ?",FEEDBACK
"I bought something, how do I change my purchase?",ORDER
"could you ask an agent if I could modify my purchase, please?",ORDER
what's the phone no to contact Customer Support?,CONTACT
i wanna know what the free number of client service is,CONTACT
"ask an agent to show me the fucking cancellation fees, please",CANCELLATION_FEE
I want to delete my account,ACCOUNT
"I want to check the status of my reimbursement, what do I have to do?",REFUNDS
"i dont have a user account, i need help opening one",ACCOUNT
I want to know what the email address to contact Customer Support is,CONTACT
"I don't like the service, how can I make a consumer complaint?",FEEDBACK
"I want a reimbursement, obtain one",REFUNDS
tell me if I can register two online accounts with the same email,ACCOUNT
"I want to check the status of my order, can you help me?",ORDER
ask an agent how I can download some bills,INVOICES
"I lost my invoice, I need help checking it",INVOICES
"my online account was hacked, and I need help recovering it",ACCOUNT
can u ask an agent to open a user account?,ACCOUNT
I want to see some invoices,INVOICES
"im discontent with the service, how can i lodge a complaint?",FEEDBACK
where can I inform of an issue paying?,PAYMENT
information about the status of my reimbursement,REFUNDS
i want ot know if i could register two user accounts with a single email address,ACCOUNT
wheretoinform of problems with my payment,PAYMENT
I need help seeing your money back policy,REFUNDS
"I have no shipping address, can you set one up?",SHIPPING
"I have a problem when trying to pay for my order, what can I do to inform of it?",PAYMENT
"I can't find my invoices, how can I check them?",INVOICES
"ask an agent to close my online account, please",ACCOUNT
I can't find my bill and I want to view it,INVOICES
can I view your payment methods?,PAYMENT
can u ask an agent where to inform of payment problems?,PAYMENT
ask an agent if I could remove my user account,ACCOUNT
I changed my mind and I would like to close my profile,ACCOUNT
"I have a problem making a payment with card, I need help notifying it",PAYMENT
"i wanna see the optyions for delivery, what should i do?",DELIVERY
"the game was postponed, what do I have to do to get a refund?",REFUNDS
"i got an error when i attempted to pay, but i was charged anyway and i wanna inform of it",PAYMENT
"im not happy with the service, what should i do to submit a consumer complaint?",FEEDBACK
can u give me information about the email address to contact Client Service?,CONTACT
tell me how I can track my shipments,ORDER
"I have an issue making an payment with card, help me report it",PAYMENT
"youre not helping, what do i have to do to contact a person?",CONTACT
"i wanna file an opinion for a service, can u help me?",FEEDBACK
where can I report issues making a payment?,PAYMENT
"the event was cancelled, what do I have to do to request a reimbursement?",REFUNDS
"I got an error message when I tried to make a payment, but I was charged anyway, I need help informing of it",PAYMENT
can I get a bill?,INVOICES
can you tell me if i can register several user accounts with a single email address?,ACCOUNT
I want to know how I can track my delivery,ORDER
can you show me the free number to contact Customer Service?,CONTACT
"please, could you ask an agent how to report issues with my payment?",PAYMENT
how do I write a review for a service?,FEEDBACK
"I lost my bills, check them",INVOICES
I want to know how I can check my shipments,ORDER
where can i report payment problems?,PAYMENT
"can u ask an agent where to make a consumer complaint for a service, please?",FEEDBACK
"i havent got an online account, what can i do to create one?",ACCOUNT
"I have no user account , what do I have to do to open one?",ACCOUNT
I want to know if I can own several accounts,ACCOUNT
"I made a mistake, help me modify my purchase",ORDER
can you contact a person?,CONTACT
"I get an error message when I try to make a payment for my online order, what do I have to do?",PAYMENT
can i create moe than one user account with a single email?,ACCOUNT
"i got an error when i tried to make a payment, but my card was charged anyway, could u report it, please?",PAYMENT
I have a problem when trying to make a payment and I want to notify it,PAYMENT
"I want to see my bill, what can I do?",INVOICES
"i want to make an opinion, what do i have to do?",FEEDBACK
can i create more than one profile with a single email?,ACCOUNT
"i want to report an issue with my payment, what should i do?",PAYMENT
"please, ask an agent where i could report a problem making a payment",PAYMENT
"can you give me information about my bill, please?",INVOICES
"I got an error when I tried to make a payment, but my card was charged anyway, how do I inform of it?",PAYMENT
"I have a problem when trying to pay with card, how do I notify it?",PAYMENT
can u show me the email address of Customer Service?,CONTACT
"please, could u ask an agent where i can inform of a fucking problem paying?",PAYMENT
"could you ask an agent where I can check my invoices, please?",INVOICES
"i want to report a problem with my payment, what should i do?",PAYMENT
I want to create a profile,ACCOUNT
"I don't like the service, what should I do to lodge a consumer complaint?",FEEDBACK
"i lost my bills, can u show them?",INVOICES
"can u ask an agent if i can send an email to client service, please?",CONTACT
"I don't have a user account, can I create one?",ACCOUNT
I don't understand you and I want to talk to a person,CONTACT
"i got an error when i attempted to make a payment, but my card was charged anyway, how do i report it?",PAYMENT
"someone stole my account password, what do I have to do?",ACCOUNT
"I want to view your payment methods, can you help me?",PAYMENT
ask an agent if i can solve an issue making a payment,PAYMENT
where can I check the status of my purchase ?,ORDER
ive got no user account and i want to register,ACCOUNT
"could u ask an agent where i can notify a fucking problem making a payment, please?",PAYMENT
"my account was hacked, how can I recover it?",ACCOUNT
i wanna know something about downloading an invoice,INVOICES
"I want to know the status of my refund, I need help tracking it",REFUNDS
i wanna know if i can register more than one profile with the same email address,ACCOUNT
"i have a problem when trying to pay for my order, i need help notifying it, please",PAYMENT
information about my bill,INVOICES
can you find information about the cancellation penalty?,CANCELLATION_FEE
how can i check my bills?,INVOICES
can u ask an agent how to make changes to my profile?,ACCOUNT
ask an agent if i can inform of issues paying,PAYMENT
I want to know what the email address of Customer Support is,CONTACT
"I want to use my other profile, can you change them?",ACCOUNT
"I need information, can you send an email to Customer Service?",CONTACT
ask an agent to notify problems making a payment,PAYMENT
"I got an error message when I tried to pay, but I was charged anyway, what do I have to do to report it?",PAYMENT
where do i file a consumer complaint?,FEEDBACK
"i wanna modify my order, can you give me some information?",ORDER
where can I report an issue paying?,PAYMENT
"I lost my account password, what can I do to recover it?",ACCOUNT
"I have a problem paying for my order, can you notify it?",PAYMENT
"I want information, how do I speak with Client Service?",CONTACT
I want to know if I can create several accounts with a single email,ACCOUNT
I found a problem signing up,ACCOUNT
"i wanna use my other online account, switch them",ACCOUNT
how can i solve a problem paying?,PAYMENT
can I write a comment?,FEEDBACK
how to talk to a human agent,CONTACT
I need help reporting a problem with ym payment,PAYMENT
can you show me the phone number to contact Client Service?,CONTACT
I want to speak with a person,CONTACT
"I ordered an item, what can I do to change my order?",ORDER
"the payment failed, what do I have to do?",PAYMENT
"I get an error message when I attempt to make a payment for my online order, what do I have to do?",PAYMENT
the event was cancelled and II want to request a reimbursement,REFUNDS
"i purchased a product, could i modify my purchase, please?",ORDER
can you ask an agent how to get some invoices?,INVOICES
"I want to obtain a reimbursement, can you help me?",REFUNDS
how to speak with Client Service,CONTACT
"I don't have a user account, what should I do?",ACCOUNT
"I have a question, what can I do to talk to Client Service?",CONTACT
i wanna get information about modifying my order,ORDER
"my profile's been hacked, what do I have to do to recover it?",ACCOUNT
what information do you have about downloading a bill?,INVOICES
can you tell me if I can have several accounts?,ACCOUNT
"im happy with the service, what can i do to make a review?",FEEDBACK
"i want to track my delivery, can you tell me how to do it?",ORDER
"the game was cancelled, request a refund",REFUNDS
the game was cancelled and I want to get a reimbursement,REFUNDS
"I want information, what do I have to do to talk to Customer Service?",CONTACT
"you aren't helping, how can I talk to a person?",CONTACT
tell me how to know where m deliveries are,ORDER
can you tell me if I can make a payment with Visa?,PAYMENT
"i want to see cancellation fees, can u help me?",CANCELLATION_FEE
"I want to change my order, could you tell me where I can do it?",ORDER
I need help viewing the cancellation penalty,CANCELLATION_FEE
where do I switch to another account?,ACCOUNT
could you ask an agent to show me information about my invoices?,INVOICES
"I want to lodge a consumer complaint, what can I do?",FEEDBACK
the game was postponed and I want to request a refund,REFUNDS
"ploease, can you ask an agnet how I can check my fucking orders?",ORDER
isthere someone available?,CONTACT
"I lost my account password, I need help recovering it",ACCOUNT
I can't understand you and I want to contact fucking someone,CONTACT
I had a problem while signing up,ACCOUNT
"I've got no online account, help me create one",ACCOUNT
"I don't want my user account, what do I have to do to remove it?",ACCOUNT
"i want an online account, can i create one?",ACCOUNT
help me lodge a consumer complaint for a service,FEEDBACK
can you tell me if I can register morte than one profile with a single email address?,ACCOUNT
"I have a question, what should I do to call Customer Support?",CONTACT
could u ask an agent where i could inform of a payment problem?,PAYMENT
"I want information, what should I do to send an email to Customer Service?",CONTACT
"please, I wanna ask for information about requesting an invoice",INVOICES
"I haven't got a user account, how do I create one?",ACCOUNT
i want to notify a ayment problem,PAYMENT
can you tell me how I can see a bill ?,INVOICES
how can I talkto Customer eSrvice?,CONTACT
could u ask an agent if I can modify my order?,ORDER
"i cant remember my password, how do i reset it?",ACCOUNT
"I don't want my account, I need help closing it",ACCOUNT
can you tell me if I can create several accounts with the same email?,ACCOUNT
"I want to solve a payment prbolem, can you help me?",PAYMENT
"I have a problem paying for my order, can you report it?",PAYMENT
can you ask an agent how I can reset my fucking password?,ACCOUNT
where can I view the options for delivery?,DELIVERY
"I don't have a user account, open one",ACCOUNT
how can I change my shipping address?,SHIPPING
ask an agent how to modufy my purchase,ORDER
"I have an issue paying for my online order, can you report it?",PAYMENT
I want to inform of an issue with my payment,PAYMENT
I do not have a fucking profile,ACCOUNT
"the concert was postponed, get a refund",REFUNDS
can you ask an agent for information about getting a bill?,INVOICES
I had an issue while creating a profile,ACCOUNT
I want information about getting a bill,INVOICES
I want information about the delivery period,DELIVERY
when will my package arrive?,ORDER
"i havent got a fucking account, help me register",ACCOUNT
"I want to use my other account, I need help switching them",ACCOUNT
the show was cancelled and I want to get an reimbursement,REFUNDS
"I don't weant my account, how do I cancel it?",ACCOUNT
"im discontent with the service, can i lodge a consumer complaint?",FEEDBACK
"I need information, can you call Customer Service?",CONTACT
"i need a fucking reimbursement, can i request one, please?",REFUNDS
"I have aproblem making a payment, I need help notifying it",PAYMENT
can u ask an agent how I can get an invoice?,INVOICES
help me solve an issue making a payment,PAYMENT
how do I create a user account?,ACCOUNT
"I have an issue paying for my online order, I need help notifying it",PAYMENT
"i cant remember my account password, i need hjelp retrieving it",ACCOUNT
"I need information, help me speak with Customer Service",CONTACT
I lost my password and I want to recover it,ACCOUNT
"I want to modify my order, can you tell me where to do it?",ORDER
"I've got no user account, I need help opening one",ACCOUNT
"u are not helping, talk to someone",CONTACT
ask an agent where to notify payment issues,PAYMENT
I need help seeing the status of my refund,REFUNDS
"the concert was cancelled, how do I get a reimbursement?",REFUNDS
can u ask an agent how i can inform of a payment prolem?,PAYMENT
"the game was cancelled, how can I request a refund?",REFUNDS
"could u ask an agent how i could solve fucking payment issues, please?",PAYMENT
can i create two online accounts with a single email address?,ACCOUNT
I would like to speak with fucking someone,CONTACT
"I lost my invoice, how do I check it?",INVOICES
I want to know how long it takes for tickets to arrive,DELIVERY
"I have an issue when trying to pay, what do I have to od to report it?",PAYMENT
I lost my bills and I want to check them,INVOICES
"I need a refund, how do I get one?",REFUNDS
I get an error when I try to make a payment,PAYMENT
"i want to download an invoice, tell me how I can do it",INVOICES
I can't find my bills and I want to see them,INVOICES
help me inform of a payment problem,PAYMENT
can I see the cancellation penalties?,CANCELLATION_FEE
"I changed my mind, I need help removing my user account",ACCOUNT
can I see your payment options?,PAYMENT
can u ask an agent to show me infrmation about their refund policy?,REFUNDS
my account was hacked and I want to get it back,ACCOUNT
"ask an agent what the free phone number to contact Customer Service is, please",CONTACT
"i wanna check my fucking shipment, can you tell me how to do it?",ORDER
"I got an error when I attempted to pay, but my card was charged anyway",PAYMENT
"I want to see your refund policy, what can I do?",REFUNDS
"Id like to track my delivery, could you tell me where to do it?",ORDER
"i dont want my user account and i wanna close it, please",ACCOUNT
where to report a problem with my payment,PAYMENT
"I can't find my bills, how can I view them?",INVOICES
help me contact a person,CONTACT
how t talk to Customer Service,CONTACT
could you tell me if there is any person available?,CONTACT
"I can't understand you, I need help talking to a human",CONTACT
"I don't understand you, what do I have to do to speak with a human agent?",CONTACT
I want to know if I can register more than one profile with a single email address,ACCOUNT
"you aren't helping, what can I do to talk to someone?",CONTACT
"I got an error when I tried to make an payment, but my card was charged anyway, what should I do to report it?",PAYMENT
"could u ask an agent what i can request a refund for, please?",REFUNDS
"I haven't got a profile, what can I do?",ACCOUNT
is Customer Service available?,CONTACT
"please, can you tell me if I can create more than one online account with the same email address?",ACCOUNT
I'd like to delete my online account,ACCOUNT
"i can't find my invoices, what can i do to view them?",INVOICES
"i have an issue when trying to pay for my order, i need help informing of it",PAYMENT
an error message pops when I try to make a payment for my order,PAYMENT
"I can't remember my account password, what do I have to do to retrieve it?",ACCOUNT
"could you ask an agent to delete my fucking account, please?",ACCOUNT
where can I view my bills?,INVOICES
can you tell me about your money back policy?,REFUNDS
can you tell me how to check my shipments?,ORDER
"i want to get an invoice, tell me how I can do it",INVOICES
"my account's been hacked, and I need help recovering it",ACCOUNT
the event was cancleled and I want to obtain a reimbursement,REFUNDS
"please, can u ask an agent if i can report fucking payment issues?",PAYMENT
"myt account's been hacked, get it back",ACCOUNT
whree can I make a complaint?,FEEDBACK
how do i inform of a problem paying?,PAYMENT
"I want information, could you speak with Customer Support?",CONTACT
"could u ask an agent for informatoin about my invoices, please?",INVOICES
can u ask an agent if i can pay with Master Card?,PAYMENT
i want to know how I can obtain some bills,INVOICES
"I want information, I need help talking to Customer Service",CONTACT
"I have an issue making a payment, how do I notify it?",PAYMENT
"i got an error message when i tried to pay, but my card was charged anyway, how can i notify it?",PAYMENT
"I need information, I need help sending an email to Customer Service",CONTACT
"I can't remember my account password, I need help retrieving it",ACCOUNT
"I need a user account, open one",ACCOUNT
I want to create a user account,ACCOUNT
can you tell me if there is any human agent available?,CONTACT
can I check the status of my refund?,REFUNDS
"I want to view your refund policy, what can I do ?",REFUNDS
can u ask an agent how i can request a reimbursement?,REFUNDS
id like to make a purchase,ORDER
I need help solving an issue paying,PAYMENT
"could u ask an agent how i can leave a fucking review, please?",FEEDBACK
"could u ask an agent to write a fucking review, please?",FEEDBACK
"I have a problem paying for my online order, what should I do to report it?",PAYMENT
I need help updating my profile,ACCOUNT
"I got an error when I tried to make a payment, but my card was charged anyway, report it",PAYMENT
"can you tell me if I can create several online accounts with a single email address, please?",ACCOUNT
"help me get a refund, please",REFUNDS
"I want to lodge a consumer complaint, what do I have to do?",FEEDBACK
"I don't have a shipping address, what should I do to set one up?",SHIPPING
you arent helping and i want to speak with a human agent,CONTACT
"I want to view the fucking ticket delivery options, what do I have to do, please?",DELIVERY
ask an agent to find information about their reimbursement policy,REFUNDS
"I have an issue when trying to make a payment, can I inform of it?",PAYMENT
"the game was cancelled, obtain a refund, please",REFUNDS
"I bought an item, what can I do to modify my order?",ORDER
how to download some invoices,INVOICES
tell me where I can obtain a bill,INVOICES
"u are not helping, what do i have to do to talk to a fucking person?",CONTACT
"you aren't helping, what do I have to do to speak with a human?",CONTACT
"I got an error message when I tried to pay, but I was charged anyway, what should I do to inform of it?",PAYMENT
"I got an error message when I attempted to make a payment, but I was charged anyway, can I inform of it?",PAYMENT
"I'm happy with the service, submit a comment",FEEDBACK
where can i notify a problem with my payment?,PAYMENT
"I made a mistake, how can I modify my order?",ORDER
"can u ask an agent where i could view the fucking delivery options, please?",DELIVERY
"you aren't helping, talk to a human agent",CONTACT
"I'm discontent with the service, what can I do to submit a consumer complaint?",FEEDBACK
what can I get a refund for?,REFUNDS
"i need information, could i contact customer service, please?",CONTACT
"I don't like the service, what can I do to submit a consumer complaint?",FEEDBACK
"I want to create a profile, can you help me?",ACCOUNT
I bought an item and I want to modify my order,ORDER
"I want a refund, what can I do to request one?",REFUNDS
"I want to see an invoice, tell me how to do it",INVOICES
"I want information, what should I do to talk to Customer Support?",CONTACT
"you arent helping , whta can i do to contact a human?",CONTACT
"I want an online account, can you open one?",ACCOUNT
"I've got no account, can you open one?",ACCOUNT
tell me where to modify myorder,ORDER
"I don't have an account, what do I have to do to create one?",ACCOUNT
ask an agent how i can notify an issue paying,PAYMENT
where can I track my packages?,ORDER
"please, i wanna know what the email address to contact customer service is",CONTACT
I'm discontent with the service and I want to lodge a complaint,FEEDBACK
"I want an account, help me open one",ACCOUNT
ive got no online account and i wanna reigster,ACCOUNT
"my online account was hacked, can I recover it?",ACCOUNT
how do I receive a reimbursement?,REFUNDS
i want to know what the free numbr of client service is,CONTACT
"id like information and i wanna contact fucking customer service, please",CONTACT
"please, telll me if I can create two user accounts with a single email address",ACCOUNT
can you tell me if I can register two accounts with the same email address?,ACCOUNT
"i havent got a user account, what should i do to register?",ACCOUNT
I want to know if I can create more than one online account with the same email address,ACCOUNT
"I need information, I need help sending an email to Client Service",CONTACT
I need help seeing some bills,INVOICES
can I check the status of my order?,ORDER
"I lost my invoice, what can I do to see it?",INVOICES
can you show me information about the mail of the Customer Service?,CONTACT
how can I contact a human?,CONTACT
"i want information, how do i send an email to customer service?",CONTACT
help me register,ACCOUNT
"I'm happy with the service, can you make an opinion?",FEEDBACK
where do I see the status of my order?,ORDER
"I'm not happy with the service, what do I have to do to submit a complaint?",FEEDBACK
i dont want my profile,ACCOUNT
i wanna inform of issues with my payment,PAYMENT
"I need a reimbursement, what should I do?",REFUNDS
I want to view your refund policy,REFUNDS
"I can't fidn my bills, help me view them",INVOICES
I want to write a review for a service,FEEDBACK
can I open an account?,ACCOUNT
"you aren't helping, I need help talking to a human agent",CONTACT
talk to client service,CONTACT
i wanna call client service,CONTACT
"I want to track my orders, can you tell me where I can do it?",ORDER
tell me if I can download a bill,INVOICES
how do I notify a payment issue?,PAYMENT
I need information about the delivery options,DELIVERY
"I have a question, send an email to Customer Service",CONTACT
how could I inform of a ufcking payment problem ?,PAYMENT
"I haven't got an online account, help me create one",ACCOUNT
where can i lodge a complaint for a service?,FEEDBACK
how can I cancel my user account?,ACCOUNT
can you tell me if I can register more thanone account with the same email address ?,ACCOUNT
"I want a refund, how could I obtain one?",REFUNDS
i wanna see the hours of client service,CONTACT
"please, can u ask an agent if i can recover my fucking account password?",ACCOUNT
i wanna see my fucking bills,INVOICES
"I got an error when I attempted to pay, but I was charged anyway, what should I do to report it?",PAYMENT
ask an agent where to view my invoice,INVOICES
"i need an online account, what should i do to create one?",ACCOUNT
"i lost my bills, could u check them, please?",INVOICES
"I got an error when I tried to make a payment, but my card was charged anyway, how can I inform of it?",PAYMENT
hoow do I check my shipment?,ORDER
i wanna see the mail of customer service,CONTACT
tell me if I can create several online accountswith a single email address,ACCOUNT
can I make a payment with card?,PAYMENT
"I'm happy with the service, how can I lodge an opinion?",FEEDBACK
can u ask an agent for information about seeing a bill?,INVOICES
"I'd like to solve a payment issue, can you help me?",PAYMENT
tell me if I can own several accounts,ACCOUNT
"the game was postponed, what should I do to obtain a reimbursement?",REFUNDS
"I have no online account, can you help me?",ACCOUNT
"i have no online account, what do i have to do to create one?",ACCOUNT
"I have a problem when trying to make a pamyent with card, what should I do to report it?",PAYMENT
how do I lodge n consumer complaint?,FEEDBACK
"I want to obtain an invoice, tell me how to do it",INVOICES
can u ask an agent to modify my order before they send it?,ORDER
"could u ask an agent how i could notify an issue making a payment, please?",PAYMENT
can you tell me if I can create several online accounts with the same email address?,ACCOUNT
i dont understand you and id like to contact a person,CONTACT
"I don't want my profile, can I cancel it?",ACCOUNT
where can I close my online account?,ACCOUNT
"I want information, what should I do to send an email to Customer Support?",CONTACT
can you tell me where I cqn see an invoice ?,INVOICES
I need help viewing your money back policy,REFUNDS
can I create more than one online account with a single email?,ACCOUNT
"i want to check the optrions for delivery, what do i have to do?",DELIVERY
"I don't want my account, how do I delete it?",ACCOUNT
"i wanna lodge an poinion, what can i do?",FEEDBACK
where acn I report fucking payment issues?,PAYMENT
"you arent helping, contact someone",CONTACT
can I inform of a problem making a payment?,PAYMENT
"I wanna download some bills, can you tell me how I can do it?",INVOICES
I wanna know how I can subscribe to the newsletter,NEWSLETTER
can u ask an agent if i can get some invoices?,INVOICES
help me reset my account password,ACCOUNT
"I can't find my invoice, help me check it",INVOICES
where to report an issue with my payment,PAYMENT
can you talk to Customer Service?,CONTACT
"I have a problem making a payment with card, what do I have to do to notify it?",PAYMENT
tell me if I can register more than one user account with a single email,ACCOUNT
"I have a problem when trying to make a payment, what should I do?",PAYMENT
where can I request a refund?,REFUNDS
"I want to modify my fucking order, can you tell me how I can do it?",ORDER
could you tell me the fucking phone number of customer support?,CONTACT
"I want to report a payment problem, can you help me?",PAYMENT
I want to know if I can create two online accounts with a single email,ACCOUNT
"I need information, what do I have to do to contact Customer Support?",CONTACT
"I got an error message when I attempted to make a payment, but my card was charged anyway and I want to report it",PAYMENT
"i want to track my order, can u help me?",ORDER
i wanna check my bill,INVOICES
"I didn't receive my invoice, I need help checking it",INVOICES
"please, could u request some invoices?",INVOICES
I want to know how I can check my shipment,ORDER
"I can't find my bills, how do I check them?",INVOICES
can you tell me if I can get an invoice?,INVOICES
"I need information, contact Customer Service",CONTACT
"i have an issue when trying to make a payment, what do i have to do to notify it?",PAYMENT
"I don't want my account, can I cancel it?",ACCOUNT
"I want a profile, what can I do?",ACCOUNT
can you tell me what the email address of customer support is?,CONTACT
i wanna know how go know where my package is,ORDER
"can you ask an agent where to receive a fucking reimbursement, please?",REFUNDS
"i wanna submit a review, what can i do?",FEEDBACK
can u ask an agent to change my purchase?,ORDER
"I want to use my other online account, switch them",ACCOUNT
how to notify an issue making a payment,PAYMENT
"I want to solve a problem making a payment, can you help me?",PAYMENT
"I changed my mind, how can I delete my user account?",ACCOUNT
ask an agent to provide information about my invoice,INVOICES
can u ask an agent if i can close my account?,ACCOUNT
"i wanna view the status of my refund, what should i do?",REFUNDS
"i cant understand you, what should i do to contact a human agent?",CONTACT
how can I solve a payment problem ?,PAYMENT
"I need a user account, help me create one",ACCOUNT
ask an agent where to check my deliveries,ORDER
"I have an issue making a payment, what can I do?",PAYMENT
i changed my mind and i want to cancel my online account,ACCOUNT
could u ask an agent how i can send an email to client service?,CONTACT
"i purchased a product, what do I have to do to modify my order?",ORDER
"could u ask an agent to provide information about my fucking bills, please?",INVOICES
"the concert was cancelled, what do I have to do?",REFUNDS
"i want information, what can i do to call cuwtomer support?",CONTACT
"I got a error when I treid to make a payment, but I was charged anyway, I need help notifying it",PAYMENT
i want to know if i can create more than one profile with a single email address,ACCOUNT
"i lost my invoice , what can i do to check it?",INVOICES
is there a newsletter to stay informed?,NEWSLETTER
"I can't understand you, how could I talk to someone?",CONTACT
"I don't have an online account, can I create one?",ACCOUNT
"i want to make a complaint for a service, what should i do?",FEEDBACK
"please, could you tell me where I can check my delivery?",ORDER
how can I request some invoices?,INVOICES
"I want to view my invoices, what can I do?",INVOICES
when will my tickket arrive ?,DELIVERY
"I need information, what can I do to call Client Service?",CONTACT
I want to know if I can own more than one online account,ACCOUNT
"my account has been hacked, could u get it back?",ACCOUNT
how do i lodge a complaint for a service?,FEEDBACK
can I view the status of my refund ?,REFUNDS
how to check my shipment,ORDER
"i have no user accoun, what can i do to open one?",ACCOUNT
tell me if there's a newsletter to keep me informed,NEWSLETTER
"I want to make a complaint, what should I do?",FEEDBACK
how do I check your money back policy?,REFUNDS
"please, I made a mistake, could u ask an agent to modify my fucking order?",ORDER
"I bought a product , I need help modifying my purchased",ORDER
can u ask an agent if i can view their money back policy?,REFUNDS
where do I check the status of my refund?,REFUNDS
"i have no shipping address, help me set one up",SHIPPING
what can you tell me about seeing an invoice?,INVOICES
I had problems registering,ACCOUNT
how do I reset my account password?,ACCOUNT
how to check the status of my ordet,ORDER
can you speak with omeone?,CONTACT
"the event was cancelled, how do I get an refund?",REFUNDS
where can I check my package?,ORDER
"i wanna remove my account, where can i do it?",ACCOUNT
"I want to request an invoice, tell me how I can do it",INVOICES
"I have a poroblem paying for my order, help me inform of it",PAYMENT
can you tell me where I can obtain a bill?,INVOICES
how can I send an email to Customer Service?,CONTACT
how do I solve problems paying?,PAYMENT
"I want information, talk to Clent Service",CONTACT
I want to know if I can create two accounts with a single email,ACCOUNT
"i want to change my order, tell me where to do it, please",ORDER
"i have a problem paying, what should i do to notify it?",PAYMENT
"i have a question, how could i talk to fucking customer service?",CONTACT
"my user account was hacked, can you get it back?",ACCOUNT
"I'm discontent with the service, can I submit a complaint?",FEEDBACK
"I'm not happy with the service, what can I do to submit a consumer complaint?",FEEDBACK
how can I notify problems paying?,PAYMENT
"I want to use my other user account, what do I have to do to switch them?",ACCOUNT
you're not helping and I want to talk to a person,CONTACT
"I need information, how do I contact Custgomer Servic?",CONTACT
I had a problem while opening an account,ACCOUNT
"I want to inform of a payment issue, what should I do?",PAYMENT
"I want to see the delivery options, can you help me?",DELIVERY
where to inform of a payment problem,PAYMENT
how do I check my packages?,ORDER
what information do you have about getting an invoice?,INVOICES
"I ordered something, help me change my order",ORDER
where can I report a problem paying?,PAYMENT
"I want to use my other profile, change them",ACCOUNT
I want to check my package,ORDER
"my profile's been hacked, help me get it back",ACCOUNT
"you're not helping, how can I talk to a human agent?",CONTACT
"please, ask an agent where I can notify problems paying",PAYMENT
how do I see the cancellation fees?,CANCELLATION_FEE
I have a problem paying for my order and I want to notify it,PAYMENT
"I have a problem when trying to pay for my order, how can I notify it?",PAYMENT
"I have a question, can I send an email to Client Service?",CONTACT
"please , ask an agent if i could file a complaint for a service",FEEDBACK
"I want to track my order, tell me where to do it",ORDER
"I got an error when I tried to make a payment, but I was charged anyway, rreport it",PAYMENT
can u ask an agent about the delivery period for my tickets?,DELIVERY
"i want a reimbursement, get one",REFUNDS
"I would like to solve a problem making a payment, what should I do?",PAYMENT
I'm interested in your reimbursement policy and I want to know about it,REFUNDS
"I want to make a complaint, can you help me?",FEEDBACK
I had a problem creating an account,ACCOUNT
"the fucking concert was postponed, help me get a reimbursement",REFUNDS
"could u ask an agent if I could see a fucking inovice, please?",INVOICES
"u are not helping, what do i have to do to talk to a human?",CONTACT
"I want to use my other profile, I need help changing them",ACCOUNT
I want to report payment problems,PAYMENT
tell me if my shipments are out for delivery,ORDER
"I'm not happy with the service, what do I have to do to make a consumer complaint?",FEEDBACK
how can I talk to a human?,CONTACT
"I want to see the options for delivery, can you help me?",DELIVERY
"you're not helping, I need help talking to a human agent",CONTACT
"I got an error when I tried to pay, but I was charged anyway, can you inform of it?",PAYMENT
"I want an online account, what should I do?",ACCOUNT
I have an issue paying with card and I would like to report it,PAYMENT
how do i notify a problem with my payment?,PAYMENT
"ask an agent where I can make a consumer complaint, please",FEEDBACK
"I want to check my orders, tell me how to do it",ORDER
I want to check the status of my purchase,ORDER
"my online account's been hacked, what should I do to recover it?",ACCOUNT
"I can't understand you, speak with a human",CONTACT
"can u ask an agent how i could see my bills, please?",INVOICES
"i want to set up my shipping address, what do i have to do?",SHIPPING
"I want to check cancellation penalties, can you help me?",CANCELLATION_FEE
i want an account and i wanna open one,ACCOUNT
"I don't understand you, help me contact someone",CONTACT
how can I leave a review ?,FEEDBACK
"I want to request an invoice, can you tell me where I can do it?",INVOICES
information about requesting a bill,INVOICES
I have a problem when trying to pay with card,PAYMENT
how to remove my account,ACCOUNT
how do I check your refund policy?,REFUNDS
I have an issue paying with card and I want to notify it,PAYMENT
"i bought a product, could I modify my fucking purchase?",ORDER
I'm interested in your money back policy and I want to know about it,REFUNDS
tell me if I can request an invoice,INVOICES
"I want to use my other user account, can you change them?",ACCOUNT
"I have a problem paying for my order, what do I have to do to report it?",PAYMENT
"I have no online account, can I open one?",ACCOUNT
"I want to notify a problem with my payment, what can I do?",PAYMENT
"I have an issue paying for my order, can you inform of it?",PAYMENT
was my refund prlcessed?,REFUNDS
"my online account has been hacked, i ned help recovering it",ACCOUNT
"i want to request a bill, tell me how I can do it",INVOICES
can u show me the email of client service?,CONTACT
I want to modify my purchase,ORDER
"the concert was postponed, what can i do to request a refund?",REFUNDS
I need help notifying an problem with my payment,PAYMENT
where do i check the cancellation penalties?,CANCELLATION_FEE
"i got a error when i tried to make a payment, but i was charged anyway, what can i do?",PAYMENT
"i need information, could u call client service?",CONTACT
"the event was cancelled, what can i do to request a reimbursement?",REFUNDS
"you're not helping, how do I speak with someone?",CONTACT
where do i see the cancellation fee?,CANCELLATION_FEE
"I lost my account password, what can I do?",ACCOUNT
can you tell me what the free phone number of Client Service is?,CONTACT
"I lost my invoices , what do I have to do to see them?",INVOICES
"the show was cancelled, what can I do to get a reimbursement?",REFUNDS
I need help modifying my shipping address,SHIPPING
can you tell me how to request a bill?,INVOICES
"i got an error when i tried to pay, but i was charged anyway, i need help informing of it",PAYMENT
can you tell me about the status of my order?,ORDER
the event was cancelled and I want to get a refund,REFUNDS
"you're not helping, what should I do to contact a human agent?",CONTACT
"I have a problem when trying to pay for my order, inform of it",PAYMENT
"I have a problem when trying to make a payment with card, what do I have to do?",PAYMENT
"I need information, can I contact Customer Support?",CONTACT
I can't remember my account password and I want to reset it,ACCOUNT
"I want an online account, could you help me?",ACCOUNT
how to make a complaint for a service,FEEDBACK
ask an agent where to close my online account,ACCOUNT
"I need an online account, what do I have to do to open one?",ACCOUNT
"can you ask an agent if my package is on its way, please?",ORDER
"the game was postponed , what can I do to request a refund?",REFUNDS
can you tell me how to check mky order ?,ORDER
I want to check my invoice,INVOICES
I want to know how I can see some invoices,INVOICES
an error pops when I attempt to make a payment with card,PAYMENT
"i want to see your refund policy, what do i have to do?",REFUNDS
I had a problem when trying to create a profile,ACCOUNT
tell me what your payment metjods are,PAYMENT
could i create a user account?,ACCOUNT
"i wanna view the status of my reimbursement, what d i have to do?",REFUNDS
"I have an issue paying, help me inform of it",PAYMENT
can I view the options for ticket delivery?,DELIVERY
"I can't find my bills, what should I do to view them?",INVOICES
can i make a consumer complaint?,FEEDBACK
"can you call Client Service, please?",CONTACT
I wanna know where to see an invoice,INVOICES
I want o see the email of Client eSrvice,CONTACT
"I want to update the information on my profile, how can I do it ?",ACCOUNT
where do I make a complaint?,FEEDBACK
"the concert was cancelled, how do I obtain a refund?",REFUNDS
how do i see my invoice?,INVOICES
"I need an online account, how do I open one?",ACCOUNT
"I got an error message when I tried to make a payment, but my card was charged anyway, what do I have to do to notify it?",PAYMENT
"I want to see your money back guarantee, what can I do?",REFUNDS
"I purchased an item, can i modify my purchase?",ORDER
i wanna inform of an issue with my payment,PAYMENT
"I have a problem paying for my order, can I notify it?",PAYMENT
"I've got no profile, create one",ACCOUNT
"I didn't receive my invoices, help me view them",INVOICES
"the concert was postponed, can i request a reimbursement?",REFUNDS
"I didn't receive my invoice, can you show it?",INVOICES
"i wanna request a refund, can u help me?",REFUNDS
tell me if I can see a bill,INVOICES
"i have a problem paying for my online order, can i report it?",PAYMENT
can u ask an agent to check my shipment?,ORDER
how to view the status of my refund,REFUNDS
"i get an error message when i try to pay, can u help me?",PAYMENT
"I want to see my bill, can you help me?",INVOICES
"i want a refund, what should i do to get one?",REFUNDS
i want to know if i can create several fucking online accounts with the same email address,ACCOUNT
what's the free number to contact Customer Service?,CONTACT
"i get an error message when i ty to make a payment for my order, what do i have to do?",PAYMENT
can I check your payment methods?,PAYMENT
tell me if I can create two online accounts with the same email address,ACCOUNT
"the show was cancelled, how can I obtain a reimbursement?",REFUNDS
i want to know if i can register two accounts with a single email address,ACCOUNT
"I bought an item, what do I have to do to modify my order?",ORDER
"please, can u ask an agent how i can set up my shipping address?",SHIPPING
"you aren't helping, what do I have to do to talk to a human agent?",CONTACT
"I want to know if I could register several user accounts with the same email, please",ACCOUNT
"i want to check my delivery, tell me how I can do it",ORDER
could u ask an agent where i could obtain a fucking refund?,REFUNDS
ask an agent to make changes to my shipping address,SHIPPING
youre not helping and i wanna talk to a person,CONTACT
where do I see my bill?,INVOICES
how do I solve an issue with my payment?,PAYMENT
"I got an error message when I tried to pay, but my card was charged anyway, what can I do to notify it?",PAYMENT
can I create an online account?,ACCOUNT
what can yopu tell me about subscribing to the newsletter?,NEWSLETTER
"I need a refund, obtain one, please",REFUNDS
the concert was postponed and I want to request a reimbursement,REFUNDS
"I got an error when I tried to pay, but my card was charged anyway, could I inform of it?",PAYMENT
"my profile has been hacked, can u recover it?",ACCOUNT
"I have a question, how do I talk to Client Service?",CONTACT
how tyo create a user account,ACCOUNT
speak with a human agent,CONTACT
"please, could you ask an agent to retrieved my password?",ACCOUNT
"i wanna check my shipment, can you tell me how I can do it?",ORDER
"i dont like the service, how do i lodge a complaint ?",FEEDBACK
can u ask an agent how I can get some bills?,INVOICES
I need help contacting Customer Service,CONTACT
"i want to view cancellation penalties, what do i have to do?",CANCELLATION_FEE
i want to see a bill,INVOICES
"I've got no online account, open one",ACCOUNT
can I inform of an issue making a payment?,PAYMENT
help me check my orders,ORDER
where to make a complaint for a service,FEEDBACK
"i got a error whenb i tried to make a payment, but i was charged anyway, can u notify it?",PAYMENT
"u are not helping, can i talk to a human agent?",CONTACT
"I got an error when I attempted to pay, but I was charged anyway, help me report it",PAYMENT
"the show was postponed, how do I obtain a refund?",REFUNDS
where to notify problems paying,PAYMENT
"the game was postponed, can i obtain a reimbursement?",REFUNDS
"I want a refund, request one",REFUNDS
"I changed my mind, what do I have to do to remove my online account?",ACCOUNT
where could I view the fucking ticket delivery options?,DELIVERY
tell me what the number of Client Service is,CONTACT
"I'm not happy with the service, can I submit a consumer complaint?",FEEDBACK
"you aren't helping, I need help speaking with a person",CONTACT
"I don't have a proflie, I need help creating one",ACCOUNT
"I get an error when I attempt to pay for my order, what should I do?",PAYMENT
i need a user account and i wanna open one,ACCOUNT
"I don't like the service, canI file a complaint?",FEEDBACK
tell me if I can subscribe to the newsletter,NEWSLETTER
can you tell me what the number of customer service is?,CONTACT
"please, I want to know if I an create two accounts with the same email",ACCOUNT
tell me how to change my order,ORDER
"i want to see an invoice, tell me how I can do it",INVOICES
i want to see the mail of the Customer Support,CONTACT
an error message pops when i try to make a payment,PAYMENT
where to obtain a bill,INVOICES
"you aren't helping, what do I have to do to speak with a person?",CONTACT
help me speak with someone,CONTACT
"i got an error when i tried to pay, bit i was charged anyway, how could i notify it?",PAYMENT
"I have a problem paying for my online order, I need help notifying it",PAYMENT
"I have no shipping address, how do I set it up?",SHIPPING
"I didn't receive my invoice, I need help viewing it",INVOICES
can u ask an agent if i can inform of payment issues?,PAYMENT
is it possible to check my shipment ?,ORDER
can u ask an agent for information about the cancellation penalties?,CANCELLATION_FEE
can I inform of payment problems?,PAYMENT
can you tell me if you have a newsletter to keep me up-to-date?,NEWSLETTER
"I have a problem paying with card, can I notify it?",PAYMENT
I want to know something about getting a bill,INVOICES
"I have a problem when trying to pay, can I inform of it?",PAYMENT
"i want to use my other account, help me switch them",ACCOUNT
"I have a problem when trying to make a payment with card, what do I have to do to inform of it?",PAYMENT
"please, could u ask an agent how to track my package?",ORDER
"i want to file an opinion for a service, what do i have to do?",FEEDBACK
i wanna know if i can create more than one user account with a single email,ACCOUNT
help me view the cancellation fee,CANCELLATION_FEE
"i cant remember my fucking account password, can u reset it?",ACCOUNT
"i want a refund, what can i do?",REFUNDS
"i want information, can i contact customer service ?",CONTACT
"could you ask an agent how I can check my bill, please?",INVOICES
"i got an error message when i attempted to pay, but i was charged anyway, how can i inform of it?",PAYMENT
"the concert was postponed, what should I do to request a refund?",REFUNDS
I want to know what the email address to contact Customer Service is,CONTACT
wherecan i inform of fucking problems making an payment?,PAYMENT
I have a problem when trying to pay and I want to notify it,PAYMENT
"I ordered an item, how do I modify my purchase?",ORDER
"I want to check your reimbursement policy, can you help me?",REFUNDS
I want ot contact a person,CONTACT
"please, could you tell me if i can own more than one profile?",ACCOUNT
"I want to inform of a problem with my payment, what should I do?",PAYMENT
"I want to check the cancellation penalty , can you help me?",CANCELLATION_FEE
I haven't got a user account and I want to open one,ACCOUNT
"the event was postponed, how can i request a reimbursement?",REFUNDS
I want to know how to track my shipments,ORDER
"the game was cancelled, can u help me?",REFUNDS
"I have an issue when trying to pay for my order, can you help me?",PAYMENT
I need help seeing my bill,INVOICES
"I want to know the status of my refund, what do I have to do?",REFUNDS
can you tell me about the options for ticket delivery?,DELIVERY
"could u ask an agent if i can report fucking problems paying, please?",PAYMENT
I want to know how I can obtain some invoices,INVOICES
could u ask an agent to receive a reimbursement?,REFUNDS
I need information about the cancellation fees,CANCELLATION_FEE
i wanna request information about downloading a fucking bill,INVOICES
I have a problem making a payment and I want to report it,PAYMENT
can i check the ticket delivery options?,DELIVERY
how do I inform of iwsues with my payment?,PAYMENT
"i changed my mind, i need help closing my fucking account, please",ACCOUNT
"I have an issue making a payment with card, whgat do I have to do to notify it?",PAYMENT
"I got an error when I attempted to pay, but my card was charged anyway, I need help notifying it",PAYMENT
"could you ask an agent how I could solve a payment problem, please?",PAYMENT
"I want to check my order, tell me how I can do it",ORDER
"please, can u ask an agent if i can lodge a complaint for a service?",FEEDBACK
"id like to get a fucking bill, can you tell me where to do it, please?",INVOICES
"I want to solve a payment problem, what do I have to do ?",PAYMENT
I want to know something about downloading an invoice,INVOICES
"I got an error when I attempted to make a payment, but my card was charged anyway and I want to notify it",PAYMENT
"I haven't got an account, how do I register?",ACCOUNT
how to see the options for delivery,DELIVERY
"i wanna see some invoicse, can you tell me how to do it?",INVOICES
"I forgot my account password, what should I do to recover it?",ACCOUNT
i need information about the fucking email address of the Client Service,CONTACT
can you tell me the mail of the Customer Support?,CONTACT
"i have an issue making a payment , inform of it",PAYMENT
"I got an error message when I tried to pay, but my card was charged anyway",PAYMENT
i have a problem when trying to pay with card and i want to notify it,PAYMENT
i wannacall customer service,CONTACT
I'm interested in your money back guarantee and I want information about it,REFUNDS
can you ask an agent for information about downloading a bill?,INVOICES
"I purchased a product, help me change my purchase",ORDER
I need help reporting a payment problem,PAYMENT
"i am happy with the service, i need help lodging an opinion",FEEDBACK
how do i contact customer service?,CONTACT
ask an agent where i can iknform of problems with my payment,PAYMENT
I need help reporting a payment issue,PAYMENT
"I want a reimbursement, help me request onme",REFUNDS
"I've got no online account, create one",ACCOUNT
where to request an invoice,INVOICES
i lost my invoices and i awnt to check them,INVOICES
"I lost my invoices, what do I have to do to view them?",INVOICES
"please, can u ask an agent if there is an newsletter i could subscribe to ?",NEWSLETTER
help me see my invoice,INVOICES
"i get an error message when i try to make a payment with card, what do i have to do?",PAYMENT
"I'm discontent with the service, I need help submitting a complaint",FEEDBACK
I need help canceling my profile,ACCOUNT
I need help informing of a problem with my payment,PAYMENT
I want to know if I can receive the newsletter,NEWSLETTER
is it possible to get a bill ?,INVOICES
ask an agent how i can reset my fucking account password,ACCOUNT
"you aren't helping, can you contact a person?",CONTACT
"i would like to subscribe to the newsletter, tell me how I can do it",NEWSLETTER
"I don't like the service, what can I do to file a consumer complaint?",FEEDBACK
"i want to use my other account, how can i change themn?",ACCOUNT
I lost my bills and I want to vview them,INVOICES
how to see some bills,INVOICES
can you show me information about the mail of the Client Service?,CONTACT
I want to know if I can create several accounts with a single email address,ACCOUNT
contact customer service,CONTACT
can you tell me if I can register more than one user account with a single email?,ACCOUNT
where do I make an order?,ORDER
can u ask an agent how to report a problem making a payment?,PAYMENT
tell me how I can obtain an invoice,INVOICES
I made a mistake asnd I'd like to change my order,ORDER
"i want a user account, can i create one?",ACCOUNT
tel me if I acn pay with card,PAYMENT
can u contact a human?,CONTACT
"I don't have a user account, what do I have to do to create one?",ACCOUNT
"I'm not happy with the service, what should I do to lodge an complaint?",FEEDBACK
"I'm happy with the service, what do I have to do to lodge an opinion?",FEEDBACK
you aren't helping and I want to contact a person,CONTACT
"I haven't got an account, what can I do to register?",ACCOUNT
"I got an error message when I attempted to pay, but my card was charged anyway, can you notify it?",PAYMENT
how can I speak with Client Service?,CONTACT
"the event was postponed, how can i get a reimbursement?",REFUNDS
how do I check your money back guarantee?,REFUNDS
can u ask an agent to make a purchase?,ORDER
"please , tell me what the number of Client Service is",CONTACT
I want information about seeing some bills,INVOICES
"I want to solve an issue with my payment, can you help me?",PAYMENT
"i dont understand you, what should i doto speak with a person?",CONTACT
i want to know if I can see some bills,INVOICES
ask an agent where i can delete my online account,ACCOUNT
can you ask an agent hw I could edit the information on my profile?,ACCOUNT
i want to know what the mail address to contact Customer Service is,CONTACT
where can I see my invoices?,INVOICES
can you show me the email to contact Client Service?,CONTACT
"my online account was hacked, what should i do?",ACCOUNT
I need help contacting Client Service,CONTACT
"i cant understand you, can i talk to a human?",CONTACT
"i wanna make an opinion for a service, what do i have to do?",FEEDBACK
"I have a problem paying with card, how can I notify it?",PAYMENT
"can u ask an agent if i could report a problem with my payment, please?",PAYMENT
can you tell me if I can create more than one profile with the same email?,ACCOUNT
"the game was cancelled, how can I get a refund?",REFUNDS
"i got an error when i attempted to pay, but i was charged anyway and i wanna report it",PAYMENT
"I want to solve an issue making a payment, can you help me?",PAYMENT
"I can't remember my account password, help me retrieve it",ACCOUNT
where do i change my shipping address?,SHIPPING
"I can't understand you, contact a person",CONTACT
how do I lodge a complaint ?,FEEDBACK
how could i file a complaint?,FEEDBACK
"I lost myu password, how do I retrieve it ?",ACCOUNT
"i dont like the service, what do i have to do to file a complaint?",FEEDBACK
ask an agent where I acn receive the newsletter,NEWSLETTER
"I've got no fucking user account, what do I have to do to register?",ACCOUNT
"i got an error when i attempted to pay, but my card was charged anyway, can i report it?",PAYMENT
"I'm happy with the service, what do I have to do to make a comment?",FEEDBACK
"i cant understand you, how do i contact a person?",CONTACT
I need help seeing the cancellation penalties,CANCELLATION_FEE
"I want to report s payment probelm, what do I have to do?",PAYMENT
"the game was cancelled, can I request a refund?",REFUNDS
"I have an issue paying for my order, what can I do to report it?",PAYMENT
terll me if I could request an invice,INVOICES
what's your refund policy?,REFUNDS
I want to see the mail of the Customer Service,CONTACT
information about your money back guarantee,REFUNDS
i wanna talk to a human,CONTACT
"ask an agent how I can edit my fucking profile, please",ACCOUNT
what's the number to contact Customer Service?,CONTACT
ask an agent if i can inform of problems paying,PAYMENT
"could u ask an agent if i can get a refund, please?",REFUNDS
"I got an error when I tried to make a payment, but my card was charged anyway, what can I do to inform of it?",PAYMENT
I need help making a consumer complaint for a service,FEEDBACK
"please, could you ask an agent ohw I could inform of fucking problems paying?",PAYMENT
"I didn't receive my invoices, what can I do to view them ?",INVOICES
"can u ask an agent where i could inform of problems making a payment, please?",PAYMENT
"I don't understand you, what can I do to speak with a human agent?",CONTACT
"can u ask an agent to change to another user account, please?",ACCOUNT
"someone stole my account password, what can I do to reset it?",ACCOUNT
how do I make a consumer complaint for a service?,FEEDBACK
I have no user account and I want to create one,ACCOUNT
whats the mail address to contact client service?,CONTACT
"i have a problem making a payment with card, i need help reporting it",PAYMENT
"I want to solve a problem making a payment, what can I do?",PAYMENT
"i dont want my profile, how do i delete it?",ACCOUNT
"please, ask an agent where I can remove my fucking online account",ACCOUNT
I'm happy with the service and I want to lodge a review,FEEDBACK
"I get an error when I attempt to make a payment for my order, what can I do?",PAYMENT
where to see your reimbursement policy,REFUNDS
ask an agent whee to check the delivery otions,DELIVERY
can you find information about the cancelation fees?,CANCELLATION_FEE
show me the free number of Customer Support,CONTACT
"ask an agent how I could report an issue with my payment, please",PAYMENT
were to report issues making a payment,PAYMENT
what's the mail of Client Service?,CONTACT
"I've got no user account, what can I do to register?",ACCOUNT
help me speak with Customer Support,CONTACT
"i want to know the status of my reimbursement, help me track it",REFUNDS
I want to switch to another online account,ACCOUNT
can u ask an agent if i can request a reimbursement?,REFUNDS
"I need an acxcount, what can I do?",ACCOUNT
tell me if I can register more than one user account with the same email address,ACCOUNT
"I want to make a consumer complaint , what can I do ?",FEEDBACK
"I have a problem paying, how do I inform of it?",PAYMENT
"I got an error when I tried to pay, but I was chargedanyway, I need help informing of it",PAYMENT
tell me if I can register two accounts with a single email address,ACCOUNT
how do I report an issue making a payment?,PAYMENT
"you aren't helping, how can I talk to someone?",CONTACT
"I want to know the status of my refund, what can I do?",REFUNDS
"id like information and id like to speak with client service, please",CONTACT
how to check the status of my reimbursement,REFUNDS
where do I see the options for ticket delivery?,DELIVERY
"I haven't got an account, how can I open one?",ACCOUNT
"I changed my mind, what do I have to do to close my online account?",ACCOUNT
"i need a profile, what do i have to do to create one?",ACCOUNT
"I have no shipping address, help me set it up",SHIPPING
"please, can u ask an agent where i can report problems making a payment?",PAYMENT
I want to know what the free phone number to contact Client Service is,CONTACT
"can you ask an agent if I can write a review, please?",FEEDBACK
how do I modify the information on myprofile?,ACCOUNT
I can't find my invoices and I want to check them,INVOICES
I want to know hwat the free phone no to contact Customer Service is,CONTACT
"I'd like a fucking online account, what can I do to open one?",ACCOUNT
"I can't find my invoice, what can I do to check it?",INVOICES
I want to know how I can receive the newsletter,NEWSLETTER
how do I obtain sn invoice?,INVOICES
"I don't want my account, what do I have to do to close it?",ACCOUNT
how can i send an email to client servioce?,CONTACT
how can I track my packages?,ORDER
"i got an error message when i tried to pay, but my card was charged anyway and i wanna notify it",PAYMENT
ask an agent where I could see the delivery options,DELIVERY
can you tell me how I can check my packages?,ORDER
where to make a consumer complaint for a service,FEEDBACK
"I changed my mind, remove my profile",ACCOUNT
"the event was postponed, obtain a refund",REFUNDS
tell me if I can create several accounts with the same email address,ACCOUNT
how can I check my deilvery?,ORDER
"please, ask an agent how to report a problem paying",PAYMENT
canu ask an agent if i can view my invoices?,INVOICES
"I got an error when I attempted to make a payment, but I was charged anyway, how do I inform of it?",PAYMENT
"i didn't receive my bills, how do i see them?",INVOICES
"ask an agent how I could report problems making a payment, please",PAYMENT
where do I track my shipments?,ORDER
"I wanna check my orders, can you tell me how to do it?",ORDER
"please, could you ask an agent how I could register?",ACCOUNT
i want to create an account,ACCOUNT
I want to knowsomething about seeing an invoice,INVOICES
where can i leave an opinion for a service?,FEEDBACK
"please, ask an agent how to retrieve my fucking password",ACCOUNT
"i ahve a problem when trying to pay for my online order, how can i report it?",PAYMENT
"I want to view your payment options, what should I do ?",PAYMENT
tell me what the email address of the Customer Service is,CONTACT
"I've got no online account, how do I open one?",ACCOUNT
how do I leave a comment?,FEEDBACK
"id like a refund, what do i have to do to get one?",REFUNDS
can you ask an agent how I could view the status f my purchase?,ORDER
"I have aproblem when trying to make a payment, how can I inform lf it?",PAYMENT
"i want to use my other fucking online account, can i switch them ?",ACCOUNT
show me the mail of the Customer Support,CONTACT
"my online account was hacked, how do I recover it?",ACCOUNT
I have an issue when trying to pay for my online order,PAYMENT
how can I delete my cacount?,ACCOUNT
I fonud an issue signing up,ACCOUNT
"i have a problem when trying to make a payment with card, inform of it, please",PAYMENT
how canI change my profile?,ACCOUNT
help me view your payment methods,PAYMENT
tell me if I can create more than one user account with a single email address,ACCOUNT
can u ask an asgent where i can view my invoices?,INVOICES
"I want to modify my shipping address, what should I do?",SHIPPING
what's the cancellation fee?,CANCELLATION_FEE
"I have an issue when trying to make a payment with card, help me report it",PAYMENT
can u ask an agent if i can report payment problems?,PAYMENT
"I have no shipping address, set it up",SHIPPING
"I would like information, what can I do to speak with Client Service?",CONTACT
"ask an agent how I can write a fucking opinion, please",FEEDBACK
can I inform of problems making a payment?,PAYMENT
"the concert was postponed, how can i request a reimbursement?",REFUNDS
"could you tell me how to nkow where my fucking package is, please?",ORDER
"I need a refund, can I get one?",REFUNDS
"I want to ssee the cancellation fee, what do I have to do?",CANCELLATION_FEE
"I have an issue paying, can you notify it?",PAYMENT
how can I notify a problem making a payment?,PAYMENT
"please, could you ask an agent how to contact Customer Service?",CONTACT
"you're not helping, what can I do to contact someone?",CONTACT
I had issues while creatinga profile,ACCOUNT
can u ask an agent if i can obtain some invoices?,INVOICES
I have a question and I want to speak with Client Service,CONTACT
"I lost my invoices, I need help checking them",INVOICES
my user account was hacked and I want to get it bakc,ACCOUNT
"i get an error when i attempt to make a payment with card, what can i do?",PAYMENT
"i want to check my orders, can you tell me where I can do it?",ORDER
"you aren't helping, what do I have to do to speak with a human agent ?",CONTACT
"I need information, help me call Customer Service",CONTACT
"I don't understand you, can I talk to a human agent?",CONTACT
"an error message pops when I try to pay for my online order, what should I do?",PAYMENT
"I want to lodge a comment, what should I do?",FEEDBACK
"Iwant a refund, what can I do to get one?",REFUNDS
can u ask an agent how to check their money back policy?,REFUNDS
"I have an issue when trying to pay for my online order, help me notify it",PAYMENT
"I have an issue when trying to pay, can you inform of it?",PAYMENT
"an error message popos when I try to pay for my order, what can I do?",PAYMENT
"the show was postponed, what do I have to do?",REFUNDS
"I'd like a refund, what should I do to get one?",REFUNDS
"I want to download a bill, tell me where I can do it",INVOICES
"I don't understand you, what should I do to contact a human ?",CONTACT
where can I inform of issues paying?,PAYMENT
i wanna know what the number to contact customer support is,CONTACT
"I want to file an opinion, what should I do?",FEEDBACK
what can I get a reimbursement for?,REFUNDS
what are the hours of Customer Service?,CONTACT
can I inform of a payment problem?,PAYMENT
"I lost my invoices, what should I do to check them?",INVOICES
ask an agent if i can make a payment with Amex,PAYMENT
"I lost my bill, I need help viewing it",INVOICES
"I want to download an invoice, tell me how to do it",INVOICES
can u ask an agent if i can file a complaint for a service?,FEEDBACK
i want to klnow what the mail of client servcie is,CONTACT
can you ask an agent for information about getting some invoices?,INVOICES
"i have no fucking user account, can u open one, please?",ACCOUNT
can you tell me what the mail to contact Client Service is?,CONTACT
i wanna resrt my password,ACCOUNT
"please, could u ask an agent how I can see an invoice?",INVOICES
"the show was cancelled, can I get a reimbursement?",REFUNDS
"I have an issue when trying to pay with card , help me report it",PAYMENT
"I have an issue paying with card, what can I do?",PAYMENT
"I lost my invoice , help me check it",INVOICES
informatrion about downloading some invoices,INVOICES
can ushow me information about your reimbursement policy?,REFUNDS
can i modify the information on my profile?,ACCOUNT
"I want to request some invoices, tell me how to do it",INVOICES
what's the email address to contact Customer Support?,CONTACT
"I have an issue when trying to make a payment with card, can you report it?",PAYMENT
"I have a question, what should I do to speak with Customer Support?",CONTACT
tell me if I can check my deliveries,ORDER
can i tack my packages?,ORDER
can I see the delivery options?,DELIVERY
I have a problem when trying to pay for my online order,PAYMENT
"please, I wanna know where I could check my order",ORDER
"I have a question, can I send an email to Customer Service?",CONTACT
how do I modify my shipping address?,SHIPPING
"I can't remember my account password, can you recover it, please?",ACCOUNT
"I changed my mind, how can I cancel my online account?",ACCOUNT
I'm happy with the service and I want to make a review,FEEDBACK
"please, could you speak with Customer Service?",CONTACT
"I got an error when I tried to make a payment, but my card was charged anyway, can you notify it?",PAYMENT
"I'd like to check your refund policy, what do I have to do?",REFUNDS
can u contact a fucking person?,CONTACT
"I want to modify my order, can you show me some information?",ORDER
"i dont understand you, how do i contact someone?",CONTACT
ask an agent how i could solve problems with my payment,PAYMENT
how to see a bill,INVOICES
ask an agent how to view their reimbursement policy,REFUNDS
"my user account was hacked, can you help me?",ACCOUNT
how can I solve problems with my payment?,PAYMENT
I want to see the mail of the Client Service,CONTACT
i have an issue when trying to pay for my order and i want to notify it,PAYMENT
"I've got no account, how do I register?",ACCOUNT
"I lost my bills, help me see them",INVOICES
"i dont have an online account, what can i do to open one?",ACCOUNT
how can I check the delivery options?,DELIVERY
"i dont understand you, help me speak with someone",CONTACT
"i have no shipping address, how do i set it up ?",SHIPPING
"I have no online account, register",ACCOUNT
"I purchased an item, what can i do to modify my order?",ORDER
how to close my user account,ACCOUNT
"I want to use my other account, how can I switch them?",ACCOUNT
"I want to download some bills, can you tell me how to do it?",INVOICES
can u provide information about the delivery period?,DELIVERY
I want to request information about subscribing to the newsletter,NEWSLETTER
"I need a user account, can I create one?",ACCOUNT
"I need information, I need help speaking with Customer Service",CONTACT
how can I get an bill?,INVOICES
how to solve an issue making a payment,PAYMENT
can I create more than one profile with the same email address?,ACCOUNT
what are the hours of Client Service?,CONTACT
I need help speaking with someone,CONTACT
tell me if I can get a bill,INVOICES
"i cant understand you, what do i ahve to do to contact a human agent?",CONTACT
"I want to get an invoice, can you tell me how to do it?",INVOICES
"I'm discontent with the service, how do I make a complaint?",FEEDBACK
can you ask an agent if i can obtain an invoice?,INVOICES
"I want to file a consumer complaint for a service, what should I do?",FEEDBACK
"im discontent with the service, i need help making a complaint",FEEDBACK
"I purchased an item, what do I have to do to change my purchase?",ORDER
I purchased a product and I want to modify my purchase,ORDER
"my fucking user account has been hacked, and I need help getting it back",ACCOUNT
how do I contact someone?,CONTACT
"I don't bave an account, how can I open one?",ACCOUNT
"I have a question, what can I do to speak withh Customer Service?",CONTACT
help me cancel my account,ACCOUNT
I don't know anything about your reimbursement policy and I need information about it,REFUNDS
ask an agent to report a payment issue,PAYMENT
"I want to see some bills, can you give me some information?",INVOICES
I wanna know where to obtain a bill,INVOICES
can you tell me where I can get an invoice?,INVOICES
"I get an error when I try to make an payment with card, what can I do?",PAYMENT
"I forgot my password, what do I have to do to reset it?",ACCOUNT
"id like an account, can i open one?",ACCOUNT
tell me where I can modify my order,ORDER
"ask an agent to inform of issues with my payment, please",PAYMENT
I want to see the cancellation fee,CANCELLATION_FEE
where do i close my account?,ACCOUNT
"I haven't got a profile, how can I create one?",ACCOUNT
"I'm happy with the sservice, file an opinion",FEEDBACK
"I have a problem paying for my online order, how do I inform of it?",PAYMENT
I want to know where to track my deliveries,ORDER
"I'd like to retrieve my password, can you help me?",ACCOUNT
"I've got no online account, can you open one?",ACCOUNT
I need informatoin about the cancellation penalty,CANCELLATION_FEE
"someone stole my account password, i need help resetting it, please",ACCOUNT
"I need information, help me contact Customer Service",CONTACT
"please, could u ask an agent if i could see my invoice?",INVOICES
the event was cancelled and I want to request a refund,REFUNDS
"please, could u ask an agent how to register?",ACCOUNT
"I weant to use my other account, switch them",ACCOUNT
"i have no user account, open one",ACCOUNT
how to file a consumer complaint for a service,FEEDBACK
where can i receive a refund?,REFUNDS
"I get an error message when I try to make a payment for my order, what should I do?",PAYMENT
"I lost my bills, what do I have to do to check them?",INVOICES
can I create a provile?,ACCOUNT
"i havent got a profile, can i create one?",ACCOUNT
I need help viewing the ticketdelivery options,DELIVERY
"i haev a problem paying, can i inform of it?",PAYMENT
"i want a rfeimbursement, how can i obtain one?",REFUNDS
im discontent with the service and i wanna lodge a consumer complaint,FEEDBACK
"I can't find my bills, can you view them?",INVOICES
"I have a problem paying with card, can you inform of it?",PAYMENT
"I don't want my profile, what should I do to remove it?",ACCOUNT
can you tell me the free number of Client Service?,CONTACT
"i have an issue when trying to pay for my online order, help me inform of it",PAYMENT
"I want to use my other profile, can you switch them?",ACCOUNT
"someone stole my password, can I reset it?",ACCOUNT
I want to see the options for delivery,DELIVERY
"you're not helping, can you talk to a human?",CONTACT
"I made a mistake, I need help changing my purchase",ORDER
"could you tell me the fucking number to contact Customer Support, please?",CONTACT
"i lost my password, how do i recover it?",ACCOUNT
i cant remember my password and i wanna retrieve it,ACCOUNT
"i ordered something, what can i do to modify my purchase?",ORDER
"I have no profile, what do I have to do to create one?",ACCOUNT
"i wana filea consumer complaint for a service, can u help me?",FEEDBACK
"i dont want my fucking user account, can u close it, please?",ACCOUNT
"an error pops when I try to pay for my order, can you help me?",PAYMENT
"I have an issue when trying to make a payment with card, what do I have to do?",PAYMENT
"I want to use my other online account, how do I change them?",ACCOUNT
"I purchased something, help me modify my purchase",ORDER
"i wanna open a user account, what caqn i do?",ACCOUNT
"I want to view the options for delivery, can you help me?",DELIVERY
where can i notifypayment issues?,PAYMENT
"I want information, how can I talk to Customer Service?",CONTACT
"I want to make a comment, what should I do?",FEEDBACK
"I got an error when I tried to pay, but I was charged anyway, help me inform of it",PAYMENT
can I create several online accounts with the same email?,ACCOUNT
"I've got no user account, could you open one?",ACCOUNT
"im discontent with the service, help me submit a complaint",FEEDBACK
"please, could u ask an agent where i could delete my fucking account?",ACCOUNT
can I request some invoices?,INVOICES
"i have a problem when trying to pay, what should i do to notify it?",PAYMENT
"I want to view my bills, what should I do?",INVOICES
help me inform of a problem paying,PAYMENT
i wanna speak with someone,CONTACT
"I want information, how can I talk to Client Service?",CONTACT
"I have a problem paying, how do I notify it?",PAYMENT
i want to know the status of my reimbursement,REFUNDS
ask an agent where to get a refund,REFUNDS
"I have an issue making a payment, how can I notify it?",PAYMENT
"I want to see the options for ticket delivery, what can I do?",DELIVERY
im happy with the service and i wanna submit a comment,FEEDBACK
"I want to check the options for delivery, can you help me?",DELIVERY
"i need information, how can i contact customer service?",CONTACT
"an error pops when I attempt to pay with card, could you help me?",PAYMENT
"I want to check the cancellation fee, can you help me?",CANCELLATION_FEE
"i want to get a reimbursement, what do i have to do?",REFUNDS
"could u ask an agent if there is a newsletter to keep me up-to-date, please?",NEWSLETTER
I want information about the email of the Client Service,CONTACT
"I have a problem making a payment with card, can I inform of it?",PAYMENT
"Ineed information, what can I do to talk to Client Service?",CONTACT
I want to know where I can request a bill,INVOICES
I had issues when trying to create a profile,ACCOUNT
"please, could u ask an agent how i can inform of a problem paying?",PAYMENT
"I got an error when I attempted to make a payment, but I was charged anyway, help me report it",PAYMENT
how can I report payment issues?,PAYMENT
"could you ask an agent how I can check their payment methods, please?",PAYMENT
"i wanna receive the fucking newsletter, can you tell me where I can do it, please?",NEWSLETTER
do you mind asking an agent how I can obtain an invoice?,INVOICES
how do I inform of a problem with my payment?,PAYMENT
"i have no account, how can i register?",ACCOUNT
"i got an error when i attempted to make a payment, but my card was charged anyway",PAYMENT
"i wanna file a complaint, what should i do?",FEEDBACK
can I create several profiles with a single email?,ACCOUNT
"I have a problem paying with card, can you notify it?",PAYMENT
"I changed my mind, what do I have to do to close my user account?",ACCOUNT
"I want to obtain a bill, tell me where to do it",INVOICES
"I want to check my delivery, tell me how to do it",ORDER
i wanna know what the number of client service is,CONTACT
"I ordered something , how can I change my order?",ORDER
"I want to submit a comment for a service, can you help me?",FEEDBACK
"i didn't receive my bills, what do i have to do to check them?",INVOICES
what's the email to contact Client Service?,CONTACT
i want to know if there is a free phone number to contact customer service,CONTACT
"I have a question, what should I do to contact Customer Support?",CONTACT
"I want to download an invoice, tell me where I can do it",INVOICES
"I want to lodge a comment, can you help me?",FEEDBACK
"i have a problem when trying to make a payment, can u nnotify it?",PAYMENT
"i want ro reset my account password, what do i have to do?",ACCOUNT
"i changed my mind, cancel my account",ACCOUNT
tell me if my reimbursement was processed,REFUNDS
"i wanna get a refund, can u help me?",REFUNDS
"i have an issue paying with card, what do i have to do to inform of it?",PAYMENT
show me the cancellation fees,CANCELLATION_FEE
"I didn't receive my invoices, how do I view them?",INVOICES
how can I check my shipment?,ORDER
"i wanna inform of a payment issue, what do i have to do?",PAYMENT
"could you ask an agent if I can check my shipment, please?",ORDER
"I've got no online account, what do I have to do to register?",ACCOUNT
can you show me the free number to contact Customer Support?,CONTACT
"I can't remember my password, help me recover it",ACCOUNT
"I want to obtain a bill, can you tell me how to do it?",INVOICES
"i wanna check my package, tell me how to do it",ORDER
I found an issue while signing up,ACCOUNT
I found an issue registering,ACCOUNT
"please, could you ask an agent if I could talk to Customer Support?",CONTACT
"I don't understand you, how can I speak with someone?",CONTACT
show me the free phone number of Customer Support,CONTACT
"i have an issue when trying to pay for my online order, inform of it",PAYMENT
"i purchased a product, help me change my order, plwase",ORDER
"I have an issue when trying to pay, can you report it?",PAYMENT
"I have a problem when trying to pay for my order, what can I do to report it?",PAYMENT
"i want to check my shipments, can you tell me where to do it?",ORDER
"the game was cancelled, how do I obtain a reimbursement?",REFUNDS
"I need an account, can you create one?",ACCOUNT
"i have a issue when trying to pay with card, cani report it?",PAYMENT
I want to know what the email to contact Client Service is,CONTACT
how can i view the options for ticket delivery?,DELIVERY
can you ask an agent where I could report problems making a payment?,PAYMENT
i want to obtain a refund,REFUNDS
can u give me information about the delivery options?,DELIVERY
I want to know how to download some invoices,INVOICES
can I create more than one account with the same email?,ACCOUNT
i want to know wat the email of Customer Service is,CONTACT
"you're not helping, what can I do to speak with a human agent?",CONTACT
"I want to request information about obtaining an invoice, please",INVOICES
do I get a full refund in case I cancel my ticket?,REFUNDS
"someone stole my password, I need help retrieving it, please",ACCOUNT
"the event was postponed, what can I do to get a refund?",REFUNDS
I want to change to another profile,ACCOUNT
"I want to see the cancellation fee, what should I do?",CANCELLATION_FEE
"I have no user account, what do I have to do to register?",ACCOUNT
want to know if I can track my shipments,ORDER
"I want to notify an issue paying, can you help me?",PAYMENT
"my account's been hacked, can i recover it?",ACCOUNT
can u ask an agent if i can track my order?,ORDER
"I wanna track my order, can you tell me where I can do it?",ORDER
"my account's been hacked, how do I get it back?",ACCOUNT
i want to inform of a problem with my payment,PAYMENT
"I want to see the status of my reimbursement, what can I do?",REFUNDS
"I have an issue when trying to pay for my online order, what should I do to report it?",PAYMENT
"an error pops when I attempt to make a payment, what can I do?",PAYMENT
"ask an agent where to see their payment options, please",PAYMENT
can i register?,ACCOUNT
"an error pops when I attempt to make a payment, what do I have to do?",PAYMENT
"I have an issue paying for my order, can you notify it?",PAYMENT
how to view the status of my reimbursemernt,REFUNDS
"ask an agent how i could reset my account password, please",ACCOUNT
"I wantto open a use account, what do I have to do?",ACCOUNT
"I got an error when I tried to pay, but my card was charged anyway, what should I do?",PAYMENT
I have a problem when trying to make a payment with card,PAYMENT
"want to request some bills, tell me how to do it",INVOICES
how can Inotify issues with my payment ?,PAYMENT
"you aren't helping, I need help talking to a person",CONTACT
"i got an error message when i attempted to pay, but my card was charged anyway and i want to inform of it",PAYMENT
I need help talking to someone,CONTACT
I need help leaving a comment,FEEDBACK
can I contact Customer Supprt?,CONTACT
"I wanna track my orders, tell me where to do it",ORDER
"I can't make a payment, what do I haev to do?",PAYMENT
could you ask an agent where I can place an order?,ORDER
"I have a question, can you send an email to Client Service?",CONTACT
whats the fucking mail address of customer service?,CONTACT
askan agent about the options for ticket delivery,DELIVERY
"I don't like the service, how do I file a consumer complaint?",FEEDBACK
"I've got no user account, can I register?",ACCOUNT
"I got an error when I attempted to pay, but my card was charged anyway, can you notify it?",PAYMENT
"someone stole my account password, help me recover it",ACCOUNT
ask an agent how to reset my account password,ACCOUNT
can you tell me the phone number of client service?,CONTACT
how do I speak with a person?,CONTACT
contact Customer Support,CONTACT
"I changed my mind, remove my user account",ACCOUNT
"I can't understand you, what can I do to speak with someone?",CONTACT
"an error message pops when I attempt to pay with card, what can I do?",PAYMENT
how to see the status of my order,ORDER
can you tell me if I can register more than one account with the same mail?,ACCOUNT
I want to know if I can register two user accounts with the same email,ACCOUNT
"I want to check the cancellation fee, what do I have to do?",CANCELLATION_FEE
I found an issue while registering,ACCOUNT
"id like information, can u callfucking customer support, please?",CONTACT
"please, ask an agent if I could notify fucking payment problems",PAYMENT
ask an agent how i can switch to another user account,ACCOUNT
are service fees refundable?,REFUNDS
can you tell me how to obtain a bill?,INVOICES
can you check your money back guarantee?,REFUNDS
can you tell me if I can check my packages?,ORDER
can you tell me the free number of Customer Support?,CONTACT
"I want to notify a payment problem, what should I do?",PAYMENT
"i wanna view cancellation penalties, can u help me?",CANCELLATION_FEE
I want to know if I can create two profiles with a single email,ACCOUNT
"I want to view my bill, can you help me?",INVOICES
"please, ask an agent to send an email to Customer Service",CONTACT
"i dont like the service, how can i make a complaint?",FEEDBACK
"ask an agent how I could modify my shipping address, please",SHIPPING
"I want to track my deliveries, tell me how I can do it",ORDER
can i create two profiles with the same email?,ACCOUNT
I had registration issues,ACCOUNT
"I am discontent with the service, I need help lodging a complaint, please",FEEDBACK
what information do you have about receiving the newsletter?,NEWSLETTER
I wqnt to see the phone number to contact Customer Support,CONTACT
"could u ask an agent how i could notify fucking issues with my payment, please?",PAYMENT
"I have a problem making a payment with card , what should I do?",PAYMENT
"I want to report a problem making a payment, what do I have to do?",PAYMENT
ask an agent where I could see their refund policy,REFUNDS
ask an agent what the free number to contact Customer Service is,CONTACT
can I retrieve my account password?,ACCOUNT
"I want to download a bill, can you show me some information?",INVOICES
can you ask an agent if i can get a bill?,INVOICES
"u are not helping, talk to a human",CONTACT
"I purchased something, can i modify my purchase?",ORDER
"I didn't receive my invoices, I need help viewing them",INVOICES
"I have an issue when trying to pay for my online order, can I report it?",PAYMENT
how do i view your reimbursement policy?,REFUNDS
help me inform of an issue with my payment,PAYMENT
"I want to see some bills, tell me how I can do it",INVOICES
where can i check the options for ticket delivery?,DELIVERY
"I don't know anything about your money back guarantee, can you tell me about it?",REFUNDS
I need help seeing the delivery options,DELIVERY
i wanna see the mail address of the Customer Support,CONTACT
"someone stole my password, can I retrieve it ?",ACCOUNT
"the event was postponed, what do i have to do to request a reimbursement?",REFUNDS
information about the mail of the Customer Support,CONTACT
where to see the options for ticket delivery,DELIVERY
"my account's been hacked, can u recover it?",ACCOUNT
"I want to get a bill, can you tell me how I can do it?",INVOICES
can I register several user accounts with a single email address?,ACCOUNT
"i ordered an item, could i change my order?",ORDER
i wanna view your money back policy,REFUNDS
could you ask an agent if I can speak with Customer Support?,CONTACT
check my shipments,ORDER
tell me where I can track my packages,ORDER
how could I rese my account password?,ACCOUNT
"please, ask an agent if I could write an opinion",FEEDBACK
can you tell me if i can register more than one profile with the same email?,ACCOUNT
"I lost my invoices, I need help viewing them",INVOICES
"I want to obtain some invoices, can you tell me how I can do it?",INVOICES
"i dont have a user account, help me open one",ACCOUNT
"the event was cancelled, how do I obtain a reimbursement?",REFUNDS
"I want to know if I could own several profiles, please",ACCOUNT
I've got no user account and I want to create one,ACCOUNT
"id like to check your money back pooicy, can u help me?",REFUNDS
"I'm happy with the service, how can I submit a comment?",FEEDBACK
"I want to know the status of my refund, help me track it",REFUNDS
ask an agent how i can report a payment problem,PAYMENT
"the show was cancelled, what should I do to request a refund?",REFUNDS
"ask an agent how to inform of fucking issues paying, please",PAYMENT
can I check the status of my reimbursement ?,REFUNDS
"I'd like to see the status of my fucking purchase, could you help me?",ORDER
"I got an error message when I tried to make a payment, but I was charged anyway and I'd like to report it, please",PAYMENT
"I want to check my delivery, can you tell me where I can do it?",ORDER
"i need information, i need help speaking with customer support",CONTACT
where do I report a problem making a payment?,PAYMENT
how to lodge a consumer complaint for a service,FEEDBACK
I want to know where to track my package,ORDER
"i havent got a suer account, what do i haveto do?",ACCOUNT
"i have a pproblem paying with card, help me notify it",PAYMENT
"I want to use my other account, what can I do to change them?",ACCOUNT
I lost my bill and I want to see it,INVOICES
the show was postponed and I want to obtain a refund,REFUNDS
"I have no shipping address, can Iset it up?",SHIPPING
"an error pops when i attempt to make a payment for my order, what do i have to do?",PAYMENT
"please, i want to ask for information about modifying my purchase",ORDER
"I want to get a bill, can you tell me where to do it?",INVOICES
"I have a question, I need help callinglCient Service",CONTACT
"i cant remember my account password, retrieve it",ACCOUNT
i can't find my invoices and i wanna check them,INVOICES
"I haven't got a user account, register",ACCOUNT
"I have no user account, how can I register?",ACCOUNT
ask an agent where i can notify a problem with my payment,PAYMENT
"I don't undertand you, I need help speaking with a human",CONTACT
"i cant understand you, how could i speak with an fucking person?",CONTACT
can u ask an agent how i can view the status of my purchase?,ORDER
ask an agent if i can track my orders,ORDER
I found an issue when trying to open an account,ACCOUNT
"I got an error when I attempted to pay, but my card was charged anyway, can you help me?",PAYMENT
"ask an agent how i can remove my account, please",ACCOUNT
"I get an error message when I try to make a payment, can you help me?",PAYMENT
"I want to make a review for a service, what do I have to do?",FEEDBACK
you're not helping and I want to talk to someone,CONTACT
how can i lodge a ccomplaint for a service?,FEEDBACK
"the game was cancelled, what do i have to do?",REFUNDS
"you aren't helping, what do I have to do to contact a person?",CONTACT
"I have a problem paying for my order, can I inform of it?",PAYMENT
how can i check my invoices?,INVOICES
"I bought an item, help me modify my purchase",ORDER
can u ask an agent if i can solve a problem paying?,PAYMENT
"you're not helping and I want to contact a human, please",CONTACT
I need information about obtaining a bill,INVOICES
"i wanna see the ticket delivery options, could u help me, please?",DELIVERY
"i got an error message when i attempted tl pay, but my card was charged anyway, how do i notify it?",PAYMENT
"i want to use my other profile, what should i do to switch them?",ACCOUNT
"I have a question, what can I do to speak with Client Service?",CONTACT
I have a question and I want to contact Customer Support,CONTACT
I want to view the delivery options,DELIVERY
"please, can you ask an agent how I can notify issues with my payment?",PAYMENT
"im discontent with the service, could u submit a fucking consumer complaint, please?",FEEDBACK
can I inform of problems paying?,PAYMENT
"i dont have an user account, what should i do to create one?",ACCOUNT
ask an agent how to make changes ot the information on my fucking profile,ACCOUNT
"I want to check your refund policy, what can I do, please?",REFUNDS
"I got an error message when I tried to pay, but I was charged anyway, can I report it?",PAYMENT
can you provide information about my invoices?,INVOICES
"the concert was postponed, what can i do to get a reimbursement?",REFUNDS
I want to request information about receiving the newsletter,NEWSLETTER
"I'm happy with the service, help me file a comment",FEEDBACK
"I need an account, how do I open one?",ACCOUNT
"my account was hacked, can u recover it?",ACCOUNT
could I request a refund?,REFUNDS
where do I view my invoices?,INVOICES
"I want to check your money back policy, can you help me?",REFUNDS
"you're not hepling, could you contact a fucking human?",CONTACT
where do I remove my account?,ACCOUNT
"I don't understand you, talk to a human",CONTACT
"I changed my mind, what can I do to close my online account?",ACCOUNT
"i need an online account , what do i have to do to create one?",ACCOUNT
ask an agent if i can check their reimbursement policy,REFUNDS
I wanna download a bill,INVOICES
"I don't have a shipping address, how do I set one up?",SHIPPING
I need a user account and I want to open one,ACCOUNT
"youre not helping, what should i do to talk to a human?",CONTACT
"I can't understand you, help me contact a human agent",CONTACT
how can I file a complaint?,FEEDBACK
"can u give me information about the delivery period for my tickets, please?",DELIVERY
an error message pops when i try to pay with card,PAYMENT
"I've got no profile, how do I create one?",ACCOUNT
"I want to use my other profile , what can I do to switch them?",ACCOUNT
"ive got no user account, what can i do to create one?",ACCOUNT
"please, could you ask an agent for information about the fucking status of my reimbursement?",REFUNDS
"please, could you ask an agent to give me information about the delivery period?",DELIVERY
"I got an error when I attempted to pay, but I was charged anyway, what do I have to do to notify it?",PAYMENT
tell me how to obtain some bills,INVOICES
"my fucking profile was hacked, what should i do to get it back?",ACCOUNT
"my account was hacked, help me recover it",ACCOUNT
"I'd like to make a comment, what can I do?",FEEDBACK
can I register two zccounts with a single email address?,ACCOUNT
i changed my mind and i wanna delete my user account,ACCOUNT
ask an agent if there is a newsletter I can subscribe to,NEWSLETTER
ask an agent to find information about there refund policy,REFUNDS
"I want to file a review, what can I do?",FEEDBACK
"I purchased a product, what do I have to do to modify my purchase?",ORDER
"i dont have a user account, help me create one",ACCOUNT
tell me if my reimbursement has been processed,REFUNDS
help me make changes to my profile,ACCOUNT
tell me what the mail address of the Customer Support is,CONTACT
"youre not helping, what should i do to speak with a human agent?",CONTACT
how to check my delivery,ORDER
"I haven't got an account, how can I create one?",ACCOUNT
"im discontent with the service, help me lodge a consumer complaint",FEEDBACK
help me retrieve my account password,ACCOUNT
where to see an invoice,INVOICES
"I'm happy with the service, how can I file a review?",FEEDBACK
can you show me the number of Customer Service?,CONTACT
"please, ask an agent what the fucking phone number to contact client service is",CONTACT
"I have a problem when trying to pay with card, help me inform of it",PAYMENT
"I want to register, what should I do?",ACCOUNT
"I want to change my purtchase, tell me how I can do it",ORDER
can I check the options for delivery?,DELIVERY
"I don't want my account, what do I have to do to remove it?",ACCOUNT
"I want information, whatdo I have to do to speak with Customer Support?",CONTACT
"the show was cancelled, help me obtain a reimbursement",REFUNDS
"I need an account, what do I have to do to open one?",ACCOUNT
"the show was cancelled, obtain a refund",REFUNDS
"I got an error when I tried to make a payment, but my card was charged anyway and I want to report it",PAYMENT
how can I change the information on my profile?,ACCOUNT
can u give me information about the mail address of the Customer Service?,CONTACT
"the event was postponed, can I request a reimbursement?",REFUNDS
"I lost my invoice, how can I check it?",INVOICES
"the event was cancelled, can I get a refund?",REFUNDS
"I want information, how do I send an email to Client Service?",CONTACT
"I want to submnit a comment, what should I do?",FEEDBACK
"i want information, how can i contact customer support?",CONTACT
"I want to close my online account, where can I do it?",ACCOUNT
"I want to get some invoices, can you tell me how I can do it?",INVOICES
"I want to know the status of my refund, what do I have to do to track it?",REFUNDS
ask an agent if i can inform of issues making a payment,PAYMENT
how to register,ACCOUNT
"I lost my account apssword, retrieve it",ACCOUNT
i want to check the options for ticket delivery,DELIVERY
"could you tell me if I could create more than one user account with a single email, please?",ACCOUNT
I need help downloading an bill,INVOICES
how do i file a complaint?,FEEDBACK
can u find information about thr email to contact Customer Support?,CONTACT
"can you ask an agent how to report issues paying, please?",PAYMENT
"I got an error message when I tried to make a payment, but I was charged anyway and I want to inform of it",PAYMENT
"I can't find my bill , what can I do to check it?",INVOICES
"I would like to track my shipment, could you tell me how to do it?",ORDER
"youre not helping, help me contact a human",CONTACT
"i have an issue when trying to pau with card, how can i notify it?",PAYMENT
"ym profile's been hacked, reocver it",ACCOUNT
how do I check the cancellation fees?,CANCELLATION_FEE
"I have a problem paying for my online order, what should I do?",PAYMENT
"I'm discontent with the service, what can I do to lodge a complaint?",FEEDBACK
I want to ask for information about downloading a bill,INVOICES
"i wanna modify my fucking purchase, can you tell me how to do it?",ORDER
"I want to get a refund, what do I have to do?",REFUNDS
"I can't understand you, what shoupd I do to speak with a human agent?",CONTACT
"I have no user account, could you create one, please?",ACCOUNT
"I want an reimbursement, what should I do to get one?",REFUNDS
"please, could you ask an agent how I could see my fucking bill?",INVOICES
"I need a reund, obtain one",REFUNDS
k get an error when i try to make a payment,PAYMENT
can you ask an agent where I could see their fucking reimbursement policy?,REFUNDS
"I have no account, what can I do to open one?",ACCOUNT
"I need information, how do I speak with Customer Service?",CONTACT
I found a problem while creating a profile,ACCOUNT
"I get an error when I try to pay for my online order, can you help me?",PAYMENT
"I want information, can I speak with Customer Service?",CONTACT
"I have an issue paying with card, how can I report ot?",PAYMENT
"I'm not happy with the service, how do I submit a consumer complaint?",FEEDBACK
ask an agent if i can report issues paying,PAYMENT
"I have a question, how can I send an emaul to Customer Service?",CONTACT
can I register several user accounts with the same email address?,ACCOUNT
where can I open a user account?,ACCOUNT
can u ask an agent how to solve an issue with my payment?,PAYMENT
i need help obtaining a refund,REFUNDS
"I want toi make a consumer complaint, can you help me?",FEEDBACK
"I need information, can you contact Client Service?",CONTACT
help me change to another online account,ACCOUNT
ask an agent where i can leave an opinion for a service,FEEDBACK
can I delete my user account?,ACCOUNT
I want to know if I can create several profiles with the same email,ACCOUNT
can i register two user accounts with a single email?,ACCOUNT
"i have an issue when trying to make a payment with card, what should i do to inform of it ?",PAYMENT
where do I track my refund?,REFUNDS
"i want a user account, help me open one",ACCOUNT
show me the cancellation penalties,CANCELLATION_FEE
"the show was cancelled, how can I obtain an refund?",REFUNDS
"the fucking game was postponed, what should i do to obtain a refund?",REFUNDS
I have a question and I want to speak with Customer Service,CONTACT
"I ordered an item, i need help changing my purchase",ORDER
"can u ask an agent where i can notify an issue paying, please?",PAYMENT
"i havent got an online account, what can i do to open one?",ACCOUNT
can you tell me what the email to contact Client Service is?,CONTACT
"I can't find my bills , I need help viewing them",INVOICES
"i dont want my profile, can u cancel it?",ACCOUNT
where can I check the options for delivery?,DELIVERY
"I want to track my purchase, what should I do?",ORDER
"i want to check the status of my refund, can u help me?",REFUNDS
"I have an issue when trying to pay for my order, help me inform of it",PAYMENT
i wanna know how to check my shipment,ORDER
"the game was cancelled, what should I do to request a reimbursement?",REFUNDS
can I see the status of my order?,ORDER
"the concert was cancelled, obtain a reimbursement",REFUNDS
what information do you have about requesting some bills?,INVOICES
I want to write a comment for a service,FEEDBACK
"the game was cancelled, what do I have to do to request a refund?",REFUNDS
tell me if their is someone available,CONTACT
ask an agent where i can receive a reimbursement,REFUNDS
"I want a user account, can I create one ?",ACCOUNT
"i have no fucking user account, what should i do to create one ?",ACCOUNT
ask an agent what the fucking email address of client setvice is,CONTACT
"I want to use my other user account, I need help switching them",ACCOUNT
where to download an invoice,INVOICES
"I bought something, can I change my order?",ORDER
"an error pops when I try to make a payment, what should I do?",PAYMENT
can you tell me how to check my orders?,ORDER
I want to change the information on my profile,ACCOUNT
"I have no shipping address, whjat do I haave to do to set it up?",SHIPPING
"the payment didnt go through, can u help me?",PAYMENT
I want to track my shipments,ORDER
"please, could u ask an agent where to notify a fucking issue with my payment?",PAYMENT
I want to see the free phone number of Customer Service,CONTACT
"the concert was postponed, how can I get a reimbursement?",REFUNDS
"i want information, i need help sending an email to customer support",CONTACT
can u ask an agent how to inform of an issue with my payment?,PAYMENT
"I lost my pasword, can you recover it?",ACCOUNT
"I need an online account, what can I do to create one?",ACCOUNT
how to notify issues with my payment,PAYMENT
ask an agent how to track myorder,ORDER
"i wanna know the status of my refund, can u help me?",REFUNDS
"I got an error message when I tried to pay, but my card was charged anyway, what do I have to do to report it?",PAYMENT
help me inform of issues with my payment,PAYMENT
"i dont have a user account and i want to open one, please",ACCOUNT
"you're not helping, what do I have to do to contact a human agent?",CONTACT
send an email to Client Service,CONTACT
how can I cancel my account?,ACCOUNT
i wanna make changes to the information on my profile,ACCOUNT
"the game was postponed, help me request a reimbursement",REFUNDS
"I have a problem making a payment with card, what can I do to notify it?",PAYMENT
"please, can you ask an agent to check the cancellation penalty?",CANCELLATION_FEE
"please, ask an agent how i can report issues with my payment",PAYMENT
"I didn't receive my bills, can you check them?",INVOICES
"my online account's been hacked, can you get it back?",ACCOUNT
"i want to check my delivery, can you tell me how I can do it?",ORDER
"you're not helping, what should I do to speak with someone?",CONTACT
where can i obtain a refund?,REFUNDS
can you show me the mail address of the Customer Service?,CONTACT
I'm happy with the service and I want to make an opinion,FEEDBACK
"I have a problem when trying to pay, help me report it",PAYMENT
can u ask an agent where to request an invoice?,INVOICES
can you tell me how long the delivery takes?,DELIVERY
the show was cancelled and I want to get a refund,REFUNDS
"i have a problem paying with card, inform of it",PAYMENT
ive got no online account and id like to register,ACCOUNT
"please, ask an agent where I can see my bill",INVOICES
"I want an account, can you create one ?",ACCOUNT
I want to report issues making a payment,PAYMENT
"I bought something, could i modify my fucking purchase, please?",ORDER
i want to know if i can create two online accounts with the same email address,ACCOUNT
"I want tp make a purchase, can you help me?",ORDER
"you arent helping, what do i have to do to talk to someone?",CONTACT
ask an agent if i can track my package,ORDER
"I want to view my bills, can you help me?",INVOICES
how can I see the cancellation penalties?,CANCELLATION_FEE
ask an agent if i can check my delivery,ORDER
ask an agent if i can obtain some invoices,INVOICES
"I bought something, I need help modifying my purchase",ORDER
"I didn't receive my bill, I need help checking it",INVOICES
can I create several user accounts with the same email?,ACCOUNT
I want to know if I can register more than one online account with a single email address,ACCOUNT
"can u ask an agent how i could notify a payment problem, please?",PAYMENT
can u ask an agent where i can delete my profile?,ACCOUNT
"I lost my password, what should I do to retrieve it?",ACCOUNT
"I would like information, could I send an email to fucking Customer Support?",CONTACT
can you tell me if I can create several online accounts with the same email?,ACCOUNT
can I register several profiles with the same email address?,ACCOUNT
how can I lodge a complaint?,FEEDBACK
can I get the trackig no for my delivery?,ORDER
"you aren't helping , how can I talk to a human agent?",CONTACT
how can I solve as problem paying?,PAYMENT
tell me how I can request some bills,INVOICES
"I got an error message when I attempted to make a payment, but my card was charged anyway, how can I inform of it?",PAYMENT
"someone stole my password, I need help resetting it",ACCOUNT
"I don't want my online account, what should I do to cancel it?",ACCOUNT
where can I delete my profile?,ACCOUNT
"I want a refund, get one",REFUNDS
"im discontent with the service, i need help submitting a consumer complaint",FEEDBACK
can you tell me if i can register more than one profile with a single email?,ACCOUNT
tell me where to check my deliveries,ORDER
what can I obtain a reimbursement for?,REFUNDS
"the game was postponed, how do I get a refund?",REFUNDS
"could u ask an agent if i could cancel my online account, pleasd?",ACCOUNT
"I haven't got a user account, what cqn I do?",ACCOUNT
the show was cancelled and I want to obtain a refund,REFUNDS
"I'm not happy with the service, how do I file a consumer complaint?",FEEDBACK
I made a mistake and I wanna change my purchase,ORDER
"I got an error message when I tried to make a payment, but I was charged anyway, what should I do to inform of it?",PAYMENT
I want information about your money back policy,REFUNDS
tell me how to modify my purchase,ORDER
"I got an error message when I attempted to make a payment, but I was charged anyway, how can I inform of it?",PAYMENT
ask an agent to check the options for ticket delivery,DELIVERY
I want to know if there is any person available,CONTACT
i am happy with the service and i wanna submit a review,FEEDBACK
"i need help solving issues making a payment, please",PAYMENT
"I have an issue making a payment, what do I have to do to notify it?",PAYMENT
"i get an error message when i try to make a payment for my order, what can i do?",PAYMENT
"could you check your money back policy, please?",REFUNDS
i want to knolw if i can change my order,ORDER
how to check the cancellation penalty,CANCELLATION_FEE
"i ordered something, i need help modifying my order",ORDER
how do i see the ticket delivery options ?,DELIVERY
"im discontent with the service, what should i do to make a complaint?",FEEDBACK
"please, i want to know how to know where my fucking packages are",ORDER
"I can't understand you, can you contact a human?",CONTACT
i want to know if i can create two online accounts with the same email,ACCOUNT
"i want to check my invoices, what do i have to do?",INVOICES
"I got an error message when I tried to make a payment, but my card was charged anyway, how do I report it?",PAYMENT
"I want to use my other fucking account, could you change them?",ACCOUNT
I want o open an online account,ACCOUNT
"I can't remember my password, what do I have to do to reset it?",ACCOUNT
"someone stole my account password, help me retrieve it",ACCOUNT
i wanna ask for information about downloading some invoices,INVOICES
"I'm hqppy with the service, what should I do to make an opinion?",FEEDBACK
"please , ask an agent if i could notify an issue making a payment",PAYMENT
where to view the cancellation penalties,CANCELLATION_FEE
"I ordered something, what do I have to do to modify my purchase?",ORDER
"I have an issue when trying to pay for my online order, what should I do?",PAYMENT
"could you ask an agentif I can create a user account, please?",ACCOUNT
what can you tell me aboutt changing my purchase?,ORDER
"I want to view the status of my reimbursement, what can I do?",REFUNDS
"someone stole my password, what do I have to do to retrieve it?",ACCOUNT
"I bought something, what can i do to modify my order?",ORDER
"I have no fucking account, how do I create one?",ACCOUNT
"I want to ssee your money back policy, what should I do?",REFUNDS
"my account's been hacked, what can I do to recover it?",ACCOUNT
how to send an email to customer service,CONTACT
"I have a problem when trying to pay and I would like to report it, please",PAYMENT
how can I retrieve my account password?,ACCOUNT
could you ask an agent if I could close my account?,ACCOUNT
"i got an reror mesage when i attempted to pay, but i was charged anyway and i want to notify it",PAYMENT
"I lost my password, can you help me?",ACCOUNT
"can you tell me the mail to contact Client Service, please?",CONTACT
"I want to change my purchase , tell me how to do it",ORDER
could u ask an agent how to delete my profile?,ACCOUNT
"I got an error message when I attempted to pay, but I was charged anyway, can you notify it?",PAYMENT
I forgot my account password and I want to recover it,ACCOUNT
"I have a problem when trying to make a payment with card, can I inform of it?",PAYMENT
"I have an issue paying for my online order, how can I inform of it?",PAYMENT
"I lost my bill , can I see it?",INVOICES
"I have a problem paying for my online order, report it",PAYMENT
"I want to use my other user account, how can I change them?",ACCOUNT
i bought something and I wanna change my order,ORDER
information about getting some bils,INVOICES
can you tell me if I can create two user accounts with the same email?,ACCOUNT
where do i see your payment options?,PAYMENT
can I report payment problems ?,PAYMENT
"I need information, can I talk to Customer Support?",CONTACT
how can i solve issues making a payment?,PAYMENT
can you tell me if I can register more than one user account with the same email address?,ACCOUNT
"could you tell me if I could create two fucking accounts with the same email, please?",ACCOUNT
u are not helping and i want to talk to a person,CONTACT
"my profile was hacked, what should I do to get it back?",ACCOUNT
"I need information, how can I call Client Service?",CONTACT
"I want to track my reimbursemennt, what can I do, please?",REFUNDS
"I want information, speak with Client Service",CONTACT
"I didn't receive my bill, can I view it?",INVOICES
"I'd like to get an invoice, can you give me some information?",INVOICES
help me view the cancellation penalty,CANCELLATION_FEE
"i ordered a product, can I change my order?",ORDER
"i got an error when i tried to pay, but i was charged anyway, can i report it?",PAYMENT
"I changed my mind, how do I delete my account?",ACCOUNT
"i got an error when i tried to make a payment, but my card was charged anyway and id like to inform of it, please",PAYMENT
how do I delete my online account?,ACCOUNT
"please, tell me if I can register more than one user account with an single emai",ACCOUNT
can I create several profiles with the same email address?,ACCOUNT
how can I check the options for delivery?,DELIVERY
i need help leaving an opinion,FEEDBACK
"please, could you tell me if I could create more than one fucking account with the same email address?",ACCOUNT
can u ask an agent about my invoice?,INVOICES
"i need an account, how can i create one?",ACCOUNT
"u are not helping, what can i do to speak with someone?",CONTACT
is it possible to get some invoices?,INVOICES
"the show was postponed, how do I request a refund?",REFUNDS
can I create more than one online account with a single email address?,ACCOUNT
"I forgot my account password, how do I recover it?",ACCOUNT
"I'm happy with the service, can I lodge a comment?",FEEDBACK
where do i notify a fucking problem with my payment?,PAYMENT
"I got an error message when I attempted to pay, but I was charged anyway, what can I do to report it?",PAYMENT
ask an agent how i can file a complaint,FEEDBACK
"I want to request a reimbursement, can you help me?",REFUNDS
"I didn't receive my invooce, what should I do to view it ?",INVOICES
"I've got no account , can I register?",ACCOUNT
i want to see the mail to contact client service,CONTACT
I need help trackign y orders,ORDER
"i dont understand you, what do i have to do to speak withsomeone?",CONTACT
"the game was postponed, what can I do to obtain a reimbursement?",REFUNDS
can you show me the status of my refund?,REFUNDS
"I want to modify myorder , tell me where to do it",ORDER
I am happy with the service and I would like to make an opinion,FEEDBACK
can you tell me if my shipment is out for delivery?,ORDER
"i am happy with the service, i need help filing a comment",FEEDBACK
can you tell me where to download an invoice?,INVOICES
"I get an error when I attempt to make a payment for my order, what do I have to do?",PAYMENT
"please, ask an agent to show me information about my invoice",INVOICES
"I'm discontent with the service, what should I do to make an consumer complaint?",FEEDBACK
"I need a usre account, what do I have to do to create one ?",ACCOUNT
i wanna know how I can check my package,ORDER
"I got an error message when I attempted to pay, but my card was charged anyway, help me notify it",PAYMENT
how do I report a problem paying?,PAYMENT
"I lost my password, what can I do to retrieve it?",ACCOUNT
"please, ask an agent where to file a fucking consumer complaint",FEEDBACK
ask an agent for information about their payment options,PAYMENT
"the fucking event was postponed and id like to obtain a refund, please",REFUNDS
tell me if I can create several online accounts with a single email,ACCOUNT
I want to know where to request an invoice,INVOICES
"I need an online account, I need help opening one",ACCOUNT
I forgot my password and I want to reset it,ACCOUNT
"I want to see the status of my refund, what should I do?",REFUNDS
"I changed my mind, help me remove my online account",ACCOUNT
"i havent got a profile, what should i do to create one?",ACCOUNT
I don't like the service and I want to file a consumer complaint,FEEDBACK
"I don't have an online account, open one",ACCOUNT
"please, ask an agent if there is a newsletter i could subscribe to",NEWSLETTER
what are your fucking payment options?,PAYMENT
"I can't understand you, what do I have to do to contact a person?",CONTACT
"i got an error message when i tried to pay, but i was charged anyway, what can i do to inform of it?",PAYMENT
send me some bills,INVOICES
where do I close my online account ?,ACCOUNT
I want to lodge a complaint,FEEDBACK
"please, can u ask an agent where to view the status of my eefund?",REFUNDS
I need information about your payment option,PAYMENT
can u ask an agent how to set up my shiping address?,SHIPPING
can you ask an agent how I can get a ibll?,INVOICES
can you tell me where I cantrack my package?,ORDER
where do I inform of a problem with my payment?,PAYMENT
can you tell me how I can download a bill?,INVOICES
"i want a refund, help me egt one",REFUNDS
"I have a problem when trying to make a payment with card, how can I report it?",PAYMENT
I have an issue paying for my order and I want to notify it,PAYMENT
"I want to submit an opinion for a service, what do I have to do?",FEEDBACK
"i have an issue paying for my order, what do i have to do to notify it?",PAYMENT
"I'm happy with the service, what do I have to do to submit an opinion?",FEEDBACK
"I've got no online account, what can I do?",ACCOUNT
"I don't want my fucking account, can you cancel it, please?",ACCOUNT
"i dont understand you, how can i speak with a person ?",CONTACT
"I'm interested in your money back guarantee, tell me about it, please",REFUNDS
ask an agent where to see the options for ticket delivery,DELIVERY
I want information about the email of the Customer Service,CONTACT
I have registration problems,ACCOUNT
"my account was hacked, can you help me?",ACCOUNT
"I need information, what do I have to do to talk to Client Service?",CONTACT
"I'm not happy with the service, I need help submitting a complaint",FEEDBACK
"i wanna submit an opinion, can uu help me?",FEEDBACK
can I report an issue making a payment?,PAYMENT
"the game was cancelled, how can I obtain a reimbursement?",REFUNDS
"I want to know how to get some fucking bills, please",INVOICES
"my user account's been hacked, how can I recover it?",ACCOUNT
"can you ask an agent where I can check the status of my fucking order, please?",ORDER
"I wanna know how I can obtain a fucking invoice, please",INVOICES
"an error message pops when i attempt to pay for my online order, what do i have to do?",PAYMENT
"I ca't remember my password, can I retrieveit?",ACCOUNT
"I ordered a product, I need help changing my order",ORDER
I want to know if I can request some bills,INVOICES
"I want to subscribe to the newsletter, can you give me some information?",NEWSLETTER
I want to know about modifying my purchase,ORDER
"I would like a refund, can I obtain one?",REFUNDS
"i get an error message when i attempt to pay for my online order, can u help me?",PAYMENT
"i cant understand you, speak with a human agent",CONTACT
whats the free phone number to contact client service?,CONTACT
can I register several fucking user accounts with the same email?,ACCOUNT
can u ask an agent how i can obtain a refund?,REFUNDS
"I have an issue making a payment, report it",PAYMENT
"please, can you ask an agent where I can modify my shipping address?",SHIPPING
tell me how to know where my orders are,ORDER
"the concert was postponed, what can I do to get a refund?",REFUNDS
I forgot my account password,ACCOUNT
"the concert was postponed, how can I get a refund?",REFUNDS
I have problems registering,ACCOUNT
can I create several accounts with a single email?,ACCOUNT
"i wanna submit a consumer complaint, what should i do?",FEEDBACK
"you aren't helping, speak with a person",CONTACT
"i have no user account, how can i open one?",ACCOUNT
how can I speak with a human agent?,CONTACT
"the show was cancelled, can you help me?",REFUNDS
i want to know where to download a bill,INVOICES
tell me were to track my deliveries,ORDER
"I want to inform of a problem with my payment, what do I havr to do?",PAYMENT
"I don't like the service, what do I have to do to lodge a consumer complaint?",FEEDBACK
"I got an error wnen I tried to pay, but I was charged amyway",PAYMENT
"I'm discontent with the service, I need help lodging a consumer complaint",FEEDBACK
can you tell me where I can check my orders?,ORDER
"you aren't helping, talk to a person",CONTACT
"I don't understand you, can I contact a human agent?",CONTACT
I don't like the service and I want to submit a consumer complaint,FEEDBACK
"I want to see some invoices, can you tell me how to do it?",INVOICES
where to change to another profile,ACCOUNT
I want to know where to track my shipments,ORDER
I want to track my delivery,ORDER
"I have a problem when trying to pay with card, can I notify it?",PAYMENT
i wanna create an account,ACCOUNT
"could you ask an agent if I could solve a fucking problrm paying, please?",PAYMENT
can u show me the mail to contact customer service?,CONTACT
can u ask an agent where to lodge a consumer complaint for a service?,FEEDBACK
how canI solve a payment issue ?,PAYMENT
how do I check the status of my order?,ORDER
"I lost my invoices, how do I check them?",INVOICES
"I have a problem paying for my online order, how can I inform of it?",PAYMENT
"please, ask an agent how i could inform of an fucking problem paying",PAYMENT
"I'm happy with the service, what can I do to file an opinion?",FEEDBACK
I lost my bills and I want to see them,INVOICES
where to see my bgill,INVOICES
help me check the cancellation fee,CANCELLATION_FEE
"I get an error message when I try to pay, what should I do?",PAYMENT
"I want to obtain some invoices, can you tell me how to do it?",INVOICES
"I haven't got an account, what can I do?",ACCOUNT
can you ask an agent if I can obtain some invoices?,INVOICES
"i cant understand you and i wanna speak with a fucking human agent, please",CONTACT
i wanna know if i can register two profiles with the same email,ACCOUNT
"I want to retrieve my account password, what can I do?",ACCOUNT
"I don't want my user account, can you cancel it?",ACCOUNT
I don't know anything about your reimbursement policy and I want to know about it,REFUNDS
I lost my account password and I want to reset it,ACCOUNT
can I make changes to the information on my profile?,ACCOUNT
could u ask an agent if i can solve problems paying?,PAYMENT
help me open an online account,ACCOUNT
"I have a problem when trying to pay for my online order, what should I do?",PAYMENT
can i check the cancellation fees ?,CANCELLATION_FEE
"I want information, what should I do to talk to Customer Service?",CONTACT
can I speak with a human agent?,CONTACT
"an error pops when I attempt to make a payment with card, what do I have to do?",PAYMENT
"the show was postponed, request a refund",REFUNDS
"I ordered a product, what do I have to do to modify my order?",ORDER
"i want information, how could i call client service?",CONTACT
"I want to make a consumer complaint, what do I have to do?",FEEDBACK
can you show me information about the email of the Customer Service?,CONTACT
tell me if I cann register two profiles with a single email address,ACCOUNT
"i'd like to see a bill, can you tell me where to do it, please?",INVOICES
"I have no online account, can I create one?",ACCOUNT
"i discontent with the serviice, what do i have to do to lodge a complaint?",FEEDBACK
"the concert was cancelled, can I request an refund?",REFUNDS
"please, I want to know how to obtain some invoices",INVOICES
"I don't want my user account, how can I delete it?",ACCOUNT
"the show was postponed, help me request a reimbursement",REFUNDS
"I don't like the service, I need help submitting a consumer complaint",FEEDBACK
I wanty to kknow how I can check my order,ORDER
"i got an error when i attempted to make a payment, but my card was charged anyway, i need help notifying it, please",PAYMENT
where to check my delivery,ORDER
"i didn't receive my invoices, can u check them?",INVOICES
where do I check mydelivery?,ORDER
"I got an error when I attempted to make a payment, but my card was charged anyway, how can I notify it?",PAYMENT
"ive got no user account, how can i create one ?",ACCOUNT
I want to know how to track my orders,ORDER
"I can't remember my password, what should I do to reset it?",ACCOUNT
"i changed my mind, can i close my profile?",ACCOUNT
"I lost my password, can you reset it?",ACCOUNT
"my account was hacked, what can I do to recover it?",ACCOUNT
"I have a problem when trying to pay, I need help notifying it",PAYMENT
"I purchased something, I need help changing my order",ORDER
I didn't receive my invoice and I want to check it,INVOICES
I need help seeing my bills,INVOICES
"I bought a product, what do I have to do to change my order?",ORDER
how can I open an online account?,ACCOUNT
I don't understand you and I want to speak with someone,CONTACT
"I want to know the status of my reimbursement, what do I have to do?",REFUNDS
"I would like a fucking profile, what should I do?",ACCOUNT
I want to know how I can change my order,ORDER
how do I track my purchase?,ORDER
where can I switch to another online account?,ACCOUNT
where to check the cancellation penalty,CANCELLATION_FEE
ask an agent what the email address to contacxt customer support is,CONTACT
"please, ask an agent where i can notify an issue with my payment",PAYMENT
"I haven't got an account, could you create one?",ACCOUNT
I want to download some bills,INVOICES
can u ask an agent how to track my refund?,REFUNDS
can u ask an agent how i can report an isue making a payment?,PAYMENT
can u ask an agent if i can solve an issue with my payment?,PAYMENT
how to obtain an invoice,INVOICES
can you tell me if I get a full refund in case I cancel my tickets?,REFUNDS
tell me if i can change my purchase,ORDER
what's the email address of Client Service?,CONTACT
"I don't have a user account, what can I do to create one?",ACCOUNT
"I got an error when I tried to pay, but my card was charged anywaay, what can I do to report it?",PAYMENT
can u ask an agent how to create a profile?,ACCOUNT
can i report a payment issue?,PAYMENT
"I wanna see a bill, can you give me some information?",INVOICES
"I don't want my user account, can I close it?",ACCOUNT
"I'm happy with the service, lodge a comment",FEEDBACK
"i wanna open a user account, what do i have to do?",ACCOUNT
"I want to see an invoice, can you show me some information?",INVOICES
where can I check my orders?,ORDER
"I want to use my other user account, can you switch them?",ACCOUNT
can you give me information about the mail of the Client Service?,CONTACT
how to switch to anoher online account,ACCOUNT
"the event was postponed, what can I do to obtain a reimbursement?",REFUNDS
can I have more than one user account?,ACCOUNT
I want to know how long the delivery takes,DELIVERY
"please, can you ask an agent how I can check my bill?",INVOICES
could u ask an agent if i can check their payment methods?,PAYMENT
I need help filing a consumer complaint,FEEDBACK
tell me what the free number to contact Customer Service is,CONTACT
where to leave an opinion,FEEDBACK
"i want an account, can u create one?",ACCOUNT
can you tell me if I can create more than one user account with the same email?,ACCOUNT
"I got an error message when I attempted to make a payment, but I was charged anyway, can you inform of it, please?",PAYMENT
"I don't like the service, what do I have to do to submit a consumer complaint?",FEEDBACK
show me the number of customer support,CONTACT
"I want to file a consumer complaint, what do I have to do?",FEEDBACK
ask an agent for information about downloading some bills,INVOICES
"I'm happy with the sevice, can I lodge a review?",FEEDBACK
I want to request a bill,INVOICES
how do I inform of an issue making a payment?,PAYMENT
can you show me the fucking free phone number of Customer Support?,CONTACT
"I have a problem paying for my order, what should I do to notify it?",PAYMENT
"I want information, what can I do to speak with Customer Service?",CONTACT
"I have a problem making a payment , how can I report it?",PAYMENT
"i need help removing my fucking user account, please",ACCOUNT
i want information about the delivery period for my ticket,DELIVERY
"I want to register, can you help me?",ACCOUNT
"the concert was cancelled, obtain a refund",REFUNDS
where can I change my purchase?,ORDER
i have a problem paying for my order and i want to inform of it,PAYMENT
tell me what the mail to contact Customer Service is,CONTACT
ask an agent where i can check my invoice,INVOICES
check my packages,ORDER
where do i report an issue making a payment?,PAYMENT
"I have a problem when trying to pay for my online order, what do I have to do to inform of it?",PAYMENT
"I'm happy with the service, help me submit a comment",FEEDBACK
"I lost my bill, ohw do I check it?",INVOICES
help me leave an opinion for a service,FEEDBACK
ask an agent how i could solve payment problems,PAYMENT
can u give me information about the mail address to contact Customer Service?,CONTACT
"I forgot my password, what do I have to do to recover it?",ACCOUNT
"I got an error message when I tried to pay, but I was charged anyway, help me notify it",PAYMENT
I need a user account and I want to create one,ACCOUNT
where can I lodge a complaint?,FEEDBACK
"I have no user account, what should I do?",ACCOUNT
I want to know how to obtain some bills,INVOICES
"I have an issue paying for my order, I need help notifying it",PAYMENT
i need help registering,ACCOUNT
"i want information, can u call fucking customer support?",CONTACT
"I lost my bills, what should I do to view them?",INVOICES
I want a user account and I want to open one,ACCOUNT
i want toknow if i can request some invoices,INVOICES
ask an gaent how i can report a problem with my payment,PAYMENT
"I get an error when I try to pay for my order, what can I do?",PAYMENT
id like to solve issues making a payment,PAYMENT
"I have an issue when trying to pay with card, can I report it?",PAYMENT
I had a problem while creating an account,ACCOUNT
"I want to use my other user account, help me switch them",ACCOUNT
can you tell me if I can create several profiles with the same email?,ACCOUNT
can you tell me the number of Client Service?,CONTACT
"my user account's been hacked, what should I do?",ACCOUNT
"you're not helping, I need help speaking with someone",CONTACT
"i can't find my invoice, what should i do to view it?",INVOICES
tell me how to request a bill,INVOICES
"I want a user account, what should I do to open one?",ACCOUNT
where do I see the caqncellation fees?,CANCELLATION_FEE
where can I remove my account?,ACCOUNT
tell me if I can have several profiles,ACCOUNT
"I want to track my delivery, can you tell me where to do it?",ORDER
I want to ask for information about getting some bills,INVOICES
where to change to another user account,ACCOUNT
"i want to solve an payment issue, whazt can i do?",PAYMENT
"I want to check my shipment, can you tell me where I can do it?",ORDER
"I have an isue paying with card, how do I notify it?",PAYMENT
"I bought something, what should I do to modify my purchase?",ORDER
"I do not have a fucking shipping address, how could I set it up?",SHIPPING
"I got an error message when I attempted to pay, but I was charged anyway, I need help notifying it",PAYMENT
i have a problem making a payment and i want to notify it,PAYMENT
can I own several accounts?,ACCOUNT
can you tell me the email of Customer Service?,CONTACT
"the game was postponed, how can I get a refund?",REFUNDS
tell me what the email address of Customer Service is,CONTACT
"i dont want my profole, cancel it",ACCOUNT
how to check my orders,ORDER
ask an agent where to file aconsumer complaint for a service,FEEDBACK
"please, could u ask an agent how to ese the fucking status of my refund?",REFUNDS
I want to know what the free no to contact Customer Service is,CONTACT
can I register two online accounts with a single email address?,ACCOUNT
I purchased an item and I want to modify my order,ORDER
send me a bill,INVOICES
how to viwe your refund policy,REFUNDS
you aren't helping and I want to speak with a fucking human agent,CONTACT
"I changed ym mind, can you cancel my account?",ACCOUNT
how do I check the cancellation penalties?,CANCELLATION_FEE
"I want to check the status of my refund, can you help me ?",REFUNDS
"can u ask an agent how i could view their payment methods, please?",PAYMENT
"an error pops when i attempt to make a payment for my online order, what do i have to do?",PAYMENT
cam u ask an agent if i can see their money back guarantee?,REFUNDS
where do I view the cancellation penalty?,CANCELLATION_FEE
"I don't like the service, I need help filing a consumer complaint",FEEDBACK
i wanna kow where I can check my delivery,ORDER
ask an agent what the mail to contact customer service is,CONTACT
I want to view the status of my purchase,ORDER
"i want to use my other user account, what should i do to change them?",ACCOUNT
"i lost my invoices, can u show them, please?",INVOICES
I need an account and I want to open one,ACCOUNT
"I've got no online account, what should I do to register?",ACCOUNT
"the concert was postponed, what should I do to obtain a refund?",REFUNDS
"I have no user account, I need help registering",ACCOUNT
"I want to view the status of my purchase, what should I do?",ORDER
"the show was postponed, howcan I obtain a reimbursement?",REFUNDS
I need help solving an issue making a payment,PAYMENT
how can I make a consumer complaint for a service?,FEEDBACK
"I bought a product, I need help changing my order",ORDER
I want to ask for infofmation about getting an invoice,INVOICES
I have no online account and I want to register,ACCOUNT
"I hjave no online account, what should I do to create one?",ACCOUNT
"an error pops when I try to make a payment for my order, can you help me?",PAYMENT
"I have a problem making a payment with card, can I notify it?",PAYMENT
can you download an invoice?,INVOICES
"i have a problem making a payment with card, report it",PAYMENT
"you aren't helping, how can I contact a human agent?",CONTACT
"someone stole my account password, what can I do to retrieve it?",ACCOUNT
can you show me the free phone number to contact Customer Service?,CONTACT
"I need information, what do I have to do to speak with Customer Service?",CONTACT
tell meif I can modify my purchase,ORDER
how to notify payment problems,PAYMENT
ask an agent if I could recover my account password,ACCOUNT
"I hyave no user account, can you craete one?",ACCOUNT
"I want information, what can I do to talk to Customer Support?",CONTACT
"I want to use my other user account, how do I switch them?",ACCOUNT
"I have an issue making a payment with card, can you inform of it?",PAYMENT
"can u ask an agent how to send an email to customer service, please?",CONTACT
i want to know if i could register several accounts with a single email address,ACCOUNT
"I want to view the status of my reimbursement, what should I do?",REFUNDS
"my account's been hacked, what do i have to do to get it back?",ACCOUNT
"I have a question, how do I contact Customer Service?",CONTACT
I want to see the status of my order,ORDER
ask an agent if there is a free phone number to contact client service,CONTACT
"i want to inform of a problem making a payment, what do i have to do?",PAYMENT
can you tell me if I can make a payment with Amex?,PAYMENT
could i register several profiles with a single email address?,ACCOUNT
how can I write a comment?,FEEDBACK
help me contact a human agent,CONTACT
i need help informing of an issue making a payment,PAYMENT
"please, could you tell me if theres a newsletter I can subscribe to?",NEWSLETTER
how can I see the options for ticket delivery?,DELIVERY
"I changed my mind, can I remove my online account?",ACCOUNT
"I watn to reset my account password, what can I do?",ACCOUNT
"I want to see my invoices, what should I do?",INVOICES
can u ask an agent how to check the cancellation penalty?,CANCELLATION_FEE
I want to know how to track my package,ORDER
"the show was postponed, can I obgain a reimbursement?",REFUNDS
can I write a review?,FEEDBACK
"I changed my mind, what can I do to remove my user account?",ACCOUNT
can you tell me what the phone no to contact Client Service is?,CONTACT
"I bought somethikng, how can I change my order?",ORDER
could u ask an agent if i can check my bill?,INVOICES
"I have an issue when trying to pay for my order, how do I notify it?",PAYMENT
"I haven't got an online account, what should I do to register?",ACCOUNT
"I want to check my packages, tell me how I can do it",ORDER
"i got an error when i attempted to make a payment, but my card was charged anyway, i need help notifying it",PAYMENT
I want to know if I can create more than one account with the same email address,ACCOUNT
"I need information, can you contact Customer Service?",CONTACT
could you ask an agent where I can change my order?,ORDER
I didn't get an paymentconfirmation,PAYMENT
"I ordered something, how do I modify my order?",ORDER
"you arent helping, how can i talk to a human agent?",CONTACT
"someone stole my fucking password, retrieve it, please",ACCOUNT
I want to know if my orders are on their way,ORDER
"I'm happy with the service, what should I do to file a review?",FEEDBACK
"I got an error message when I tried to pay, but I was charged anyway, can you inform of it?",PAYMENT
"I want to cancel my user account, how can I do it?",ACCOUNT
"im not happy with the service, make a complaint, please",FEEDBACK
i need information about your payment methods,PAYMENT
how do I track my shipments?,ORDER
ask an agent how i can solve payment problems,PAYMENT
"I have a problem when tryingto pay for my order, notify it",PAYMENT
how can I know where my shipment is?,ORDER
I made a mistake and I want to change my purchase,ORDER
"I want a user account, what do I have to do to create one?",ACCOUNT
I don't know anything about your money back guarantee and I need information about it,REFUNDS
"I want to modify my order, can you tell me how I can do it?",ORDER
"I didn't receive my invoices, what can I do to check them?",INVOICES
help me get an invoice,INVOICES
"I want to obtain a bill, tell me where I can do it",INVOICES
"I odn't want my user account, how do I delete it?",ACCOUNT
can u ask an agent where i can report a problem making a payment?,PAYMENT
can I register more than one account with the same email address?,ACCOUNT
the game was cancelled and i wanna request a refund,REFUNDS
"i want to open a user account, what should i do?",ACCOUNT
"I got an error when I attempted to pay, but my card was charged anyway, help me report it",PAYMENT
I have a problem paying for mmy online order,PAYMENT
"I have an issue paying for my online order, how can I notify it?",PAYMENT
"I don't understand you, what should I do to contact someone?",CONTACT
where do i notify payment issues?,PAYMENT
"im not happy with the service, i need help submitting a complaint",FEEDBACK
how do I see my invoices?,INVOICES
I need information about the email of the Customer Support,CONTACT
can I get a reimbursement?,REFUNDS
help me cancel my online account,ACCOUNT
i want to request information about getting a bill,INVOICES
"i dont want my profile, can i close it?",ACCOUNT
I don't understand you and I'd like to talk to fucking someone,CONTACT
can u give me information about my invoices?,INVOICES
"I got an error when I attempted to pay, but I was charged anyway, I need help informing of it",PAYMENT
"I want to see my invoice, can you help me?",INVOICES
"I ordered something, what can I do to change my purchase?",ORDER
"I have a question, I need help speaking with Customer Support",CONTACT
"I want to check the status of my order, what should I do?",ORDER
"i dont have an account, open one",ACCOUNT
"I want to cherck my order, can you tell me where to do it?",ORDER
I want to view my bill,INVOICES
"I want to change my order, can you tell me wshere to do it?",ORDER
"I have an issue paying with card, report it",PAYMENT
"i have a problem paying for my online order, notify it",PAYMENT
an error pops when I try to pay for my online order,PAYMENT
"I got an error when I attempted to pay, but my card was charged anyway, what should I do?",PAYMENT
"I have no online account, can you register?",ACCOUNT
tell me how to check my delivery,ORDER
i wanna know if i can create two profiles with the same email,ACCOUNT
i want to know if there is a newsletter to stay up-to-date,NEWSLETTER
"I have no account, can ylu help me?",ACCOUNT
"I didn't receive my invoices, I need help checking them",INVOICES
i want to know how to dowmmload some invoices,INVOICES
"i didn't receive my bill, can i see it?",INVOICES
"I want information, what can I do to call Customer Service?",CONTACT
"I bought a product, how do I change my order?",ORDER
can you ask an agent where I can modify my purchase?,ORDER
i have an issue when trying to make a payment with card and i want to report it,PAYMENT
how to open a user account,ACCOUNT
"I want to use my other user account, can I switch them?",ACCOUNT
help me make an order,ORDER
"I have an issue paying, how do I inform of it?",PAYMENT
"I have an problem when trying to pay, what do I have to do?",PAYMENT
I want to know when my ticket is going to arrive,DELIVERY
"i got an error when i tried to pay, but i was charged anyway, what should i do?",PAYMENT
"the game was postponed, can I get a reimbursement?",REFUNDS
ask an agent where to view my bills,INVOICES
im discontent with the service and i want to file a complaint,FEEDBACK
"can u ask an agent how I can get some invoices, please?",INVOICES
my fucking profile's beewn hacked and I would like to get it back,ACCOUNT
I want to know how to get an invoice,INVOICES
"i wanna inform of a payment problem, what should i do?",PAYMENT
"I want to view your payment options, what do I have to do?",PAYMENT
"I didn't receive my bill, what do I have to do to view it?",INVOICES
"i have a problem paying for my order, i need help notifying it",PAYMENT
"the event was postponed, can you help me?",REFUNDS
"you're not helping, help me speak with a human agent",CONTACT
can you tell me if I can register more than one online account with a single email?,ACCOUNT
"I can't understand you, can you contact a human agent?",CONTACT
"I want to see the options for delivery, what shuold I do?",DELIVERY
"i want to use my other user account, how can i switch them?",ACCOUNT
how do I modify my order?,ORDER
help me reset my password,ACCOUNT
"I got an error message when I attempted to pay, but I was charged anyway, can you help me?",PAYMENT
where do I track my order?,ORDER
"I want to track my package, tell me were to do it",ORDER
"I want to check my shipment, tell me where I can do it",ORDER
tell me about downloading some bills,INVOICES
"please, can you ask an agent if I could lodge a fucking complaint for a service?",FEEDBACK
can you give me information about the delivery period for my ticket?,DELIVERY
i want to know iif i can own more than one account,ACCOUNT
"an error message pops when I attempt topay for my online order, what do I have to do?",PAYMENT
ask an agent if i can check the cancellation penalty,CANCELLATION_FEE
i want to see the email address of client service,CONTACT
"i have a isue making a payment, help me inform of it",PAYMENT
"can u ask an agent if i can obtain a bill, please?",INVOICES
culd u ask an agent where i could check their refund policy?,REFUNDS
how could I view your fucking payment options?,PAYMENT
how to check my package,ORDER
I wanna know how to download a bill,INVOICES
"please, can u ask an agent where to check my invoice?",INVOICES
"i have no user account, how could i open one?",ACCOUNT
I want to know how to know where my orders are,ORDER
"I ordered an item, can I change my order?",ORDER
"i got an error message when i tried to pay, but i was charged anyway, what do i have to do to notify it?",PAYMENT
"the concert was cancelled, what should I do to obtain a reimbursement?",REFUNDS
"please, could you ask an agent if I can check the cancellation fees?",CANCELLATION_FEE
"I want to know what the mail of the Client Service is, please",CONTACT
"i bought something, how can I change my purchase?",ORDER
"I got an error message when I attempted to pay, but I was charged anyway, what can I do to inform of it?",PAYMENT
how to update my shipping address,SHIPPING
"I need information, could I send an email to Customer Support, please?",CONTACT
"I want information, I need help speaking with Client Service",CONTACT
ask an agent where i can place an order,ORDER
"I ordered a product, what can I do to modify my order?",ORDER
"I have a problem when trying to make a payment with card, I need help informing of it",PAYMENT
"i can't find my invoices, what should i do to see them?",INVOICES
"i havent got a user account, create one",ACCOUNT
can I make a payment with credit card?,PAYMENT
"can you ask an agent if i could get an invoice, please?",INVOICES
"I want to request a bill, can you tell me how I can do it?",INVOICES
"I got an error when I attempted to make a payment, but my card was charged anyway, what do I have to do to report it?",PAYMENT
"the show was postponed, what can i do to request a refund?",REFUNDS
"I have no account, I need help opening one",ACCOUNT
where do I place an order?,ORDER
"I forgot my password, what should I do?",ACCOUNT
i want to notify issues wih my payment,PAYMENT
"I'm happy with the service, what can I do to make an opinion?",FEEDBACK
I want to know how I can download some bills,INVOICES
"i dont understand you, what can i do to speak with a human?",CONTACT
where to request a bill,INVOICES
"I purchased a product, I need help modifying my purchase",ORDER
"I want a reimbursement, how do I request one?",REFUNDS
ask an agent if i can open a user account,ACCOUNT
I want information about modifying my order,ORDER
can you show me your reimbursement policy?,REFUNDS
how to chcek my shipments,ORDER
"please, can you tell me if I could create more than one profile with the same email?",ACCOUNT
"I want to know the status of my refund, can you help me?",REFUNDS
"I don't like the service, can I make a complaint?",FEEDBACK
"I have an issue when trying to make a payment, I need help reporting it, please",PAYMENT
"someone stole my account password, retrieve it",ACCOUNT
"could you ask an agent how I can remove my profile, please?",ACCOUNT
can you send me an invoice?,INVOICES
"id like information, what can i do to contact client service?",CONTACT
can I receive a reimbursement?,REFUNDS
"I've got no account, what do I have to do?",ACCOUNT
"I got an error message when I tried to pay, but I was charged anyway, what can I do to notify it?",PAYMENT
"I want information , I need help speaking with Customer Service",CONTACT
"I want an account, can you help me?",ACCOUNT
"I haven't got an account, help me create one",ACCOUNT
"I got an error messae when I tried to make a payment, but my card was charged anyway, report it",PAYMENT
"please, could u ask an agent where to see their money back policy?",REFUNDS
where can I check my shipmetn?,ORDER
"I get an error when I attempt to pay for my order, can you help me?",PAYMENT
tell me how I can request an invoice,INVOICES
"i got an error message when i attempted to pay, but my card was charged anyway, what can i do to report it?",PAYMENT
"I have a question, can you contact Customer Service?",CONTACT
how do I solve a problem making a payment?,PAYMENT
"I got an error message when I tried to make a payment , but my card was charged anyway and I want to inform of it",PAYMENT
"i changed my mind, what should i do to cancel my user account?",ACCOUNT
"I would like to modify my fucking order, tell me where I can do it, please",ORDER
can I solve isuses with my payment?,PAYMENT
can you ask an agent if I could modify my shipping address?,SHIPPING
"i lost my password, can u reset it?",ACCOUNT
"I don't understand you, what do I have to do to speak with a human?",CONTACT
i need help reporting fucking payment issues,PAYMENT
i wanna know how I can request a bill,INVOICES
could you ask an agent where I could receive a refund?,REFUNDS
"do you mind asking an agent where I can modify my order, please?",ORDER
"I can't understand you , I need help speaking with a human",CONTACT
I need help seeing the status of my order,ORDER
"can u ask an agent how i could notify issues with my payment, please ?",PAYMENT
I have an issue when trying to pay for my online order and I want to report it,PAYMENT
tell me if my orders are on their way,ORDER
"I have an issue when trying to pay with card, can I inform of it?",PAYMENT
"I've got no user account, can you register?",ACCOUNT
"ask an agent where i can lodge a fucking complaint for a service, please",FEEDBACK
ask an agent ofr information about the status of my purchase,ORDER
I want to know where I can see an invoice,INVOICES
"I need an online account, can you open one?",ACCOUNT
can you tell me if I can create two online accounts with the same email?,ACCOUNT
"i wanna see my bill, what should i do?",INVOICES
"i have an issue paying, help me notify it",PAYMENT
"i wanna check my bills, what do i have to do?",INVOICES
"the show was cancelled, can Iobtain a reimbursement?",REFUNDS
my profile was hacked and I want to get it back,ACCOUNT
"I have a problem when trying to make a payment, how do I inform of it?",PAYMENT
how can i see your payment methods?,PAYMENT
"I got an error message when I tried to pay, but I was charged anyway and I want to notify it",PAYMENT
how to track my delivery,ORDER
"I am not happy with the service, could I file a consumer complaint?",FEEDBACK
"I have an issue paying with card, what should I do to report it?",PAYMENT
"please, ask an agent how to notify fucking payment problems",PAYMENT
i need help placing an order,ORDER
I want to know if I can download some bills,INVOICES
help me check my bills,INVOICES
can i view the status of my order?,ORDER
i wanna know if i can download some invoices,INVOICES
can u ask an agent if i can pay with card?,PAYMENT
"I ordered a product, can I change my purchase?",ORDER
can you tell me how to modify my order?,ORDER
I want to see the free phone number to contact Client Service,CONTACT
"I got an error message when I attempted to pay, but I was charged anyway, can I report it?",PAYMENT
"please, can u ask an agent to find information about the fucking options for delivery?",DELIVERY
can you tell me if i can create two user accounts with a single email ?,ACCOUNT
"I need information, what can I do to speak with Customer Service?",CONTACT
"I can't find my bill, view it",INVOICES
"I bought something, whta can I do to change my order?",ORDER
"can you tell me the number to contact Client Service, please?",CONTACT
"I need a fucking refund, what do I have to do to obtain one?",REFUNDS
where can I make a purchase?,ORDER
"i need information, can u contact customer service?",CONTACT
"I need information, what can I do to speak with Client Service?",CONTACT
"I don't want my profile, what should I do to close it?",ACCOUNT
I don't have an online account and I want to register,ACCOUNT
i anna notify an issue paying,PAYMENT
can I check my packages?,ORDER
"I want information, can you speak with Client Service?",CONTACT
tell me if I can create more than one online account with a single email,ACCOUNT
"please, can u ask an agent how to switch to another profile?",ACCOUNT
can you tell me about my invoice?,INVOICES
ask an agent where to check the options for delivery,DELIVERY
"I need a reimbursement, what should I do to request one?",REFUNDS
"ask an agent where to report a fucking payment issue, please",PAYMENT
where to track my orders,ORDER
i ordered something and i wanna change my purchase,ORDER
ask an agent if i can report problems paying,PAYMENT
"i dont want my fucking profile, how could i close it?",ACCOUNT
"I want to make a complaint for a service,what do I have to do?",FEEDBACK
what's the email of Client Service?,CONTACT
I want to ger a bill,INVOICES
I want to report an issue making a payment,PAYMENT
"I lost my bill, what do I have to do to see it?",INVOICES
"could you ask an agent how to cancel my account, please?",ACCOUNT
"I want to report a payment issue, what can I do?",PAYMENT
where to see your money back guarantee,REFUNDS
i can't find my invoices and i want to see them,INVOICES
"I don't understand you, speak with a person",CONTACT
"I have no account, what do I have to do to register?",ACCOUNT
I don't have an account and I want to create one,ACCOUNT
"I have no user account, what can I do to open one?",ACCOUNT
"I get an error message when I try to make a payment, what should I do?",PAYMENT
"my profile was hacked, what should i do ?",ACCOUNT
I want information and I want to send an email to Customer Service,CONTACT
"i havent got a user account, what can i do?",ACCOUNT
"I want an account, what do I have to do to createone?",ACCOUNT
"I need information, can you call Clkent Service?",CONTACT
I don't have a shipping address and I want to set it up,SHIPPING
"please, could you tell me if I could own more than one account?",ACCOUNT
"the show was postponed, obtain a reimbursement",REFUNDS
"I bought something, what can I do to change my purchase?",ORDER
"i wanna report a problem with my payment, can u help me?",PAYMENT
"I've got no online account, what can I do to register?",ACCOUNT
"I want to inform of a problem paying, what can I do?",PAYMENT
can you tell me the mail addrss to contact Customer Support?,CONTACT
help me track my packages,ORDER
tell me how to subscribe to the newsletter,NEWSLETTER
"I don't have an account, what can I do to create one?",ACCOUNT
I found problems while creating a profile,ACCOUNT
"I have no online account, how do I register?",ACCOUNT
what information can u tell me about getting a bill?,INVOICES
"i want to lodge a complaint for a service, can u help me?",FEEDBACK
"I want information, what do I have to do to contact Customer Support?",CONTACT
"I want to modify my shipping address, can you help me?",SHIPPING
"I don't like the service, how do I make a consumer complaint?",FEEDBACK
I want to know if you have a newsletter I can subscribe to,NEWSLETTER
can you tell me where my purchase is?,ORDER
tell me if I can create two accounts with a single email,ACCOUNT
I haven't got an account and I want to open one,ACCOUNT
show me the email of the Customer Support,CONTACT
"I have an issue making a payment, can I report it?",PAYMENT
someone stole my fucking account password and I'd like to reset it,ACCOUNT
"I want information, help me call Client Service",CONTACT
what information can you tell me about requesting some bills?,INVOICES
I need information about modifying my purchase,ORDER
"you're not helping, can you speak with a human?",CONTACT
where do I notify a problem paying?,PAYMENT
can you show me the mail of the Customer Support?,CONTACT
"I have a question, what do I haveto do to talk to Customer Service ?",CONTACT
"the event was postponed, get a reimbursement",REFUNDS
"I lost my invoice, can I view it?",INVOICES
"i want to know how I can know where my packages are, please",ORDER
"I can't understand you, can I contact a human?",CONTACT
"I don't have an online account, what do I have to do to open one?",ACCOUNT
where can i see the ticket delivery options?,DELIVERY
"someone stole my account password, what should I do to retrieve it?",ACCOUNT
"I don't have an online account, can you create one?",ACCOUNT
"i wannaq obtai a reimbursement, can u help me?",REFUNDS
"I want to make a consumer complaint for a service, what can I do?",FEEDBACK
do you mind asking an agent if i can check my package?,ORDER
ask an agent what the mail of the Customer Service,CONTACT
i wanna know how I can check my order,ORDER
I want to check your payment options,PAYMENT
how do I change to another account?,ACCOUNT
"my user account's been hacked , can you get it back?",ACCOUNT
"I didn't receive my bill, help me see it",INVOICES
"can u ask an agent how i could notify a problem with my payment, please?",PAYMENT
"I get an error message when I attempt to make a payment for my online order, what can I do?",PAYMENT
"I get an error when I attempt to pay for my order, what can I do?",PAYMENT
"I can't remember my password, how do I retrieve it?",ACCOUNT
"please, could u ask an agent how i can inform of issues making a payment?",PAYMENT
"i want to check the fucking status of my refund, can u help me?",REFUNDS
"I lost my invoice, can you check it?",INVOICES
how to create an online account,ACCOUNT
"could you ask an agent how I can request an invoice, please?",INVOICES
where to inform of an issue making a payment,PAYMENT
"I have no online account, what can I do to register?",ACCOUNT
I want to know if there is a free phone number to contact Client Service,CONTACT
"I want information, how can I contact Client Service?",CONTACT
"I want to file a consumer complaint for a service, can you help me?",FEEDBACK
"I don't want my profile, what can I do to close it?",ACCOUNT
can I see your payment methods?,PAYMENT
can u ask an agent how to cancel my profile?,ACCOUNT
"I got an error when I attempted to make an payment, but I was charged anyway, can you inform of it?",PAYMENT
"I wanna change my order, tell me where I can do it",ORDER
how do I track my refund?,REFUNDS
tell me how I can modify my purchase,ORDER
can you tell me what the mail address to contact Customer Service is ?,CONTACT
help me remove my profile,ACCOUNT
ask an agent how to check the ticket delivery options,DELIVERY
"i need an online account, help me open one",ACCOUNT
"I got an error message when I attempted to pay, but my card was charged anyway, can I report it?",PAYMENT
where can I see your money back policy?,REFUNDS
"i purchased something, how can i hcange my purchase?",ORDER
"I can't remember my account password, how can I retrieve it?",ACCOUNT
"i get an error message when i attempt to pay, can u help me?",PAYMENT
"ask an agent where I can see the fucking options for delivery, please",DELIVERY
"I want to retrieve my password, how can I do it?",ACCOUNT
"my profile's been hacked , and I need help recovering it",ACCOUNT
"I got an error when I tried to make a payment, but I was charged anyway, can I inform of it?",PAYMENT
can you tell me how to obtain some invoices?,INVOICES
tell me what the email address of the Client Service is,CONTACT
"please, could u find information about the email address to contact Customer Service?",CONTACT
"I got an error message when I attempted to make a payment, but I was charged anyway",PAYMENT
I wanna download an invoice,INVOICES
"i have no online account, can u open one?",ACCOUNT
"I didn't receive my invoices, how ciuld I see them?",INVOICES
ask an agent if i can receive a refund,REFUNDS
"I want to download some bills, casn you tell me how I can do it?",INVOICES
help me talk to Customer Support,CONTACT
can u ask an agent how i can solve a problem paying?,PAYMENT
"I got an error when I tried to pay, but my card was charged anyway, report it",PAYMENT
do you mind asking an agent where I can modify my order?,ORDER
"someone stole my password, what do I have to do to reset it?",ACCOUNT
"i want to check the cancellation fee, what can i do?",CANCELLATION_FEE
"i can't find my bill, help me view it",INVOICES
can you tell me if I can request some bills?,INVOICES
"the show was cancelled, what can I do to obtain a refund?",REFUNDS
can u ask an agent where to make an order?,ORDER
I have a problem when trying to pay,PAYMENT
i wanna notify payment problems,PAYMENT
I want to see the number to contact Customer Service,CONTACT
can you tell me how ot know where my shipments are?,ORDER
"you aren't helping, help me contact a person",CONTACT
"I haven't got a user account, what should I do to open one?",ACCOUNT
help me track my pyrchase,ORDER
I want to notify an issue making a payment,PAYMENT
"I have a problem when trying to pay with card , what do I have to do to notify it ?",PAYMENT
"I want to see the status of my refund, what can I do?",REFUNDS
"I'm not happy with the service, what should I do to lodge a consumer complaint?",FEEDBACK
could you ask an agent how to write a review for a service?,FEEDBACK
"I have a problem paying with card, what can I do to report it?",PAYMENT
"I'm discontent with the service, help me file a complaint",FEEDBACK
"I have an issue paying for my order, I need help informing of it",PAYMENT
I want to view your reimbursement policy,REFUNDS
I want to know where to ceck my shipments,ORDER
"you're not helping, help me speak with a person",CONTACT
"I get an error message when I attempt to make a payment for my online order, can you help me?",PAYMENT
"could you ask an agent to find information about the fucking ticket delivery options, please?",DELIVERY
where do I inform of issues paying?,PAYMENT
where do I leave a review?,FEEDBACK
"I've got no profile, can you create one?",ACCOUNT
"ive got no account, what should i do to register?",ACCOUNT
how do I know where my packages are?,ORDER
"I odn't like the service, how can Isubmit a complaint?",FEEDBACK
i lost my fucking bills and id like to see them,INVOICES
ask an agent to recover my password,ACCOUNT
"i want to use my other account, can u switch them?",ACCOUNT
can I open a user account?,ACCOUNT
can u ask an agent if i can create an online account?,ACCOUNT
"i want to retrieve my password, what should i do?",ACCOUNT
"I don't like the service, what can I do to lodge a consumer complaint?",FEEDBACK
"I have no profile, help me create one",ACCOUNT
"I want to track my orders, can you tell me where to do it?",ORDER
how can I leave a review for a service?,FEEDBACK
"i get an error when i try to make a payment for my order, what can i do?",PAYMENT
"i want to reset my password, what can i do?",ACCOUNT
"i wanna notify an issue paying, can u help me?",PAYMENT
how can i notify a payment problem?,PAYMENT
"I have a problem paying for my online order, help me notify it",PAYMENT
"I lost my bills, can you show them?",INVOICES
I can't pay,PAYMENT
can you tell me the email of Client Service?,CONTACT
"I want to submit a consumer complaint for a service, what do I have to do?",FEEDBACK
can u find information about the mail of the Client Service?,CONTACT
i wanna update my profile,ACCOUNT
"you're not helping, what do I have to do to talk to a human agent?",CONTACT
i need information and i wanna contact customer support,CONTACT
"I want an online zccount, how can I open one?",ACCOUNT
I made a mistake andi wanna change my fucking order,ORDER
"I have an issue paying for my order, can you notify it, please?",PAYMENT
"the show was cancelled, what do I have to do to get a refund?",REFUNDS
i wanna see the emailaddress to contact client service,CONTACT
"i got an error message when i attemped to pay, but i was charged anyway, what can i do to notify it?",PAYMENT
"I can't find my invoices , view them",INVOICES
"I changed my mind, can you close my profile?",ACCOUNT
"i have a question, what should i do to talk to customer service?",CONTACT
i made an mistake and I want to modify my purchase,ORDER
"please, could you ask an agent if I can track my order?",ORDER
"I want to report an issue making a payment, can you help me?",PAYMENT
tell me where I can check my package,ORDER
"I got an error message when I attempted to make a payment, but my card was charged anyway and I want to notify it",PAYMENT
can u ask an agent how I can obtain an invoice?,INVOICES
"i have a issue making a payment with card, can u report it?",PAYMENT
ask an agent if i can update my shipping address,SHIPPING
where do i view the cancellation penalties ?,CANCELLATION_FEE
"please, could u ask an agent if I could check my fucking package?",ORDER
o made aa mistake and i wanna modify my order,ORDER
tell me if I can create several profiles with a single email address,ACCOUNT
"I have an issue paying with card, notify it",PAYMENT
i want to know if i can create more than one user account with the same email,ACCOUNT
can you track my orders?,ORDER
request some bills,INVOICES
I found issues when trying to sign up,ACCOUNT
tell em how to see an invoice,INVOICES
"I want information, how do I send an email to Customer Support?",CONTACT
"I want to check your money back guarantee, what can I do?",REFUNDS
can i view my invoice?,INVOICES
"I'm discontent with the service, file a complaint",FEEDBACK
i wanna know something about requesting a bill,INVOICES
"u are not helping, what can i do to talk to a human?",CONTACT
"can u ask an agent to provide information about the delivery period for my tickets, please?",DELIVERY
how can I get a refund?,REFUNDS
"I want to check the status of my purchase, what do I have to do?",ORDER
"can you ask an agent what my package of ym fucking shipment is, please ?",ORDER
I want to speak with someone,CONTACT
i wanna know if i can create two profiles with a single email address,ACCOUNT
"I got an error message when I tried to pay , but my card was charged anyway, I need help reporting it",PAYMENT
I need help recovering my password,ACCOUNT
help me solve problems paying,PAYMENT
"I'm not happy with the service, can I file a consumer omplaint?",FEEDBACK
"I got an error when I tried to make a payment, but I was charged anyway",PAYMENT
"i need information, how can i speak with customer support?",CONTACT
i need information about the mail address of the Client Service,CONTACT
how can I get a reimbursement?,REFUNDS
"please, can you ask an agent how I could solve problems paying?",PAYMENT
"my account's been hacked, what should I do to get it back?",ACCOUNT
where to inform of fucking issues paying,PAYMENT
i want to check the status of my reimbursement,REFUNDS
I want to know if I can download an invoice,INVOICES
do you mind asking an agent how I can know where my package is?,ORDER
"I get an error when I try to pay, what do I have to do?",PAYMENT
i want to check m order,ORDER
"the concert was postponed, how do I get a refund?",REFUNDS
"I don't understand you, help me contact a human",CONTACT
"I have a question, help me send an email to Customer Support",CONTACT
"i need information, what should i do to send an email to customer service?",CONTACT
show me the status of my refund,REFUNDS
"I wanna change my order, tell me how I can do it",ORDER
"I get an error when I attempt to make a payment for m order, what should I do?",PAYMENT
"i got an error when i attempted to make a payment, but i was charged anyway, i need help notifying it",PAYMENT
"do you mind asking an agent how to get some fucking bills, please?",INVOICES
where do i view the status of my refund?,REFUNDS
"I got an error when I tried to pay, but my card was charged anyway, can you help me?",PAYMENT
i dont have a user account,ACCOUNT
"the payment failed, what can I do?",PAYMENT
"I didn't receive my bills, how can I check them?",INVOICES
"I can't find my invoices, what should I do to check them?",INVOICES
i wanna send an email to client service,CONTACT
"i cant remember my password, can u retrieve it?",ACCOUNT
"I need an account, help me create one",ACCOUNT
elp me check my shipment,ORDER
can you tell me where to track my shipment?,ORDER
"id like to track my shipment, can you tell me how to do it?",ORDER
"I have an issue when trying to pay, what should I do?",PAYMENT
where can I check the status of my reimbursement?,REFUNDS
i want to see the mail of client service,CONTACT
"I want to make a review for a service, what can I do?",FEEDBACK
where can I file a complaint for a service?,FEEDBACK
I want to solve an issue making a payment,PAYMENT
"I need information, how can I talk to Client eSrvice?",CONTACT
"i lost my invoice, i need help viewing it",INVOICES
talk to a human agent,CONTACT
"I have an issue paying for my order, what can I do to inform of it?",PAYMENT
"lease, ask an agent how ican check my invoices",INVOICES
"i dont want my account, can i close it?",ACCOUNT
could you tell me the maip address to contact client service ?,CONTACT
I want to know how I can track my deliveries,ORDER
"ask an agent how to solve issues making a payment, please",PAYMENT
where do I cancel my user account?,ACCOUNT
"i dont understand you, talk to a human agent",CONTACT
canyou find information about the cancellation fee?,CANCELLATION_FEE
"please, could u ask an agent to solve a fucking issue with my payment?",PAYMENT
whats the mail of customer service?,CONTACT
I need help calling Client Service,CONTACT
I need information about getting some bills,INVOICES
im happy with the service and i want to make a comment,FEEDBACK
"I forgot my account password, how can I reset it?",ACCOUNT
"I have an issue when trying ot pay, what can I do to repott it?",PAYMENT
"I can't understand you, how can I talk to a human?",CONTACT
could you ask an agent if i can request an invoice?,INVOICES
"I don't understand you , I need help speaking with someone",CONTACT
"I have a problem paying for my online order, can you inform of it?",PAYMENT
how to check your payment options,PAYMENT
"do you mind asking an agent how to request some fucking invoices, please?",INVOICES
"I've got no online account, can I open one?",ACCOUNT
i wanna ask for information about requesting a bill,INVOICES
"I've got no account, can you create one?",ACCOUNT
call Customer Support,CONTACT
"I need an account, what should I do to open one?",ACCOUNT
"I'd like to create an online account, what do I have to do?",ACCOUNT
i need information and i want to talk to client service,CONTACT
the event was cancelled and i wanna get a refund,REFUNDS
"please, can you tell me if I could register several accounts with the same email address?",ACCOUNT
"i didn't receive my invoics, how dl i check them?",INVOICES
can u ask an agent to give me information about my invoice?,INVOICES
"i changed my mind, what can i do to delete my account?",ACCOUNT
can you tell me if I can request an invoice ?,INVOICES
I need help subscribing to the newsletter,NEWSLETTER
how do I see the options for ticket delivery?,DELIVERY
"i dont understand you, contact a human",CONTACT
"i lost my bill, help me check it",INVOICES
"I need information, what can I do to call Customer Support?",CONTACT
"I made a mistake, what should I do to modify my order?",ORDER
I want to view my bills,INVOICES
"can you ask an agent where I could notify fucking problems paying, please?",PAYMENT
"I want to file an opinion for a service, what can I do?",FEEDBACK
"I'm discontent with the service, how caj I submit a consumer complaint?",FEEDBACK
where can i check your reimbursemet policy?,REFUNDS
"I need information, help me contact Customer Support",CONTACT
"I want an online accoynt, can you create one?",ACCOUNT
I have an issue when trying to make a payment with card,PAYMENT
"please, can you ask an agent where I can create a account?",ACCOUNT
"ive got no user account and i want to create one, please",ACCOUNT
i want to see the phone number of client service,CONTACT
"I have a problem when trying to pay with card, can I report it?",PAYMENT
"please, could u ask an agent how i could view my invoice?",INVOICES
"I have an issue paying weith card, I need help notifying it",PAYMENT
"I purchased an item, how do I modify my purchase?",ORDER
"I want to submit a complaint, can you help me?",FEEDBACK
"id like to track my orders, can you tell me how to do it, please?",ORDER
I need help seeing the status of my reimbursement,REFUNDS
i want to leave an comment,FEEDBACK
"i have an issue when trying to pay with card, what should i do?",PAYMENT
help me check your payment options,PAYMENT
"I want to close my user account, how can I do it?",ACCOUNT
"I ordered something, how do I modify my purchase?",ORDER
can you tell me about your reimbursement policy?,REFUNDS
"I have a problem paying, what do I have to do to report it?",PAYMENT
"I haven't got a profile, I need help creating one",ACCOUNT
"i have an issue paying for my order, how can i inform of it?",PAYMENT
"I have a problem making a payment with card, how do I inform of it?",PAYMENT
I want to inform of issues paying,PAYMENT
can I create two accounts with the same email?,ACCOUNT
help me solve issues with my payment,PAYMENT
"i wanna track my order, tell me where I can do it",ORDER
"could you ask an agent where I could track my package, please?",ORDER
I need help solving an issue with my payment,PAYMENT
"I'm discontent with the service, help me lodge a consumer complaint",FEEDBACK
"I don't want my online account, can I delete it?",ACCOUNT
"I changed my mind, close my account",ACCOUNT
"I wanna track my shipments, can you tell me how to do it?",ORDER
what information do you have about obtaining a bill?,INVOICES
"I want information, can you speak with Customer Service?",CONTACT
"I want to solve an issue making apayment, what can I do?",PAYMENT
"I have a question, what do I have to do to talk to Client Service?",CONTACT
"i havent got an account, i need help registering",ACCOUNT
"I have an issue paying for my online order , what do I have to do to inform of it?",PAYMENT
"i want information, how do i speak with customer service?",CONTACT
"I want a reimbursement, what do I have to do to get one?",REFUNDS
I get an error when I attempt to pay for my online order,PAYMENT
"I have a problem when trying to make a payment, how do I notify it?",PAYMENT
"ask an agent if I could check my shipments, please",ORDER
how do I make a consumer complpaint?,FEEDBACK
"I want to download a bill, can you give me some information?",INVOICES
"youre not helping, what should i do to talk to a person?",CONTACT
"I'm discontent with the service, what do I have to do to submit a complaint?",FEEDBACK
where can I inform of issues making a payment ?,PAYMENT
"I'm happy with the service, can I submit a review?",FEEDBACK
"I'm discontent with the service, can you fioe a complaint?",FEEDBACK
"I want to check my shipments, tell me how to do it",ORDER
how can I check the options for ticket delivery?,DELIVERY
check my bill,INVOICES
"I want to download a bill, can you tell me how to do it?",INVOICES
"I want to request an invoice, can you tell me where to do it?",INVOICES
I changed my mind and I want to remove my profile,ACCOUNT
I need help solving problems with my payment,PAYMENT
"I have an issue paying for my order, what should I do to notify it?",PAYMENT
"I need information, what can I do to contact Customer Support?",CONTACT
how fast can I expect my ticket to arrive?,DELIVERY
what's the number of Customer Support?,CONTACT
"I need a refund, what should I do?",REFUNDS
where do i write a review?,FEEDBACK
i wanna know what the hours of customer setvice are,CONTACT
where can i remove my profile?,ACCOUNT
"I need information, send an email to Client Service",CONTACT
can u ask an agent how to request an invoice?,INVOICES
"I have an problem when trying to pay for my online order, can you notify it?",PAYMENT
how to view hte status of my purchase,ORDER
"i changed my mind, how do i cancel my profile?",ACCOUNT
"I got an error message when I tried to pay, but I was charged anyway, I need help informing of it",PAYMENT
"I can't understand you, what can I do to speak with a person?",CONTACT
"I changed my mind, can I cancel my profile?",ACCOUNT
I want to know if there is someone available,CONTACT
i wanna notify a problem with my payment,PAYMENT
my profile was hacked and I want to recover it,ACCOUNT
how do I see your reimbursement policy?,REFUNDS
I want to know if my refund has been processed,REFUNDS
can I register several online accounts with a single email?,ACCOUNT
where do i modify my shipping address?,SHIPPING
information about seeing an invoice,INVOICES
I haven't got an online account and I want to register,ACCOUNT
tell me how to request some invoices,INVOICES
"I have a problem when trying to pay for my order, can you inform of it?",PAYMENT
"I have a problem making a payment with card, can you help me?",PAYMENT
"i dont have a profile, what do i have to do?",ACCOUNT
show me the mail dadress to contact customer service,CONTACT
"can u ask an agent to notify problems making a payment, please?",PAYMENT
i wanna know if I can change my order,ORDER
can u show me the mail address of Customer Service?,CONTACT
can you show me my invoices?,INVOICES
"I have a problem paying for my order, what do I have to do?",PAYMENT
"I don't want my online account, how do I remove it?",ACCOUNT
"please, could u ask an agent to inform of a fucking payment issue?",PAYMENT
"I can't remember my password, can I recover it?",ACCOUNT
"you aren't helping, what can I do to talk to a human?",CONTACT
I want to know where to obtain an invoice,INVOICES
information about the fucking mail address of the Client Service,CONTACT
"i dont understand you and i want to contact a person, please",CONTACT
"i want to open an online account, what can i do?",ACCOUNT
ask an agent how i can solve issues paying,PAYMENT
"I want to notify a payment problem, what do I have to do?",PAYMENT
i wanna know when my ticket will arrive,DELIVERY
"please, speak with fucking client service",CONTACT
can I modify my shipping address?,SHIPPING
"I want an online account, how can I create one?",ACCOUNT
can u ask an agent how I can request an invoice?,INVOICES
how can i receive a reimbursement?,REFUNDS
"you aren't helping, could I talk to a human, please?",CONTACT
"i havent got an account, register",ACCOUNT
"I want to get a bill, can you give me some information?",INVOICES
"could u ask an agent how i could cancel my user account, please?",ACCOUNT
"i didn't receive my bill, help me check it",INVOICES
"I didn't receive my invoice, help me check it",INVOICES
can I check my delivery?,ORDER
"i wanna recover my account password, how can i do it?",ACCOUNT
"I need a user account, can you open one?",ACCOUNT
could u ask an agent were to notify problems making a payment?,PAYMENT
"can u ask an agent where i could report fucking issues making a payment, please?",PAYMENT
tell me if I can register more than one online account with a single email,ACCOUNT
"i purchased a product, help me modify my order",ORDER
"I need information, how can I send an email to Customer Service?",CONTACT
can you show me the hours of Customer Support?,CONTACT
"I want information, I need help calling Customer Support",CONTACT
ask an agent if i can make a payment with Master Card,PAYMENT
"I need information , could you contact fuckinmg Customer Service?",CONTACT
i need information about the status of my order,ORDER
I want to know how I can know where my package is,ORDER
"I need an online account, how can I open one?",ACCOUNT
"i want information, what do i have to do to speak with customer support?",CONTACT
"I got an error message when I tried to make a payment, but my card was charged anyway, what do I have to do?",PAYMENT
"can you tell me if i can register several fuckingaccounts with a single email, please?",ACCOUNT
"I got an error when I attempted to make a payment, but my card was charged anyway, can you report it?",PAYMENT
can you tell me how to track my shipment?,ORDER
"can you ask an agent if I could retrieve my fucking password, please?",ACCOUNT
"please, could you ask an agent if I could solve problems making a payment?",PAYMENT
ask an agent how i can report fucking problems with my payment,PAYMENT
I need help solving a fucking issue with my payment,PAYMENT
can you tell me the mail address of the Client Service?,CONTACT
can u ask an agent when I will obtain a refund?,REFUNDS
how to change the information on my profile,ACCOUNT
i want information and i want to contact customer support,CONTACT
I want to know what the email address of the Customer Service is,CONTACT
I ant to ask for information about modifying my purchase,ORDER
can you ask an agent if my shipments are on their way?,ORDER
I can't understand you and I would like to speak with someone,CONTACT
"i wanna notify a problem with my payment, what can i do?",PAYMENT
"i have a problem paying for my online order, what can i do?",PAYMENT
"I bought a product, help me change my order",ORDER
"ask an agent if I could report a fucking issue with my payment, please",PAYMENT
i want to inform of problems paying,PAYMENT
"I don't want my user account, help me close it",ACCOUNT
can you tell me how I can track my order?,ORDER
show me your refund policy,REFUNDS
"I purchased an product, how can I change my order?",ORDER
"I need a reimbursement, how do I obtain one?",REFUNDS
show me my bills,INVOICES
"I have a problem when trying to pay for my order, how do I inform of it?",PAYMENT
tell me where I can change my order,ORDER
"I want to see a bill, tell me where I can do it",INVOICES
"i wanna know if Ican modify my purchase, please",ORDER
"I'm discontent with the service, I need help submitting a consumer complaint",FEEDBACK
can u show me the email address to contact customer support?,CONTACT
how do I obtain a refund?,REFUNDS
"I didn't receive my invoice, how do Icheck it?",INVOICES
how can I see the options for delivery?,DELIVERY
I want to know if I can subscribe to the newwsletter,NEWSLETTER
help me notify an issue making a payment,PAYMENT
i have an issue paying and i wanna notify it,PAYMENT
how can I view the status of my refund?,REFUNDS
"please, ask an agent where i can close my account",ACCOUNT
"the show was postponed, request a reimbursement",REFUNDS
"do you mind asking an agent howw to track my delivery, please?",ORDER
"please, can you ask an agent how to obtain a refund?",REFUNDS
"i have an issue making a payment, can u notify it?",PAYMENT
"I want to edit the information on mny profile, how can I do it?",ACCOUNT
ask an agent how i can inform of fucking payment problems,PAYMENT
how to get a reimbursement,REFUNDS
I want information and I want to contact Customer Service,CONTACT
"i have an issue when trying to pay with card, what should i do to report it?",PAYMENT
where do i remove my user account?,ACCOUNT
how can I recover my account password?,ACCOUNT
can u ask an agent how tomake changes to my shipping addrrss?,SHIPPING
"please, can you ask an agent if I can track my shipment?",ORDER
"the event was postponed, help me obtain a reimbursement, please",REFUNDS
I lost my password and I want to retrieve it,ACCOUNT
the concert was cancelled and I want to obtain a refund,REFUNDS
can you tell me if you have a newsletter I can subscribe to?,NEWSLETTER
where can i notify an issue with my payment?,PAYMENT
"could you ask an agent how I could subscribe to the fucking newsletter, please?",NEWSLETTER
ask an agent if I could lodge a complaint for a service,FEEDBACK
"the event was cancelled, how can I request a refund?",REFUNDS
"I wanna see some bills, tell me how to do it",INVOICES
"I don't like the service, can I lodge a consumer complaint?",FEEDBACK
"I want to download some invoices, can you give me some information?",INVOICES
"I have a question, what should I do to contact Customer Service?",CONTACT
can i leave a review?,FEEDBACK
can yyou check my shipment ?,ORDER
i wanna know if I can track my order,ORDER
"I lots my invoice, how can Iview it?",INVOICES
"I bought an item and i'd like to modify my order, please",ORDER
how to contact a human agent,CONTACT
"please, could you ask an agent if I can inform of a fucking payment issue?",PAYMENT
"ask an agent how I could change to another user account, please",ACCOUNT
"i wanna lodge a consumer complaint, what can i do?",FEEDBACK
I am interested in your fucking refund policy and I want to know about it,REFUNDS
i wanna see the number of customer service,CONTACT
tell me if you have a newsletter I can receive,NEWSLETTER
can you show me information about the status of my reimbursement?,REFUNDS
"I lost my invoices, how can I check them?",INVOICES
how to open a online zccount,ACCOUNT
"i get an error when i try to pay, what can i do?",PAYMENT
I want to request information about requesting some bills,INVOICES
tell me how to know where my shipment is,ORDER
tell me if you have a newsletter I can subscribe to,NEWSLETTER
how to speak with someone,CONTACT
"please, can you ask an agent if I can make changes to my fucking shipping address?",SHIPPING
"I need information, can you send an email to Customer Support?",CONTACT
"i got an error when i tried to pay, but i was charged anyway and i wanna notify it",PAYMENT
"i need information, i need help talking to customer service",CONTACT
"I want to file a complaint, what do I have to do?",FEEDBACK
"ask an agent how I can notify an issue making a payment, please",PAYMENT
"I'm happy with the service, can I make a review?",FEEDBACK
"can you tell me if i could create two online accounts with the same email, please?",ACCOUNT
could u ask an agent how I could track my package?,ORDER
"I have a question, call Customer Service",CONTACT
how do I view the cancellation penalty?,CANCELLATION_FEE
"I don't understand you, how can I talk to a human agent?",CONTACT
i wanna request information about getting an invoice,INVOICES
"I changed my mind, what do I have to do to close my account?",ACCOUNT
"i get an error when i attempt to make a payment for my online order, can u help me?",PAYMENT
an error pops when I attempt to pay with card,PAYMENT
I found a problem when trying to create an account,ACCOUNT
"I have an issue paying with card, help me report it",PAYMENT
"I wanna obtain an invoice, can you tell me how I can do it?",INVOICES
"the event was cancelled, request a refund",REFUNDS
"I don't have a profile, can you create one?",ACCOUNT
"I have an issue making an payment with card, what do I have to do to report it?",PAYMENT
i want a user account and i wanna create one,ACCOUNT
where can I report a problem making a payment?,PAYMENT
"i have an issue paying with card, what can i do to inform of it?",PAYMENT
"Iwant to receive the newsletter, can you give me some information?",NEWSLETTER
"I need information,call Customer Support, please",CONTACT
"i wanna notify an issue with my payment, what should i do?",PAYMENT
i have a problem paying and i want to inform of it,PAYMENT
"i bought a product, can i change my purchase?",ORDER
"I lost my password, what do I have to do to reset it?",ACCOUNT
"please, could you ask an agent where I can obtain a reimbursement?",REFUNDS
is it possible to track my shipments?,ORDER
can I view the status of my uprchase?,ORDER
"i want to get some invoices, can you give me some information?",INVOICES
"please, could you tell me if I could register two accounts with a single email?",ACCOUNT
"please, could u ask an agent how i could notify an issue with my payment?",PAYMENT
I want to know what the email of the Customer Support is,CONTACT
"I got an error when I attempted to make a payment, but my card was charged anyway, can you inform of it?",PAYMENT
"i want an online account, what can i do?",ACCOUNT
can you tell me if I can pay with Amex?,PAYMENT
"i needc niformation about my invoice, please",INVOICES
"can u ask an agent how i could solve a fucking issue with my paymeht, please?",PAYMENT
how to check your payment methods,PAYMENT
"I want information, what do I have to do to send an email to Customer Service?",CONTACT
can you tell me where I can check my package?,ORDER
"I've got no online account, can you help me?",ACCOUNT
I don't understand you and I want to speak with a human agent,CONTACT
could you show me the mail to contact Client Service?,CONTACT
"I got an error message when I attempted to pay, but my card was charged anyway",PAYMENT
help me notify a problem making a payment,PAYMENT
"please, can you ask an agent how I could contact fucking Customer Service?",CONTACT
"I purchased a product, what should I do to change my order?",ORDER
"could you tell me if i could register several online accounts with a single email address, please?",ACCOUNT
"I haven't got a account, what do I have to do to create one?",ACCOUNT
I want to know how to modcify my purchase,ORDER
"I do not understand you, help me contact a fucking person, please",CONTACT
"I'm happy with the service, what do I have to do to submit a comment?",FEEDBACK
"i havent got an account, what can i do to create one?",ACCOUNT
where can I request an invoice?,INVOICES
"I want to view your money back guarantee, what do I have to do?",REFUNDS
"i bought something, how can I change my order?",ORDER
can you tell me if I can register two user accouns with a single email address?,ACCOUNT
"i have an issue paying for my order, can i report it?",PAYMENT
"I want to request some invoices, can you tell me how I can do it?",INVOICES
"I want to see the delivery options, what can I do?",DELIVERY
ask an agent if I can track my order,ORDER
"i got an error when i tried to pay, but i was charged anyway, what can i do?",PAYMENT
could u ask an agent how to report fucking problems paying?,PAYMENT
"Id like to modify my order, tell me how I can do it",ORDER
"i would like to check my order, tell me where to do it",ORDER
"please, can you ask an agent where to notify a problem with my payment?",PAYMENT
"i have a problem when trying to pay with card, what can i do to inform of it?",PAYMENT
"i need information, what should i do to contact client service?",CONTACT
"I don't understand you, what do I have to do to contact a person?",CONTACT
I want to modify my profile,ACCOUNT
how can i notify a payment issue?,PAYMENT
"could you ask an agent where I could get a bill, please?",INVOICES
I want informatiopn about getting some bils,INVOICES
i have no online account and i want to create one,ACCOUNT
"I got no payment confirmation, can you help me?",PAYMENT
"please, ask an agent to update my shipping address",SHIPPING
"my account's been hacked, can I get it back?",ACCOUNT
"the game was cancelled, what should i do?",REFUNDS
how do I solve issues with my payment ?,PAYMENT
"I don't want my online account, what do I have to do to remove it?",ACCOUNT
"the event was postponed, what do I have to do to get a refund?",REFUNDS
"I lost my bills, how can I view them?",INVOICES
"I loxt my bills, what do I have to do to see them?",INVOICES
can you tell me if I can create two online accounts with a single email?,ACCOUNT
"I don't want my usaer account, what should I do to remove it?",ACCOUNT
what's the email of Customer Support?,CONTACT
"I can't find ny nills, can you check them?",INVOICES
"I can't understand you , help me contact a human",CONTACT
"I get an error message when I attempt to make a payment for my order, what do I have to do?",PAYMENT
ask an agent what the free number of client service is,CONTACT
ask an agent where to check the cancellation penalty,CANCELLATION_FEE
"I have a problem paying, how do I report it?",PAYMENT
"i lost my invoice, view it",INVOICES
"i purchased something, how do I modify my purchase?",ORDER
"I haven't got an account, can I open one?",ACCOUNT
how do i report problems making a payment?,PAYMENT
what can you tell me about getting sme invoices?,INVOICES
"the concert was postponed, what do i have to do to obtain a refund?",REFUNDS
I would like to check my packages,ORDER
"I would like information, could you send an email to Customer Support, please?",CONTACT
"I want to use my other profile, help me change them",ACCOUNT
I had issues opening an account,ACCOUNT
"I purchased an item, how can I modify my order?",ORDER
"I need information , what can I do to send an email to Customer Support?",CONTACT
"i havent got an account, can i create one?",ACCOUNT
where do I track my shipment?,ORDER
could u ask an agent where to delete my fucking account?,ACCOUNT
can you tell me how I can request some bills ?,INVOICES
"i got an error when i attempted to make a payment, but my card was charged anyway, can u inform of it?",PAYMENT
can I esnd an email to Client Service?,CONTACT
"my user account's been hacked, what can I do to get it back?",ACCOUNT
"i have an issue when trying to make a payment, what do i have to do to report it?",PAYMENT
show me the email address to contact Customer Service,CONTACT
tell me how to get some bills,INVOICES
"my online account has been hacked, how could I recover it?",ACCOUNT
"can you ask an agent to check my fucking packages, please?",ORDER
"I need information, help me talk to Client Service",CONTACT
"i wanna remove my account, how can i do it?",ACCOUNT
can u ask an agent what the number of customer support is?,CONTACT
can u ask an agent what the mail of the Customer Support?,CONTACT
"I'm discontent with the service, how can I file a consumer complaint?",FEEDBACK
"i can't find my invoices, what do i have to do to check them?",INVOICES
"I would like to notify an issue paying, could you help me?",PAYMENT
"I got an error message when I attempted to pay, but I was charged anyway, can I inform of it?",PAYMENT
"the gvame was postponed, can I request arefund?",REFUNDS
"I can't remember my account password, what should I do to retrieve it?",ACCOUNT
"i dont want my fucking account, how can i delete it?",ACCOUNT
"I need an account , what can I do to create one?",ACCOUNT
"lpease, can u find information about the options for delivery?",DELIVERY
I have no user account,ACCOUNT
"I don't have a user account, what should I do to create one?",ACCOUNT
I want to know if I can register two profiles with a single email address,ACCOUNT
i wanna get information about changing my purchase,ORDER
I don't want my profile and I want to cancel it,ACCOUNT
do you have a newsletter I can subscribe to?,NEWSLETTER
help me check the delivery options,DELIVERY
can you show me the email address of Customer Service?,CONTACT
"I want to view my bill, what should I do ?",INVOICES
"i am happy with the service, i need help lodging a comment",FEEDBACK
"can you ask an agent if I can inform of payment problems, please?",PAYMENT
"I get an error message when I try to make a payment for my online order, can you help me?",PAYMENT
"I don't want my user account, could I close it?",ACCOUNT
"I got an error message when I attempted to pay, but my card was charged anyway, how do I report it?",PAYMENT
can I edit the information on my profile?,ACCOUNT
tell me if I can have several online accounts,ACCOUNT
i have a problem making a payment with card and i want to notify it,PAYMENT
"I want a refund, how do I obtain one?",REFUNDS
"my online account was hacked, recover it",ACCOUNT
"i got an error message when i tried to make a payment, but i was charged anyway, help me notify it",PAYMENT
"im interested in your reimbursement policy, tell me about it",REFUNDS
i want to know if i could register two profiles with a single email address,ACCOUNT
help me see the options for ticket delivery,DELIVERY
"you aren't helping, how do I contact someone?",CONTACT
I didn't receive my invoices and I want to view them,INVOICES
"please, can you ask an agent how I can report issues with my payment?",PAYMENT
"can you ask an agent how I can view the cancellation fees, please?",CANCELLATION_FEE
I wanna know how to modify my purchase,ORDER
where can I check my bill?,INVOICES
"i need information, how do i speai with customer service?",CONTACT
"the event was postponed, can I get a refund?",REFUNDS
i want to know where todownload an invoie,INVOICES
"I can't understand you, can you contact a person?",CONTACT
I need help getting a bill,INVOICES
can u ask an agent where to report an issue paying?,PAYMENT
can you tell me if I can get a biol?,INVOICES
"i didn't reveive my invoices, what do i have to do to check them?",INVOICES
"I got an error when I attempted to make a payment, but I was charged anyway, what can I do?",PAYMENT
tell me if I can register two online accounts with the same email address,ACCOUNT
is there a free no to contact Customer Service?,CONTACT
I purchased a product and I want to change my purchase,ORDER
"i changed my mind, how do i delete my profile?",ACCOUNT
can you show me the options for ticket delivery?,DELIVERY
"I didn't receive my bill, can you view it?",INVOICES
i wanna view the cancellation fee,CANCELLATION_FEE
"I'm happy with the service, how do I submit a comment?",FEEDBACK
can u ask an agent how to track my package?,ORDER
"I want to track my rder, canyou tell me how I can do it?",ORDER
can you find information about the mail address of the Customer Support?,CONTACT
information about your payment methods,PAYMENT
can you tell me how fast I can expect my ticket to arrive?,DELIVERY
i wanna know if i can register several profiles with the same email,ACCOUNT
"I want to see your payment methods, what do I have to do?",PAYMENT
i have a problem paying with card and i wanna inform of it,PAYMENT
how to inform of problems with my payment,PAYMENT
I get an error when I try to pay,PAYMENT
"I got an error message when I attempted to make a payment, but my card was charged anyway, can you report it?",PAYMENT
"I can't find my invoices, ohw can I see them?",INVOICES
I have an issue when trying to pay for my order and I want to report it,PAYMENT
ask an agent to lodge a consumer complaint for a service,FEEDBACK
i can't find my invoices and i wanna view them,INVOICES
"I don't want my online account, I need help deleting it",ACCOUNT
"I changed my mind, what should I do to cancel my online account?",ACCOUNT
where toobtain a refund,REFUNDS
"I can't find my bill, how can I view it?",INVOICES
I wanna ask for information about changing my order,ORDER
"someone stole my fucking account password, reset it",ACCOUNT
"please, can u ask an agent where to inform of a payment issue?",PAYMENT
can u ask an agent to show me information about my invoice?,INVOICES
can you speakwith a human?,CONTACT
I lost my bill and I want to check it,INVOICES
how can I open a user account?,ACCOUNT
"I get an error when I try to pay, what should I do?",PAYMENT
can u ask an agernt to create a user account?,ACCOUNT
"i have a problem paying, i need help informing of it",PAYMENT
can I talk to Client Service?,CONTACT
"my profile was hacked, how do I recover it?",ACCOUNT
ask an agent how i can register,ACCOUNT
"I've got no user account, help me open one",ACCOUNT
"I got an error when I attempted to make a payment, but I was charged anyway, notify it",PAYMENT
where could I inform of issues with my payment?,PAYMENT
"i want to file a comment for a service, what can i do?",FEEDBACK
can I view the status of my reimbursement?,REFUNDS
I want to know where I can get an invoice,INVOICES
i havent got a user account and i wanna open one,ACCOUNT
"im happy with the service, i need help submitting a comment",FEEDBACK
"i have a problem when trying to pay for my online order, inform of it",PAYMENT
where do I create a profile?,ACCOUNT
"i dnt understand you, speak with a human agent",CONTACT
"I want to retrieve my password, can you help me?",ACCOUNT
I haven't got an account and I want to create one,ACCOUNT
where do I viwe the status of my purchase?,ORDER
I need help tracking ym redfund,REFUNDS
can u show me the email address to contact customer service?,CONTACT
"I have a problem paying for my online order, can you notify it?",PAYMENT
where to report a problem paying,PAYMENT
"could you ask an agent where I can report issues making a payment, please?",PAYMENT
i need information about the mail of the Customer Service,CONTACT
I wanna know where I can check my deliveries,ORDER
where can I make a consumer complaint?,FEEDBACK
I don't understand you and I want to contact a human agent,CONTACT
"I purchased something, how do I change my order?",ORDER
"I made an mistake, how do I chnage my purchase?",ORDER
can u ask an agent if i can file a consumer complaint for a service?,FEEDBACK
"I didn't receive my invoice, show it",INVOICES
"I want to see an invoice , can you tell me where I can do it?",INVOICES
"I lost my bills, what should I do to see them?",INVOICES
"help me notify issues paying, please",PAYMENT
"I'm happy with the service, can I make a comment?",FEEDBACK
"ask an agent where i can check the options for delivery, please",DELIVERY
can you find information about your reimbursement policy?,REFUNDS
could u ask an agent where i can inform of fucking issues making a payment?,PAYMENT
"Id like to download an invoice, could you tell me how I can do it?",INVOICES
"an error pops when i try to pay, what should i do?",PAYMENT
i have a question and i want to send an email to customer service,CONTACT
"I want to obtain an invoice, tell me how I can do it",INVOICES
"im discontent with the service, how do i lodge a consumer complaint?",FEEDBACK
"id like to check the cancellation penalty, what do i have to do?",CANCELLATION_FEE
"I want to obtain a bill, tell me how I can do it",INVOICES
"I want information, can you speak with Customer Service, please?",CONTACT
can I register more than one online account with the same email address?,ACCOUNT
i wanna know how I can see some bills,INVOICES
"I'm not happy with the service, how can I submit a consumer complaint?",FEEDBACK
"I want to track my purchase, can you help me?",ORDER
what information do you have about modifying my order?,ORDER
"ask an agent what the fucking phone number of Customer Service is, please",CONTACT
"could you ask an agent if I could report a fucking payment issue, please?",PAYMENT
how can i view my invoice?,INVOICES
has my refund been processed?,REFUNDS
"I got an error when I attempted to pay, but my card was charged anyway, how do I inform of it?",PAYMENT
"I don't understand you, what do I have to do to speak with someone?",CONTACT
"i have a problem when trying to pay, can u inform of it?",PAYMENT
where to check the status of my order,ORDER
"I bought an item, what can I do to change my purchase?",ORDER
I'm discontent with the service and I want to make a consumer complaint,FEEDBACK
"I lost my bills, can you check them?",INVOICES
"i wanna know if i could modify my order, please",ORDER
I wanna know where to check my orders,ORDER
"i have an issue when trying to make a payment, i need help notifying it",PAYMENT
"I want to see a bill, can you tell me where I can do it, please?",INVOICES
ask an agent how i can view my invoices,INVOICES
"I want to create a profile, what can I do?",ACCOUNT
"I bought something, what do I have to do to change my purchase?",ORDER
i want to know if i can pay with credit card,PAYMENT
how to solve issues with my payment,PAYMENT
"I want to use my other account, I need help changing them",ACCOUNT
"I want to see some bills, can you tell me how I can do it?",INVOICES
I'd like to leave a comment for a service,FEEDBACK
"your not helping, what do I have to do to speak with someone?",CONTACT
"could you ask an agent to provide information about my bills, please ?",INVOICES
"i wanna know if i could register several profiles with a single email address , please",ACCOUNT
"i have a queestion, help me contact customer service",CONTACT
"I got an error message when I attempted to make a payment, but I was charged anyway, help me notify it",PAYMENT
"i dont like the service, can i lodge a complaint?",FEEDBACK
"i have a question, could i speak with fucking customer support, please?",CONTACT
I want to tack my orders,ORDER
"I got an error message when I tried to pay, but I was charged anyway, how can I notify it?",PAYMENT
"I want an account, can I open one?",ACCOUNT
can u as an agent where to obtain an invoice?,INVOICES
"I have a problem making a paymemt, help me notify it",PAYMENT
"I want to lodge a comment for a service, what do I have to do?",FEEDBACK
help me remove my account,ACCOUNT
"can you ask an agent ohw to get a fucking invoice, please?",INVOICES
"the event was cancelled, what should I do go get a refund?",REFUNDS
"I don't have a user account, what should I do to opn one?",ACCOUNT
show me the free number to contact client service,CONTACT
"I forgot my account password, how can I retrieve it?",ACCOUNT
could you ask an agent if I could speak with Client eSrvice?,CONTACT
"my profile was hacked, what can i do?",ACCOUNT
I need help changing to another online account,ACCOUNT
can I register more than one profile with the same email address?,ACCOUNT
whats the number to contact Customer Service?,CONTACT
"ask an agent to speak with customer support,please",CONTACT
"I want to check my invoice, what do I have to do?",INVOICES
"I want to use my other account, how do I change them?",ACCOUNT
"I want to file a review, can you help me?",FEEDBACK
"I want to obtain a bill, can you tell me where to do it?",INVOICES
"I got an error when I tried to pay, but I was charged anyway and I want to notify it",PAYMENT
"you're not helping, what can I do to talk to a human agent?",CONTACT
can tou tell me where to download a bill?,INVOICES
i need help reporting an issue making a payment,PAYMENT
"I want to solve a payment problem, what should I do?",PAYMENT
"i dont like the service, submit a consumer complaint, please",FEEDBACK
"I have a problem when trying to make a payment, how can I notify it?",PAYMENT
"I need information, can I speak with Client Service?",CONTACT
"please, ask an agent to solve an issue with my payment",PAYMENT
could you track my package?,ORDER
"I'm happy with the service, what should I do to submit a comment?",FEEDBACK
"i have a problem when trying to pay for my online order, what should i do to inform of it?",PAYMENT
"I have an issue paying with card, how can I notify it?",PAYMENT
"I got an error when I attempted to pay, but my card was charged anyway, what can I do to inform of it?",PAYMENT
"I got an error when I attempted to make a payment, but I was charged anyway, what can I do to inform of it?",PAYMENT
"I have no online account, help me create one",ACCOUNT
how to view the options for ticket delivery,DELIVERY
I wanna request information about seeing some bills,INVOICES
show me the mail to contact Custome Support,CONTACT
can you tell me the free phone number to contact Customer Sevrice?,CONTACT
can u ask an agent where to close my online account?,ACCOUNT
"I got an error message when I attempted to make a payment, but I was charged anyway, what should I do to report it?",PAYMENT
"I have a issue when trying to pay with card, help me notify it",PAYMENT
tell me if I can register more than one account with a single email address,ACCOUNT
"I forgot my password, what can I do to reset it?",ACCOUNT
"i dont understand you, can i talk to a human agent?",CONTACT
my fucking user account was hacked and i want to recover it,ACCOUNT
can you show me information about the cancellation penalty?,CANCELLATION_FEE
ask an agent if there is a free number to contact customer support,CONTACT
"the event was postponed, what should I do to obtain a reimbursement?",REFUNDS
could you ask an agent how I can retrieve my password?,ACCOUNT
how can I obtain an invoice?,INVOICES
I want to knpw how soon I can expect my ticket,DELIVERY
"i need information, speak with client service",CONTACT
"i want to notify an issue paying, what do i have to do?",PAYMENT
"an error message pops when I try to make a payment for my order, what can I do?",PAYMENT
request an invoice,INVOICES
how can I register?,ACCOUNT
ive got no account and i want to create one,ACCOUNT
could u ask an agent what the mail address of the Customer Service?,CONTACT
i am happy with the service and i wanna lodge an opinion,FEEDBACK
i want information and i want to talk to customer service,CONTACT
"I want to see the status of my reimbursement, what do I have to do?",REFUNDS
could you ask an agent if I could change to another account?,ACCOUNT
i want to know if i can create more than one profile with the same email,ACCOUNT
"I forgot my account password, can you recover it?",ACCOUNT
"I got an error message when I attempted to pay, but my card was charged anyway, can I inform of it?",PAYMENT
what can you tell me about modifying my order?,ORDER
"please, can you ask an agent where to check my delivery?",ORDER
I want to know if I can check my shipment,ORDER
"I got an error when I tried to make a payment, but my card was charged anyway, what should I do to notify it?",PAYMENT
"I want to file a complaint for a service, can you help me?",FEEDBACK
"I'm happy with the service, what can I do to lodge a review?",FEEDBACK
ask an agent to report a payment problem,PAYMENT
I want to know where I can track my packages,ORDER
"id like an account, create one, please",ACCOUNT
"my profile's been hacked, what should I do to recover it?",ACCOUNT
"i forgot my account password, can i recover it?",ACCOUNT
how do I notify problems with my payment?,PAYMENT
what's the free phone no to contact Customer Support?,CONTACT
I don't want my account and I want to remove it,ACCOUNT
can you tell me what the email of the Customer Support is?,CONTACT
help me check the status of my refund,REFUNDS
I changed my mind and I want to close my profile,ACCOUNT
"help me notify a fucking problem making a payment, please",PAYMENT
"id like to ask for information about changing my purchase, please",ORDER
can you tell me how to get some invoices?,INVOICES
"can u ask an agent whats the status of my oeder, please?",ORDER
"can you ask an agent how I can request a fucking reimbursement, please?",REFUNDS
ive got no user account and i wanna register,ACCOUNT
I'm interested in your money back guarantee,REFUNDS
"the concert was cancelled, what should I do to get a refund?",REFUNDS
I can't understand you and I want to speak with someone,CONTACT
can I own several online accounts?,ACCOUNT
"I want to use my other profile, how can I change them?",ACCOUNT
"ive got no online account, how can i open one?",ACCOUNT
"I want to request a bill, can you show me some information?",INVOICES
I'm having issues creating a profile,ACCOUNT
"I want a reimbursement, what should I do to request on?",REFUNDS
"I've got no online account, what can I do to open one?",ACCOUNT
"I need information, I need help calling Customer Support",CONTACT
"i wanna see the fucking status of my refund, what can i do?",REFUNDS
ask an agent fi I get an full refund in case I cancel my ticket,REFUNDS
"I bought something, what do I have to do to modify my fucking order?",ORDER
can you tell me how to request some invoices?,INVOICES
"please, could you show me the fucking phone number of Customer Service?",CONTACT
I've got no online account and I want to register,ACCOUNT
ask an agent to find information about the delivery options,DELIVERY
"I have a problem when trying to pay for my online order, can you help me?",PAYMENT
"I've got no profile, what should I do to create one?",ACCOUNT
I want to get information about getting a bill,INVOICES
"i got an error message when i tried to make a payment, but my card was charged anyway, how can i notify it?",PAYMENT
o want to contact a human,CONTACT
help me report issues with my payment,PAYMENT
tell me how I can receive the newsletter,NEWSLETTER
"someone stole my account password, reset it",ACCOUNT
"I got an error when I tried to pay, but my card was charged anyway",PAYMENT
can you ask an agent if I could download a fucking bill?,INVOICES
"ask an agent where I can see the fucking options for ticket delivery, please",DELIVERY
"I want to obtain a reimbursement, what do I have to do?",REFUNDS
I need help speaking with fucking Customer Support,CONTACT
can you tell me the email address to contact Customer Service?,CONTACT
how doI speak with someone?,CONTACT
"i have an issue paying for my online order, how do i report it?",PAYMENT
"I changed my mind, I need help deleting my account",ACCOUNT
where can I inform of issues with my payment?,PAYMENT
"I'm happy with the service, how can I make a review?",FEEDBACK
are my orders on their way?,ORDER
I need help writing a review,FEEDBACK
"i want to track my order, what should i do?",ORDER
"the payment won't go through, what should I do?",PAYMENT
"i need a reimbursement, how can i obtain one?",REFUNDS
"I got an error message when I attempted to pay, but I was charged anyway, help me inform of it",PAYMENT
I've got no user account,ACCOUNT
could you ask an agent where to inform of fucking problems with my payment?,PAYMENT
"I got an error when I tried to make a payment, but my card was charged anyway, what do I have to do to notify it?",PAYMENT
"I have a problem paying, can you notify it?",PAYMENT
"i need information, talk to customer support, please",CONTACT
"i have a question, can u speak with client service, please?",CONTACT
I want information about the options for ticket delivery,DELIVERY
"I need information, what can I do to send an email to Customer Service?",CONTACT
how can I download an nivoice?,INVOICES
"i wanna see your reimbursement policy, what should i do?",REFUNDS
"I need a user account, can I open one?",ACCOUNT
i need help requesting an refund,REFUNDS
"you arent helping, what should i do to speak with a human?",CONTACT
"I can't understand you, contact a human agent",CONTACT
"I don't want my account, I need help canceling it, please",ACCOUNT
I had problems when trying to create a profile,ACCOUNT
"i have a problem when trying to make a payment, what can i do?",PAYMENT
"my profile's been hacked, i need help recovering it",ACCOUNT
i wanna see the number to contact client service,CONTACT
"youre not helping, how can i contact a human agent?",CONTACT
can I write a comment for a service?,FEEDBACK
I wanna know how to see some invoices,INVOICES
"the game was postponed, what should i do to request a reimbursement?",REFUNDS
"I want information, help me contact Customer Service",CONTACT
ask an agent how I can request somebills,INVOICES
"I'm happy with the service, file a comment",FEEDBACK
"my fucking online account's been hacked and i wanna get it back, please",ACCOUNT
"i have a problem when trying to make a payment, inform of it",PAYMENT
"please, ask an agent how I can notify payment problems",PAYMENT
"I made a mistake, what do I have to do to change my purchase?",ORDER
ask an agent where i can register,ACCOUNT
"I lost my bills, I need help viewing them",INVOICES
"I'm happy with the service, what should I do to file a comment?",FEEDBACK
"you're not helping, can I talk to a human?",CONTACT
I would like to contact Customer Support,CONTACT
"ask an agent if i can edit my shipping address, please",SHIPPING
tell me what the number to contact Client Service is,CONTACT
tell me how I can change my order,ORDER
where do I get a refund?,REFUNDS
"I got no payment validation, what should I do?",PAYMENT
"I got an error when I attempted to pay, but my card was charged anyway, what shouldI do to notify it?",PAYMENT
"I want to modify my purchase, can you give me some information?",ORDER
"ask an agent where i could check the options for delivery , please",DELIVERY
can I make a payment with Visa?,PAYMENT
"I can't find my invoice, how can I check it?",INVOICES
ask an agent how i can file a consumer complaint for a service,FEEDBACK
"my profile has been hacked, how can i recover it?",ACCOUNT
"I get an error message qhen I try to pay with card, what can I do?",PAYMENT
"I want to check the status of my refund, what can I do?",REFUNDS
ask an agent where to see their payment methods,PAYMENT
"my online account's been hacked, recover it",ACCOUNT
"I need information, how can I call Customer Support?",CONTACT
"you arent helping, what do i ave to do tro talk to a human?",CONTACT
where do I switch to another profile?,ACCOUNT
I ordered a product and I want to change my purchase,ORDER
"I can't understand you, what should I do to speak with someone?",CONTACT
"I need help checking your fucking payment methods, please",PAYMENT
"I got an error message when I tried to pay, but my card was charged anyway, how do I notify it?",PAYMENT
"I purchased a product, I need help modifying my order",ORDER
"could you ask an agent how I can request some bills, please?",INVOICES
"i wanna check the status of my reimbursement, can u help me?",REFUNDS
"I want to notify a problem with my payment, can you help me?",PAYMENT
"can you tell me if I can track my shipment, please?",ORDER
where to notify a payment problem,PAYMENT
i wqnna switch to another user account,ACCOUNT
"i purchased an item, can I modify my fucking purchase, please?",ORDER
information about downloading an invoice,INVOICES
"i need a refund, what do i have to do to obtain one?",REFUNDS
"the game was postponed, what do I have to do?",REFUNDS
"can u ask an agent if there is a free phone number to contact customer support, please?",CONTACT
"please, could you tell me if I can modify my order?",ORDER
"could you ask an agent fi I can solv a problem with my payment, please?",PAYMENT
"i want to file a comment, could u help me?",FEEDBACK
can i register two profiles with the same email address?,ACCOUNT
"I'm not happy with the service, I need help lodging a complaint",FEEDBACK
"im happy with the service, what do i have to do to lodge a comment?",FEEDBACK
where to notify payment issues,PAYMENT
"I want to solve a problem paying, what do I have to do?",PAYMENT
"please, ask an agent if i could notify problems paying",PAYMENT
"I haven't got an profile, what can I do to create one?",ACCOUNT
"ive got no user account, what should i do to register?",ACCOUNT
"the concert was postponed, what should i do to request a reimbursement?",REFUNDS
where do I notify a problem with my payment?,PAYMENT
"I don't like the service, I need help lodging a consumer complaint",FEEDBACK
"please, ask an agent if i could lodge a consumer complaint",FEEDBACK
"I can't find my invoice, what should I do to check it?",INVOICES
I'm having an issue with the registration,ACCOUNT
"I am interested in your fucking reimbursement policy, tell me about it",REFUNDS
ask an agent where to notify problems with my payment,PAYMENT
"you aren't helping, can you talk to someone?",CONTACT
I'm happy with the service and I want to file an opinion,FEEDBACK
I want to know what the free phone number to contact Customer Support is,CONTACT
"the event was cancelled, how can i get a refund?",REFUNDS
an error messagd pops when I attempt to pay with card,PAYMENT
I wanna know where I can get a bill,INVOICES
"i want to see your money back policy, can u help me?",REFUNDS
where can i view your refund policy?,REFUNDS
"the event was postponed, what do I have to do to obtain a refund?",REFUNDS
tell me how to know where my shipments are,ORDER
"I ordered something, how can I change my purchase?",ORDER
"i have an issue making a payment with card, what can i do to inform of it?",PAYMENT
"I'd like information, could you talk to Customer Service, please?",CONTACT
where to view my bill,INVOICES
"please, can you tell me if I can create several accounts with the same email?",ACCOUNT
"I got an error message when I tried to pay, but I was charged anyway, report it",PAYMENT
help me track my order,ORDER
"I changed my mind, delete my account",ACCOUNT
"I don't like the service, what do I have to do to make a consumer complaint?",FEEDBACK
can u ask an agent how to see their payment methods?,PAYMENT
"could you ask an agent if i could track my package, please?",ORDER
tell me were my order is,ORDER
can I solve a problem paying?,PAYMENT
help me check my delivery,ORDER
how do I view the cancellation fees?,CANCELLATION_FEE
information about the mail of the Customer Service,CONTACT
I had an issue with the registration,ACCOUNT
where ca i see the status of my order?,ORDER
I changed my mind and I want to delete my profile,ACCOUNT
"i dont have a shipping address, help me set one up",SHIPPING
"I didn't receive my invoices, how can I see them?",INVOICES
"i ordered an item, i need help modifying my purchase",ORDER
"an error message pops when I attempt to make a payment for my order, what sould I do?",PAYMENT
"im discontent with the service, help me file a consumer complaint",FEEDBACK
can u show me the mail address to contact customer service?,CONTACT
"i want to view the ticket delivery options, what should i do?",DELIVERY
"i got an error when i tried to make a payment, but i was charged anyway, help me notify it",PAYMENT
"I have a problem when trying to pay, what should I do to report it?",PAYMENT
can u ask an agent where to see their payment methods?,PAYMENT
"I have an issue when trying to pay for my online order, can you inform of it ?",PAYMENT
tell me if I can create several profiles with the same eemail,ACCOUNT
can you tell me the email address to contact customer support?,CONTACT
where to track my packages,ORDER
"I want to report a problem paying, can you help me?",PAYMENT
how do I view the options for delivery?,DELIVERY
"I want to report an issue with my payment, what can I do?",PAYMENT
"I would like information about the mail address of the Client Service, please",CONTACT
I want to know how long refunds take,REFUNDS
where to see the delivery options,DELIVERY
I need help checking the cancellation penalty,CANCELLATION_FEE
"i have no shipping address, what do i have to do to set it up?",SHIPPING
I don't know anything about your money back guarantee,REFUNDS
I want to know what the email to contact Customer Support is,CONTACT
"I have a question, can I call Client Service?",CONTACT
"I'm happy with the service, how do I file a review?",FEEDBACK
"I purchassed osmething, how can i modify my order?",ORDER
can you telol me if I can register two online accounts with the same email address?,ACCOUNT
i wanna leave a comment for a service,FEEDBACK
"i am happy with the service, can i file a review?",FEEDBACK
how do I speak with a human?,CONTACT
"I got an error message when I tried to pay, but my card was charged anyway, how can I report it?",PAYMENT
I get an error when I try to pay with card,PAYMENT
is there a newsletter I can receive?,NEWSLETTER
"u are not helping, what can i do to talk to a person?",CONTACT
"I want to notify a payment issue, what do I have to do?",PAYMENT
tell me what the email to contact Customer Service is,CONTACT
"I want to get an invoice, can you give me some information?",INVOICES
"I want to modify my purchase, can you tell me where I can do it?",ORDER
could you ask an agent about the cancellation fee?,CANCELLATION_FEE
can you ask an agent how I can track my orders?,ORDER
can u give me information about the cancelation penaltes?,CANCELLATION_FEE
i want to call client service,CONTACT
I want to know if i can change my order,ORDER
"youre not helping, what should i do to speak with someone?",CONTACT
I want to obtain a reimbursement,REFUNDS
I want information and I want to speak with Customer Service,CONTACT
can u ask an agent how o track my order?,ORDER
I want to know what the phone number to contact Customer Service is,CONTACT
how can I delete my profile?,ACCOUNT
"I bought an item, help me change my purchase, please",ORDER
show me the mail of Client Service,CONTACT
"i dont understand you, help me talk to fucking someone, please",CONTACT
can you tell me what the number to contact Client Service is?,CONTACT
"i need a refund, can i request one?",REFUNDS
can you ask an agent if i can request some bills?,INVOICES
tell me where I can subscribe to the newsletter,NEWSLETTER
"i lost my bill, can i see it?",INVOICES
"I want to solve an issue paying, can you help me?",PAYMENT
can you show me the email address to contact Customer Support?,CONTACT
"I got an error when I attempted to pay, but I was charged anyway, what should I do to notify it?",PAYMENT
ask an agent where I could check the status of my refund,REFUNDS
I need information about the email of the Client Service,CONTACT
"my online account was hacked, can I get it back?",ACCOUNT
tell me if I can obtain some invoices,INVOICES
where do I check my package?,ORDER
could you tell me if there is any human available?,CONTACT
my online account's been hacked and I want to get it back,ACCOUNT
"i wanna download an invoice, tell me where to do it",INVOICES
"I need an refund, what do I have to do toobtain one?",REFUNDS
"you arent helping, how do i speak with a human agent?",CONTACT
"I have a problem when trying to pay for my order, what should I do to inform of it?",PAYMENT
how can I view the status of my order?,ORDER
"ask an agent how i can report an issue sith my payment, please",PAYMENT
"I want to track my shipment, tell me where to do it",ORDER
can you tell me how I can request an invoice?,INVOICES
"I haven't got a user account, I need help opening one",ACCOUNT
I need help updating the information on my profile,ACCOUNT
where do I change to another profile?,ACCOUNT
"the concert was postponed, what do I havbe to do to get a refund?",REFUNDS
i want to know if there's a newsletter i can receive,NEWSLETTER
"I have no account, I need help creating one",ACCOUNT
where to make changes to my shipping address,SHIPPING
can you tell me where to see an invoice?,INVOICES
"I got an error message when I tried to pay, but my card was charged anyway, what can I do to inform of it?",PAYMENT
"i ordered an item, what do I have to do to modify my order?",ORDER
can u ask an agent where i can report a problem paying?,PAYMENT
I want to use my other user account,ACCOUNT
I've got no user account and I want to register,ACCOUNT
"I have an issue paying, how do I notify it?",PAYMENT
"I want to change my purchase, can you tell me how to do it?",ORDER
"the event was cancelled, what can I do to request a refund?",REFUNDS
show me the mail address to contact Customer Service,CONTACT
what information do you have about subscribing to the newsletter ?,NEWSLETTER
"do you mind asking an agent if I could obtain some bills, please?",INVOICES
"I can't remember my account password, how do I reset it?",ACCOUNT
i wanna see the email of customer service,CONTACT
"I don't understand you, I need help contacting a person",CONTACT
ask an agent where i can inform of an issue with my payment,PAYMENT
"please, could you tell me the phone number of Customer Support?",CONTACT
I'd like a fucking user account and I want to create one,ACCOUNT
I want to see the free number of Customer Support,CONTACT
can you tell me if I can check my order?,ORDER
"I can't remember my account password, what should I do?",ACCOUNT
"could you ask an agent for information about getting some invoices, please?",INVOICES
"I didn't get a payment confirmation, what should I do?",PAYMENT
"i purchased something, what do i have to dl to modify my purchase?",ORDER
"i need a refund, help me request one",REFUNDS
i want to solve fucking problems paying,PAYMENT
can u ask an agent how I can know where my orders are?,ORDER
how can I modify my shipping address?,SHIPPING
"I want to report an issue paying, what can I do?",PAYMENT
"you're not helping, can I contact someone?",CONTACT
"i want information, what should i do to call customer service?",CONTACT
i wanna get information about seeing a bill,INVOICES
"I want to see a invoice, tell me how I can do it",INVOICES
can u ask an agent if I can check my orders?,ORDER
how to contact customer service,CONTACT
tell me where to check my delivery,ORDER
how do I see the ticket delivery options?,DELIVERY
the event was postponed and i wanna request a refund,REFUNDS
the game was cancelled and i wanna obtain a reimbursement,REFUNDS
where to inform of a problem paying,PAYMENT
ask an agent how I can obtain some bills,INVOICES
"I got an error message when I attempted to pay, but my card was charged anyway, can you help me?",PAYMENT
I wanna know how I can know where my deliveries are,ORDER
"I lost my account password, what can I do to retrieve it?",ACCOUNT
i changed my mind and i wanna remove my profile,ACCOUNT
I want to know how to track my shipment,ORDER
how do I contact a human?,CONTACT
I want information about requesting some invoices,INVOICES
"I have a problem paying with card, can I report it?",PAYMENT
"I purchased something, I need help modifying my purchase",ORDER
can i create two user accounts with the same email?,ACCOUNT
"i lost my password, what can i do?",ACCOUNT
"I changed my mind, can I remove my profile?",ACCOUNT
can you tell me if my shipment is on its way?,ORDER
where to inform of an issue with my payment,PAYMENT
"I don't want my profile, how do I remove it?",ACCOUNT
ohw do I view your money back policy ?,REFUNDS
"I want information, help me talk to Client Service",CONTACT
I want to request information about downloading somefucking bills,INVOICES
is it possible to see some invoices?,INVOICES
i want information and i wanna call client service,CONTACT
"the game was postponed, what can I do?",REFUNDS
I want to notify issues with my payment,PAYMENT
I want information about downloading a bill,INVOICES
i wanna change to another user account,ACCOUNT
"you arent helping, can u speak with a human?",CONTACT
"i need information, how do i talk to customer support?",CONTACT
I want to see the free number to contact Customer Service,CONTACT
"please, i would like to get information about downloading a fucking bill",INVOICES
"I don't have an online account, what do I have to do to register?",ACCOUNT
how to see your money back policy,REFUNDS
"I get an error message when I try to make a payment with card, can you help me?",PAYMENT
I want to see the delivery options,DELIVERY
"I don't like the service, how can I lodge a consumer complaint?",FEEDBACK
ask an agent to reset my account password,ACCOUNT
I want to see the phone number to contact Client Service,CONTACT
I want an account and I want to open one,ACCOUNT
"I have a problem making a payment, inform of it, please",PAYMENT
can I report issues paiyng?,PAYMENT
"i got an error when i attempted to make a payment, but my card was charged anyway, what should i do to inform of it?",PAYMENT
how to notify a paymnet problem,PAYMENT
i would like to get information about subscribing to the fucking newsletter,NEWSLETTER
I had a problem whlie creating a profile,ACCOUNT
"I want to inform of an issue paying, can you help me?",PAYMENT
"i want to report a problem paying, can u help me?",PAYMENT
tell me if I can register two profiles with the same email address,ACCOUNT
"you aren't helping, how do I speak with a human ?",CONTACT
"I got an error message when I attempted to pay, but I was charged anyway, notify it",PAYMENT
"I got an error message when I tried to pay, but I was charged anyway, help me inform of it",PAYMENT
"I want to make a review, what can I do?",FEEDBACK
"could you ask an agent to edit the information on my profile, please?",ACCOUNT
"please, could you ask an agent how I could view my fucking bill?",INVOICES
"I changed my mind, cancle my user account",ACCOUNT
how to speak with a fucking human agent,CONTACT
I want to know what the frere number of Customer Service is,CONTACT
"I ordered an item, how can i modify my order?",ORDER
"you arent helping, help me contact a human agent",CONTACT
I'm interested in your refund policy and I wantinformation about it,REFUNDS
"I'm discontent with the service, can you file a fucking complaint, please?",FEEDBACK
how to set up my shipping address,SHIPPING
check the cancellation penalty,CANCELLATION_FEE
where do I lodge a consumer complaint?,FEEDBACK
"an error message pops when I try to pay for my order, can you help me?",PAYMENT
i need heop checking the delivery options,DELIVERY
I wanna know how to obtain some invoices,INVOICES
"I've got no online account, register",ACCOUNT
where could I view your money back policy?,REFUNDS
i ordered a product and i would like to modify my order,ORDER
"the game was postponed, what do I have to do to request a reimbursement?",REFUNDS
tell me when my ticket will arrive,DELIVERY
can you tell me what the email of the Customer Service is?,CONTACT
I need help leaving an opinion for a esrvce,FEEDBACK
"could you tell me if my shipment is on its way, please ?",ORDER
I want to know if I can create more than one online account with a single email address,ACCOUNT
"I have a problem paying for my online order, how can I notify it?",PAYMENT
"I have an issue making a payment with card, what should I do to report it?",PAYMENT
ask an agent how to get a refund,REFUNDS
"im happy with the service, i need help maikng a comment",FEEDBACK
I have an issue ayign for my order,PAYMENT
"I want to get an invoice, can you tell mewhere to do it?",INVOICES
tell me if I can create more than one account with the same email address,ACCOUNT
"you're not helping, how do I talk to someone?",CONTACT
"i want to see the acncellation penalty, what should i do?",CANCELLATION_FEE
"I want to check my order, can you tell me how I can do it?",ORDER
I need help checking the status off my reimbursement,REFUNDS
where do I see the delivery optinos?,DELIVERY
can you give me information about the options for delivery?,DELIVERY
can you tell me how to check my delivery?,ORDER
"I have an issue paying for my online order, inform of it",PAYMENT
"i have a problem when trying to make a payment with card, can i notify it?",PAYMENT
i want to know how to nodify my order,ORDER
show me your paymebt methods,PAYMENT
could u ask an agent how i can check the ticket delivery options?,DELIVERY
"I want to see your refund policy, can you help me?",REFUNDS
can I contact Custoer Service?,CONTACT
"i got an error message when i tried to pay, but i was charged anyway, i need help notifying it",PAYMENT
where do i see the options for delivery?,DELIVERY
Iwant to know when my ticket will arrive,DELIVERY
what are the cancellation fees?,CANCELLATION_FEE
can u check my orders?,ORDER
"my user account was hacked, how do I get it back?",ACCOUNT
"i want to lodge a comment, can u help me?",FEEDBACK
"the concert was postponed, how do i request a refund?",REFUNDS
"ask an agent to notify a payment issue, please",PAYMENT
an error pops when I try to make an payment with card,PAYMENT
I need help seeing the options for delivery,DELIVERY
"please, can you ask an agent how to report issues with my payment?",PAYMENT
ask an agent how i can call customer support,CONTACT
help me check my packages,ORDER
"the concert was cancelled, what do i have to do to request a reimbursement?",REFUNDS
"I want to use my other user account, can I change them?",ACCOUNT
where to check the ticket delivery options,DELIVERY
"please, ask an agent how to remove my fucking account",ACCOUNT
can u ask an agent for information about their money back policy?,REFUNDS
"the concert was cancelled, request a refund, please",REFUNDS
what information can you tell me about seeing some bills?,INVOICES
"I have a problm when trying to pay with card, what can I do?",PAYMENT
how can I close my account?,ACCOUNT
"I'd like to report a problem paying, could you help me?",PAYMENT
"my account was hacked, get it back",ACCOUNT
"I'd like to file a fucking consumer complaint for a service, what should I do?",FEEDBACK
"I have an issue when trying to make a payment with card, what should I do?",PAYMENT
"I want to delete my online account, how can I do it?",ACCOUNT
"I want to get a reimbursement, what should I do?",REFUNDS
"I don't understand you, how can I speak with a human agent?",CONTACT
"the game was cancelled, could i obtain a reimbursement?",REFUNDS
ask an agent where to open a online account,ACCOUNT
how can I request an invoice?,INVOICES
can u ask an agent how to switch to another profile?,ACCOUNT
help me inform of payment issues,PAYMENT
help me receive a refund,REFUNDS
I want to see the mail to contact Customer Support,CONTACT
"my user account was hacked, how can I get it back?",ACCOUNT
I want information about downloading some invoices,INVOICES
"I made a mistake, how do I modify my order?",ORDER
"I got an error when I tried to pay, but I was charged anyway and I want to inform of it",PAYMENT
"the concert was canceloed, what should I do to get a reimbursement?",REFUNDS
"Igot an error when I tried to pay, but my card was charged anyway , what do I have to do to notify it?",PAYMENT
"my account's been hacked, what can I do?",ACCOUNT
help me update the information on my profile,ACCOUNT
"you aren't helping, talk to someone",CONTACT
can u ask an agent how to contact fucking customer service?,CONTACT
"I can't remember my account password, can you reset it?",ACCOUNT
I haven't got an account and I want to register,ACCOUNT
"can u ask an agent if i can inform of payment problems, please?",PAYMENT
tell me when my tickets are going to arrive,DELIVERY
"you arent helping, speak with a person",CONTACT
"I'm not happy with the service, lodge a complaint",FEEDBACK
"i wanna see some fucking bills, can you givge me some information?",INVOICES
"I forgot my password, can I reset it?",ACCOUNT
can i check my invoice?,INVOICES
"my profile was hacked, can I get it back?",ACCOUNT
"could you tell me the fucking no to contact client service, please?",CONTACT
"i got an error when i tried to make a payment, but i was charged anyway and i want to notify it, please",PAYMENT
"could you ask an agent how to solve fucking problems with my payment, please?",PAYMENT
how do i leave an opinion for a service?,FEEDBACK
can u ask an agent if i can request a bill?,INVOICES
where do i notify a payment problem?,PAYMENT
"I want to view your refund policy, can you help me ?",REFUNDS
whwre can i view my bills?,INVOICES
"i have a problem when trying to make a payment with card, what can i do?",PAYMENT
"i want to request a refund, what should i do?",REFUNDS
"please, tell me if I can register two online accounts with a single email",ACCOUNT
"I got an error message when I tried to make a payment, but my card was charged anyway, help me notify it",PAYMENT
"I changed my mind, I need help closing my online account",ACCOUNT
how can I change to another online account?,ACCOUNT
I want to speak with a human agent,CONTACT
where do i see your payment mehods?,PAYMENT
i wqant to get information about downloadeing a bill,INVOICES
"I have a problem paying with card, what do I have to do?",PAYMENT
i didn't receive my invoce and i wanna check it,INVOICES
"i want information , what do i have to do to contact customer support?",CONTACT
"I got an error message when I attempted to pay, but I was charged anyway, report it",PAYMENT
I need information about receiving the newsletter,NEWSLETTER
I want to track my shipment,ORDER
"i awnna inform of a payment issue, what should i do?",PAYMENT
"could u ask an agent if i could track my packages, please?",ORDER
"I want to see a bill, can you tell me where to do it?",INVOICES
"I would like to make a comment for a service, could you help me?",FEEDBACK
show me the email address of the Customer Service,CONTACT
"I'd like to see the status of my order, can you help me?",ORDER
"I get an error message when I attempt to make a payment, what can I do?",PAYMENT
"I have a question, speak with Customer Support",CONTACT
"the concert was cancelled, how can I get a reimbursement?",REFUNDS
"I can't find my bill, I need help viewing it",INVOICES
can you tell me if I can hav more than one accunt?,ACCOUNT
"i have a problem paying, help me inform of it",PAYMENT
ask an agent when my tickets are gonna to arrive,DELIVERY
where do I file a complaint for a service?,FEEDBACK
"I want to check my deliveries, tell me where to do it",ORDER
i didn't receive my bill and i wanna check it,INVOICES
how to check the options for ticket delivery,DELIVERY
"I have an issue making a payment with card, can you help me?",PAYMENT
were can i view the options for ticket deliery?,DELIVERY
"I didn't receive my invoice, help me see it",INVOICES
"ive got no online account, can i create one?",ACCOUNT
tell me how I can track my order,ORDER
"I want to recover my password, how can I do it?",ACCOUNT
"I don't have a shipping address, what can I do to set it up?",SHIPPING
"Idon't understand you, can I contact a human?",CONTACT
"please, could u ask an agent if my order is on its way?",ORDER
teol me what the hour of Customer Service are,CONTACT
"the event was postponed, can i get a reimbursement?",REFUNDS
can you show me the cancellation penalty?,CANCELLATION_FEE
"I changed my mind, help me close my account",ACCOUNT
information about the cancellation penalty,CANCELLATION_FEE
"I want an online account, open one",ACCOUNT
I want information about obtaining some invoices,INVOICES
"i want to lodge an opinion for a service, what should i do?",FEEDBACK
I need help refeiving the newsletter,NEWSLETTER
where can I get an refund?,REFUNDS
"I got an error when I attempted to make a payment, but my card was charged anyway, how can I inform of it?",PAYMENT
"an error pops when I attempt to pay for my order, can you help me?",PAYMENT
I have a question and I want to send an email to Customer Support,CONTACT
"I have an issue when trying to make a payment, report it",PAYMENT
"the fucking game was cancelled, what do i have to do?",REFUNDS
can I edit my shipping address?,SHIPPING
"the concert was cancelled, what can I do to obtain a reimbursement?",REFUNDS
i wanna know if i can register more than one account with a single email,ACCOUNT
tell me what the free phone number to contact Customer Service is,CONTACT
"i want to track my package, tell me where I can do it",ORDER
i want to update the information on my profile,ACCOUNT
"I want to see your payment methods, what should I do?",PAYMENT
tell me what the email of Client Service is,CONTACT
"I want to cancel an order, what should I do?",ORDER
"I want information, how do I contact Customer Service?",CONTACT
how to get a refund,REFUNDS
could u show me the fucking free number of customer support?,CONTACT
"please, could you tell me if I can create two fucking accounts with a single email?",ACCOUNT
"I get an error when I try to pay for my order, what should I do?",PAYMENT
"someone stoole my password, what should i do?",ACCOUNT
I need information about requesting some bills,INVOICES
"the game was cancelled, how can I obtain a refund?",REFUNDS
I made a mistake and I want to modify my purchase,ORDER
"I want to obtain some fucking invoices, could you tell me how I can do it?",INVOICES
"I'm happy with the service, I need help filing a review",FEEDBACK
"I didn't receive my invoices, help me see them",INVOICES
how do I write an opinion for a service?,FEEDBACK
"i want to check my deliveires, tell me how to do it",ORDER
"please, can u show me the fucking email of the Customer Service?",CONTACT
ilost my password and i wanna retrieve it,ACCOUNT
"the fucking concert was postponed, what should i do?",REFUNDS
where canI seemy bill?,INVOICES
"I changed my mind, what should I do to cancel my account?",ACCOUNT
help me change my shipping address,SHIPPING
"please, I wannna know how I could know where my package is",ORDER
I wanna know how to obtain a bill,INVOICES
"i dont have a profile, can i create one?",ACCOUNT
how can I track my refund?,REFUNDS
"an error pops when I attempt to pay for my online order, can you help me?",PAYMENT
how could I retrieve my password ?,ACCOUNT
"ask an agent where to notify fucking problems paying, please",PAYMENT
ask an agent how i can retrieve my account password,ACCOUNT
"i want to use my other online account, can u change them?",ACCOUNT
"the show was postponed, can you help em?",REFUNDS
"the game was postponed, get a reimbursement",REFUNDS
I have a problem when trying to make a payment,PAYMENT
sak an agentz how i can make a purchase,ORDER
how to cancel a purchase,ORDER
could u ask an agent if i could inform of a payment issue?,PAYMENT
can u check the options for ticket delivery?,DELIVERY
"the concert was cancelled, what should i do to obtain an reimbursement?",REFUNDS
I made a mistake and I'd like to change my purchase,ORDER
"i cant understand you, can u speak with a human agent?",CONTACT
"i lost my account password, how can i retrieve it?",ACCOUNT
"I didn't get a payment confirmaiton, what can I do ?",PAYMENT
"I have a problem when trying to pay with card, inform of it",PAYMENT
can u ask an agent whats the delivery period for my tickets?,DELIVERY
show me the email of Customer Service,CONTACT
"I have an issue when trying to make a payment with card, I need help informing of it",PAYMENT
"i want to request some bills, could you tell me how I can do it?",INVOICES
could u ask an agent how to write a fucking opinion for a service?,FEEDBACK
"ask an agent how to view my bill, please",INVOICES
"i needx an account , what can i do to open one?",ACCOUNT
"i wanna close my account, where can i do it?",ACCOUNT
"I have a question, speak with Customer Service",CONTACT
"i want infofmation, send an email to client service",CONTACT
I want to know how I can check my packages,ORDER
ask an agent where i can inform of an issue paying,PAYMENT
how to modify my order,ORDER
can you check the cancellation penalty?,CANCELLATION_FEE
can u ask an agent how to see their reimbursement policy?,REFUNDS
"I bought an item, what can I do to modify my purchase?",ORDER
"could you tell me if I can register two user accounts with a single email, please?",ACCOUNT
"I don't like the service, lodge a complaint",FEEDBACK
where can I modify my purchase?,ORDER
"I'm discontent with the service, help me lodge a complaint",FEEDBACK
i want information about the fucking email address of the Customer Support,CONTACT
"please, could you ask an agent if I can notify a fucking poblem with my payment?",PAYMENT
"please, could u ask an agent how to check my bill?",INVOICES
can you ask an agent how I could obtain some bills?,INVOICES
tell me about requesting a bill,INVOICES
can I report problems with my payment?,PAYMENT
"the concert was postponed, how do I obtain a refund?",REFUNDS
can u ask an agent how i could change to anothr fucking account ?,ACCOUNT
"I didn't receive my bill, what should I do to check it?",INVOICES
I've got no profile and I want to create one,ACCOUNT
"I need a reimbursement, can I get one?",REFUNDS
where can I make a complaint for a service?,FEEDBACK
"I have no user account, helpme create one",ACCOUNT
"i got an error when i attempted to pay, but i was charged anyway, how can i report it?",PAYMENT
"I need information, how can I contact Client Service?",CONTACT
can you give me information about the mail of the Customer Service?,CONTACT
where to report problems making a payment,PAYMENT
I haven't got a user account and I want to create one,ACCOUNT
I need help notifying a problem making a payment,PAYMENT
"i have no account, can u help me?",ACCOUNT
help me obtain some invoices,INVOICES
could u ask an agent where I can request an invoice?,INVOICES
"please, i want to know what the fucking email address of client service is",CONTACT
can u ask an agent what the number to contact Customer Service is?,CONTACT
ask an agent if i can talk to customer service,CONTACT
how to see the cancellation penalties,CANCELLATION_FEE
check your money vack guarantee,REFUNDS
I have an issue when trying to make a payment,PAYMENT
"I forgot my password, could you retrieve it, please?",ACCOUNT
"id like to reset my account password, could u help me?",ACCOUNT
"please, ask an agent how to see the fucking cancellation penalties",CANCELLATION_FEE
could u ask an agent where to get an invoice?,INVOICES
"I've got no account, I need help creating one",ACCOUNT
"I am discontent with the service, how could I file a fucking complaint?",FEEDBACK
"i want to track my packages, could you tell me where I can do it?",ORDER
"I want to notify an issue making a payment, what do I have to do?",PAYMENT
can u ask an agent if i can notify problems paying?,PAYMENT
can I delete my profile?,ACCOUNT
can you tell me what the free phone number to contact Client Service is?,CONTACT
"I changed my mind, what do I have to do to cancel my profile?",ACCOUNT
I need help checking my invoices,INVOICES
"you arent helping, can u talk to a human?",CONTACT
where do i report a payment issue?,PAYMENT
can you show me the email address of Client ervice?,CONTACT
"I want information, call Client Service",CONTACT
"the game was postponed, what should I do to obtain an refund?",REFUNDS
can you tell me the email of the Customer Support?,CONTACT
"I want information, can you send an email to Client Service?",CONTACT
"I want to report a payment issue, can you help me?",PAYMENT
show me the free phone number of Customer Seervice,CONTACT
"I want to file a review for a service, what should I do?",FEEDBACK
"i wanna recover my account password, what can i do?",ACCOUNT
"I can't remember my account password , what can I do to reset it?",ACCOUNT
I need help requesting a reimbursement,REFUNDS
"id like to view the fucking options for delivery, what dp i have todo?",DELIVERY
"I'd like to check the status of my purchase, what should I do?",ORDER
"i lost my password, what should i do to reset it?",ACCOUNT
"I have no user account, help me open one",ACCOUNT
can i create several user accounts with a single email address?,ACCOUNT
"i have a problem making a payment, help me inform of it",PAYMENT
i need help checking my packages,ORDER
"you aren't helping, can you contact a human?",CONTACT
you aren't helping and I want to contact someone,CONTACT
ask an agent hhow long the delivery takes,DELIVERY
I want to get information about requesting an invoice,INVOICES
"I purchased something, how can i modify my purchase?",ORDER
can u ask an agent whats their reimbursement oplicy?,REFUNDS
ask an agent how to file a complaint,FEEDBACK
can u ask an agent to report issues with my payment?,PAYMENT
"I do not want my user account, I need help closing ti, please",ACCOUNT
"I want information, can I sernd an email to Customer Support?",CONTACT
"I can't understand you, could I talk to someone?",CONTACT
"I changed my mind, I need help removing my account, please",ACCOUNT
"I have a problem when trying to make a payment with card, can you notify it?",PAYMENT
"please, i want to know if there is any fucking person available",CONTACT
I want to track my reimbursement,REFUNDS
how can i check the status of my order?,ORDER
get some bills,INVOICES
"I want to see the ticket delivery options , can you help me?",DELIVERY
could you ask an agent how ot notify a problem making an payment?,PAYMENT
how can I talk to Customer Support?,CONTACT
"someone stole my account password, can I reset it?",ACCOUNT
"i have no online account, i need help opening one, please",ACCOUNT
"I don't have a shipping address, what do I have to do to set it up?",SHIPPING
can u ask an agent what the phone number to contact customer service is?,CONTACT
"I want to lodge an opinion, what can I do?",FEEDBACK
I need help seeing the status of my purchase,ORDER
show me the email address to contact Client Service,CONTACT
"I want to check the ticket delivery options, what can I do?",DELIVERY
"I have a problem when trying to pay for my online order, what do I have to do?",PAYMENT
i want to inform of issues making a payment,PAYMENT
"i have no shipping address, what should i do to set one up?",SHIPPING
"I lost my invoices, help me view them",INVOICES
"I get an error when I try to make a payment, can you help me?",PAYMENT
"I want to check the delievry options, what should I do?",DELIVERY
I need help checking the status of my purchase,ORDER
tell me how I can track my shipment,ORDER
i wanna know how fast i can expect my tickets to arrive,DELIVERY
"i have a problem making a payment with card, how can i report it?",PAYMENT
where can I report an issue with mypayment?,PAYMENT
i wanna check my invoice,INVOICES
"I can't remember my password, what do I have to do to recover it?",ACCOUNT
can u ask an agent how to report issues making a payment?,PAYMENT
"I have a problem when trying to pay for my online order, help me report it",PAYMENT
ask an agent if i could obtain a fucking bill,INVOICES
show me the email to contact Customer Support,CONTACT
"i want a profile, help me create one, please",ACCOUNT
help me report an issue making a payment,PAYMENT
"I want to check my bill, what do I have to do?",INVOICES
"i'd like to request a bill, can you tell me where to do it?",INVOICES
"i get an error message when i attempt to pay for my order, what should i do?",PAYMENT
can you tell me how to get some bills?,INVOICES
can you tell me about the cancellation penalties?,CANCELLATION_FEE
"I have an issue when trying to pay for my online order, can oyu notify it?",PAYMENT
"i'd like to receive the newsletter, can you tell me how I can do it, please?",NEWSLETTER
"I wanna obtain an invoice, tell me where to do it",INVOICES
"i need a user account, how can i open one?",ACCOUNT
"I have a problem when trying to pay for my order, report it",PAYMENT
what information do you have about obtaining some bills?,INVOICES
"an error pops when I try to pay for my order, what do I have to do?",PAYMENT
"I got an error message when I attempted to make a payment, but my card was charged anyway, how do I notify it?",PAYMENT
i wanna nkow if i can create several online accounts with a single email,ACCOUNT
"I would like to track my package, tell me how to do it, please",ORDER
help me check the options for delivery,DELIVERY
where can I see the deluvery options?,DELIVERY
"I get an error when I try to make a payment with card, what do I have to do?",PAYMENT
can I send an email to Customer Service?,CONTACT
I want information and I want to call Client Service,CONTACT
"I want to cancel my user account, where can I do it?",ACCOUNT
"I need an online account, what can I do ?",ACCOUNT
"I want to reset my password, what do I have to do?",ACCOUNT
tell me how to track my package,ORDER
"I lost my password, how can I recover it?",ACCOUNT
"I have a question, how do I speak with Customer Service?",CONTACT
where to check my order,ORDER
"I changed my mind, what do I have to do to delete my online account?",ACCOUNT
show me the delivery period for my tickets,DELIVERY
"i want to reset my password, how can i do it?",ACCOUNT
"please, ask an agent where I could inform of a fucking payment problem",PAYMENT
"you aren't helping, talk to a human",CONTACT
"I would like to get information about changing my purchase, please",ORDER
I want to know if I can create several online accounts with a single email,ACCOUNT
I need help updating my shipping address,SHIPPING
"I don't have an account, can you create one?",ACCOUNT
"i want to solve a problem making a payment , what should i do?",PAYMENT
can u ask an agent how to talk to client service?,CONTACT
"the concert was postponed , how can I obtain a reimbursement?",REFUNDS
can you ask an agent if i can check my packages?,ORDER
can I create several online acconuts with the same email address?,ACCOUNT
can you show me information about the cancellation fee?,CANCELLATION_FEE
"can you ask an agent where I can request a refund, please?",REFUNDS
"an error message pops when I attempt to pay with card, can you help me?",PAYMENT
the transaction was declined,PAYMENT
"i purchased an item, how can I change my order?",ORDER
can u ask an agent for information about obtaining an invoice?,INVOICES
I want to see the cancellation penalty,CANCELLATION_FEE
"i hve no user account, what do i have to do to open one?",ACCOUNT
I wanna ask for information about requesting some bills,INVOICES
how do I notify issues paying?,PAYMENT
i wanna know if i can register two accounts with the same email,ACCOUNT
how do i notify a payment problem?,PAYMENT
I have no online account and I want to open one,ACCOUNT
"can u ask an agent how i can see their fucking refund policy, please?",REFUNDS
i wanna know if i can create several fucking user accounts with a single email address,ACCOUNT
"the concert was cancelled, can I request areimbursement?",REFUNDS
"please, could u ask an agent where i can register?",ACCOUNT
"please, can u ask an agent wheee i can cancel my fucking user account ?",ACCOUNT
"I want to cancel my profile, where can I do it?",ACCOUNT
"I'd like to open a user account, can you help me?",ACCOUNT
what can you tell me about downloading some bills?,INVOICES
can you tell me if I can create two accounts with a single email address?,ACCOUNT
"I got an error when I attempted to pay , but I was charged anyway, what do I have to do to inform of it?",PAYMENT
"I got an error message when I tried to pay, but my card was charged anyway, can I inform of it?",PAYMENT
tell me how I cdan see some bills,INVOICES
can you tell me what the mail address to contact customer service is?,CONTACT
"I can't remember my account password, what should I do to recover it?",ACCOUNT
"I get an error message when I try to pay with card, what should I do?",PAYMENT
"i lost my invoice, show it",INVOICES
"I have no user account, create one, please",ACCOUNT
"I'd like to request an invoice, can you tell me how to do it?",INVOICES
where to notify a problem paying,PAYMENT
can u ask an agent if i could check their refund policy?,REFUNDS
ask an agent to speak with customer support,CONTACT
"ask an agent how I could close my online account, please",ACCOUNT
"I got an error when I attempted to make a payment, but I was charged anyway, what do I have to do to notify it?",PAYMENT
information about the mail address of the Client Service,CONTACT
I can't understand you and I want to talk to someone,CONTACT
"I'm discontent with the service, can I lodge a complaint?",FEEDBACK
"I got an error message when I attempted to make a payment, but I was charged anyway, inform of it",PAYMENT
can I check the delivery options?,DELIVERY
"could u ask an agent whats the status of my refund, please?",REFUNDS
"I have a problem paying with card, what can I do to notify it?",PAYMENT
can u ask an agent what i can request a reimbursement for?,REFUNDS
"please, can you ask an agent how to get a fucking reimbursement?",REFUNDS
"I'm not happy with the service, what do I have to do to file a consumer complaint?",FEEDBACK
i dont like the service and i wanna file a consumer complaint,FEEDBACK
"I changed my mind, what should I do to cancel my profile?",ACCOUNT
"I need information, help me call Client Service",CONTACT
i want to solve a payment problem,PAYMENT
"I ordered something, what do I have to do to change my order?",ORDER
I'm having a problem registering,ACCOUNT
where to inform of an issue paying,PAYMENT
"I changed my mind, help me delete my profile",ACCOUNT
"the game was cancelled , how can I request a reimbursement?",REFUNDS
"i wanna view your refund policy, can u help me?",REFUNDS
information about the cancellation penalties,CANCELLATION_FEE
ask an agent what the cancellation fee is,CANCELLATION_FEE
"I sould like to make a fucking opinion, what do I have to do?",FEEDBACK
"the game was cancelled, what do I have to do to get a reimbursement?",REFUNDS
help me write a review for a service,FEEDBACK
"I haven't got an account, help me open one",ACCOUNT
i ordered something and I wana change my purchase,ORDER
"I want information, can I speak with Customer Support?",CONTACT
where to view the status of my refund,REFUNDS
can you tell me what the email address to contact Customer Service is?,CONTACT
"please, ask an agent how to remove my online account",ACCOUNT
"I bought an item, help me change my purchase",ORDER
"I'm not happy with the service, can I lodge a consumer complaint?",FEEDBACK
I want to know ho to track my deliveries,ORDER
I changed my mind and I want to cancel my profile,ACCOUNT
I want to know something about seeing some bills,INVOICES
I want to know how I can know where my orders are,ORDER
"i dont understand you, i need help talking to someone, please",CONTACT
I don't want my account,ACCOUNT
"you're not helping, how can I contact a human agent?",CONTACT
"I can't remember my password, what can I do to reset it?",ACCOUNT
"I changed my mind, can you close my user account?",ACCOUNT
I want to notify a pamyent issue,PAYMENT
I want to receive the newsletter,NEWSLETTER
"I lost my account password, what do I have to do?",ACCOUNT
"I get an error message when I try to pay for my order, what do I have to do?",PAYMENT
"I have a question, what should I do to contact Client Service ?",CONTACT
"please, can u ask an agent if i can switch to another online account?",ACCOUNT
where can I check the delivery options?,DELIVERY
can you tell me if I can register more than one account with a single email address?,ACCOUNT
"please, i wanna know something about requesting some invoices",INVOICES
"I'd like to check my fucking shipments, could you tell me how to do it?",ORDER
where do I inform of an issue with my payment?,PAYMENT
i want to know if i can create more than one profile with the same email address,ACCOUNT
can you show me the mail of Customer Service?,CONTACT
i have an issue paying with card and i want to inform of it,PAYMENT
can u ask an agent if my shipments are on their way?,ORDER
i want to make a complaint,FEEDBACK
"you aren't helping, speak with someone",CONTACT
"I want to get some bills, can you give me some information ?",INVOICES
can you ask an agent to solve fucking problems making a payment?,PAYMENT
"I got an error message when I tried to pay , but my card was charged anyway, can you help me?",PAYMENT
could you ask an agent iff I can solve payment problems?,PAYMENT
can I register more than one profile with a single email address?,ACCOUNT
"my profile's beenm hacked, jow can i recover it?",ACCOUNT
I want to know if I can make a payment with card,PAYMENT
"I have an issue when trying to pay for my order, how can I notify it?",PAYMENT
"I don't understand you, can I speak with a person?",CONTACT
"you're not helping, what do I have to do to talk to a human?",CONTACT
tell me what the mail address of the Customer Service is,CONTACT
"please, could u ask an agent where i could view their money back policy?",REFUNDS
can you tell me if my shipments are on their way?,ORDER
"i havent got an online account, can i open one?",ACCOUNT
show me the free phone number to contact Customer Service,CONTACT
"please, I wanna know where I can change my fucking order",ORDER
can I speak with a person?,CONTACT
"I want to download an invoice, can you give me some information?",INVOICES
"my profile was hacked, how do I get it back?",ACCOUNT
can u ask an agent to inform of a payment issue?,PAYMENT
what can you tell me about seeing a bill?,INVOICES
"i changed my mind, how can i remove my profile?",ACCOUNT
"I haven't got a user account, what should I do to create one?",ACCOUNT
"I have no user account, can you help me?",ACCOUNT
could u ask an agent how to view the status of my purchase?,ORDER
"I get an error when I attempt to pay, can you help me?",PAYMENT
"I need a profile, what should I do to create one?",ACCOUNT
can you contact someone?,CONTACT
download some invoices,INVOICES
"I have an issue when trying to pay for my order, can I inform of it?",PAYMENT
can I checkmy biklls?,INVOICES
where to check tthe cancellation fee,CANCELLATION_FEE
"I want to reset my account password, what should I do?",ACCOUNT
"I got an error message when I tried to make a payment, but my card was charged anyway, how can I report it?",PAYMENT
"you aren't helping, can you speak with a human?",CONTACT
"i got an error message when i tried to make a payment, but my card was charged anyway, can i inform of it?",PAYMENT
"youre not helping, what should i do to speak with a person?",CONTACT
"could u ask an agent if i could leave a comment, please?",FEEDBACK
"I have a problem paying for my order, how can I inform of it?",PAYMENT
how an I solve an issue with my payment?,PAYMENT
what'sthe number of Client Service?,CONTACT
can you show me the phone number of Customer Support?,CONTACT
"I got an error message when I attempted to make a payment, but I was charged anyway, can I notify it?",PAYMENT
Iget an error message whyen I attempt to pay,PAYMENT
"I want to use my other online account, can you switch them?",ACCOUNT
"I wanna get some invoices, tell me how to do it",INVOICES
can you tell me if I can make a payment with card?,PAYMENT
how do I register?,ACCOUNT
"I got an error when I attempted to pay, but my card was charged anyway, what can I do to notify it?",PAYMENT
ask an agent where i could obtain a reimbursement,REFUNDS
"i want to file a review for a service, what can i do?",FEEDBACK
"I want to check your money back policy, can you help me, please?",REFUNDS
"I don't like the service, how do I lodge a complaint?",FEEDBACK
I want information about getting an invoice,INVOICES
"I don't have an online account, help me create one",ACCOUNT
can u ask an agent how i can see my invoicess?,INVOICES
"the concert was postponed, how do I get a reimbursement?",REFUNDS
"my online account was hacked, what can I do to recover it?",ACCOUNT
"I want to check cancellation fees, what can I do?",CANCELLATION_FEE
the paymdnt didn't go through,PAYMENT
how can I view your reimbursement policy?,REFUNDS
im not happy with the service and id like to lodge a consumer complaint,FEEDBACK
"ask an agent how i could report a fucking problem with my payment, please",PAYMENT
i want to know if i can see an invoice,INVOICES
"I purchased a product, how do I change my purchase?",ORDER
where do I edit my shipping address?,SHIPPING
can you tell me what the phone number to contact Customer Service is?,CONTACT
can u ask an agent where i can obtain a refund?,REFUNDS
"I don't want my account, help me delete it",ACCOUNT
can u ask an agent where to check their money back policy?,REFUNDS
can i register two online accounts with the same email?,ACCOUNT
"please, can u ask an agent what the mail to contact Customer Support is?",CONTACT
"please, ask an agent to report an issue making a payment",PAYMENT
what's the email to contact Customer Support?,CONTACT
help me inform of apayment issue,PAYMENT
i need help viewing your payment methods,PAYMENT
"the concert was cancelled, get a reimbursement",REFUNDS
I want to request information about obtaiming some bills,INVOICES
"i dont understand you, can u talk to a human?",CONTACT
can you ask an agent if I could set up my shipping address?,SHIPPING
where can I leave an opinion?,FEEDBACK
can I register more than one profile with the same email?,ACCOUNT
"i want to request some bills, tell me how I can do it",INVOICES
"I can't remember my account password, what do I have to do to recover it?",ACCOUNT
"I haven't got a user account, what do I have to do to register?",ACCOUNT
tell me if I can create two profiles with a single email,ACCOUNT
can you speak with a person?,CONTACT
"I haven't got an online account, what can I do to register?",ACCOUNT
"I got an error message when I tried to make a payment, but my card was charged anyway, I need help reporting it",PAYMENT
"please, could you ask an agent if I can inform of a problem with my payment?",PAYMENT
"I awnna know something about seeing an invoice, please",INVOICES
I want to make a change in my purchase,ORDER
"I don't like the service, can you lodge a complaint?",FEEDBACK
where can I track my refund?,REFUNDS
"you're not helping, how can I speak with someone?",CONTACT
can you tell me if there issomeone available?,CONTACT
i wanna know if i could create more than one profile with the same email,ACCOUNT
"I got no payment validation, what can I do?",PAYMENT
can you showme your money back policy?,REFUNDS
"I got an error message when I tried to pay, but my card was charged anyway, what should I do to notify it?",PAYMENT
"youre not helping, i need help speaking with a human",CONTACT
"I want to reset my account password, what do I have to do?",ACCOUNT
"I have an issue paying for my online order, can you inform of it?",PAYMENT
"I get an error when I attempt to pay for my online order, what should I do?",PAYMENT
"you're not helping , how do I contact a person?",CONTACT
"the concert was postponed, can i obtain a reimubrsement, please?",REFUNDS
"I don't want my cacount, how do I close it?",ACCOUNT
"the concert was cancelled, how can I request a reimbursement?",REFUNDS
"I want to inform of a problem paying, what should I do?",PAYMENT
"an error message pops when I attempt to pay , what do I have to do?",PAYMENT
"I have an issue paying, can I inform of it?",PAYMENT
can you tell me if there's a newsletter to stay up-to-date?,NEWSLETTER
I need help informing of problems with my payment,PAYMENT
"I got an error when I attempted to pay, but I was charged anyway, help me notify it",PAYMENT
tell me about changing my order,ORDER
can i talk to customer support?,CONTACT
ask an agent if i can report problems with my payment,PAYMENT
ask an agent where to check my fucking bill,INVOICES
i need help resetting my account password,ACCOUNT
"can u ask an agent if I could obtain an invoice, please?",INVOICES
ask an agent if i can obtain an invoice,INVOICES
"I can't understand you, what do I have to do to contact a human agent?",CONTACT
"I have an issue when trying to pay with card, what do I have to do to notify it?",PAYMENT
"I want to check my package, can you tell me where I can do it?",ORDER
where can I track my shipment?,ORDER
"I want information, help me call Customer Support",CONTACT
"can you ask an agent if I could check my fucking order, please?",ORDER
can you give me information about the mail of the Customer Support?,CONTACT
"I want to check your payment methods, what can I do?",PAYMENT
tell me if I can make a payment with credit card,PAYMENT
how do i see your payment methods?,PAYMENT
"the game was postponed, help me get a refund",REFUNDS
"I have a problem paying for my online order, what can I do to notify it?",PAYMENT
"I have an issue when trying to make a payment with card, how can I report it?",PAYMENT
can you tell me where I can download an invoice?,INVOICES
what's the mail of the Client Service?,CONTACT
tell me if I can have more than one account,ACCOUNT
"can u give me information about the fucking email address of the Customer Service, please?",CONTACT
how do I notify an issue paying?,PAYMENT
where can i make a complaint ?,FEEDBACK
"I need information, what do I have to do to send an email to Client Service?",CONTACT
can u ask an agent where i can check their payment methods?,PAYMENT
I need help viewing hte cancellation fees,CANCELLATION_FEE
I want to know if I can own more than one account,ACCOUNT
"i didn't receive my invoice, how can i see it?",INVOICES
"I got an error message when I tried to pay, but my card was charged anyway, I need help informing of it, please",PAYMENT
I'd like to notify an issue making a payment,PAYMENT
can u ask an agent if my shipment is out for delivery?,ORDER
"I want to know the status of my reimbursement, what do I have to do to track it?",REFUNDS
is it possible to download some bills?,INVOICES
"I want information, can I talk to Customer Support?",CONTACT
ho to rceate a profile,ACCOUNT
show me the mail address of customer service,CONTACT
I want to inform of issues with my payment,PAYMENT
"my account's been hacked, can you help me?",ACCOUNT
"I get an error when I try to make a payment with card, can you help me?",PAYMENT
what payment options do you accept?,PAYMENT
I want to request information about obtaining an invoice,INVOICES
how to get a bill,INVOICES
"I have a problem when trying to pay for my order, what do I have to do?",PAYMENT
"I want an online account, create one",ACCOUNT
where do I check your refund poilcy?,REFUNDS
"I would like to see the fucking email to contact Customer Support, please",CONTACT
"I lost my bill, help me view it",INVOICES
where can I check my shipments?,ORDER
"the agme was cancelled, help me get a refund",REFUNDS
"I want a profile, what should I do to create one?",ACCOUNT
"I have a problem when trying to pay for my order, how can I report it?",PAYMENT
"I have an problem when trying to pay, can you report it?",PAYMENT
can I report a problem with my payment?,PAYMENT
I want to inform of an issue paying,PAYMENT
"I want to check my bills, what should I do ?",INVOICES
"i can't find my bills, can u show them?",INVOICES
"I don't want my account, I need help canceling it",ACCOUNT
"can you tell me if i could register two accounts with the same email address, please?",ACCOUNT
"I got an error when I attempted to pay, but my card was charged anyway, what do I have to do?",PAYMENT
"I want to recover my password, what should I do?",ACCOUNT
"I have a problem when trying to pay for my order, can you notify it?",PAYMENT
"i have an issue paying for my online order, how can i report it?",PAYMENT
I need help seeing my invoice,INVOICES
tell me if my package is out for delivery,ORDER
i want ot know where to check my order,ORDER
"i wanna check my shipments, can you tell me where to do it?",ORDER
can u ask an agent if my reimbursement has been processed?,REFUNDS
"I have a problem paying for my order, can I report it?",PAYMENT
I have issues signing up,ACCOUNT
"i didn't receive my invoices , i need help viewing thme",INVOICES
"I want to see your payment options, what should I do?",PAYMENT
how do I notify payment issues?,PAYMENT
can u ask an agent to check my bills?,INVOICES
"you aren't helping, I need help ocntacting a person",CONTACT
can you tell me if I can register several profiles with a single email address?,ACCOUNT
where do I view the cancellation penalties?,CANCELLATION_FEE
where can I write a comment for a service?,FEEDBACK
ask an agent where i can leave a comment for a service,FEEDBACK
"i didn't receive my invoice, how can i view it?",INVOICES
"I'm discontent with the service , can I make a complaint?",FEEDBACK
"ive got no profile, what can i do to create one ?",ACCOUNT
how can I leave a comment?,FEEDBACK
Iwant to notify an issue paying,PAYMENT
can u ask an agent how I can track my shipment?,ORDER
help me switch to another online account,ACCOUNT
i want to know how soon i can expect my tickets to arrive,DELIVERY
i want to check the options for delivery,DELIVERY
hows can i see the cancellation fees?,CANCELLATION_FEE
"I want to file a comment for a service, what should I do?",FEEDBACK
"i wanna retrieve my account password, what can i do?",ACCOUNT
"the show was cancelled, how can I request a refund?",REFUNDS
"I want to request some invoices, can you give me some information?",INVOICES
"you aren't helping, how do I contact a human agent?",CONTACT
can you show me the mail address of Client Service?,CONTACT
"I forgot my password, reset it",ACCOUNT
"I changed my mind, what should I do to remove my account?",ACCOUNT
"I don't have an online account, help me register",ACCOUNT
i want to ask for information about geting a bill,INVOICES
"i have a question, can u contact customer service?",CONTACT
"can you ask an agent where I can change my order, please?",ORDER
"I lost my invoices, help me se them",INVOICES
"please, can you tell me if i can own several online accounts?",ACCOUNT
"I have a problem making a payment with card, help me notify it",PAYMENT
"i dont have a user accolunt, create one",ACCOUNT
"I want to use my other profile, can I switch them?",ACCOUNT
"I want to view your money back guarantee, what can I do?",REFUNDS
i dont like the service and i wanna lodge a consumer complaint,FEEDBACK
can you tell me when my ticket will arrive?,DELIVERY
"I got an error message when I attempted to pay, but my card was charged anyway, how do I inform of it?",PAYMENT
I need help solving problems paying,PAYMENT
"I want to see the status of my order, what should I dp?",ORDER
ask an agent if I can check my orders,ORDER
"I have an issue paying, what do I have to do?",PAYMENT
"i lost my invoices, what do i have to do to check them?",INVOICES
"I don't have a user account, what should I do to register?",ACCOUNT
I want to get information about obtaining a bill,INVOICES
"I bought a product, how can I change my order?",ORDER
is it posaible to check my shipments?,ORDER
how do I talk to Customer Support?,CONTACT
"I ordered something, help me change my purchase",ORDER
can u ask an agent what the mail address of client service is?,CONTACT
"I want to edit my profile, how can I do iy ?",ACCOUNT
"I don't want my account, what should I do to delete it?",ACCOUNT
"i would like to download a fucking bill, can you show me some information?",INVOICES
you aren't helping and I want to talk to a person,CONTACT
i need information and i want to speak with customer support,CONTACT
"I lost my account password, recover it",ACCOUNT
how do I see some invoices?,INVOICES
"ive got no online account, what should i do?",ACCOUNT
"i got an error when i attempted to make a payment, but i was charged anyway, help me inform of it",PAYMENT
can I see an invoice?,INVOICES
ask an agent to check thier money back guarantee,REFUNDS
"please, could u ask an agent to solve a payment problem?",PAYMENT
"the concert as cancelled, can you help me?",REFUNDS
wqhere can I view the ticket delivery options?,DELIVERY
"I've got no online account, can I create one?",ACCOUNT
"the show was cancelled, how do I request a refund?",REFUNDS
"i changed my mind, how can i delete my account?",ACCOUNT
can you tell me if I can create more than one profile with a single email?,ACCOUNT
"i would like to track my packages, can you tell me where to do it, please?",ORDER
"I haven't got an online account, can I create one?",ACCOUNT
I want to set up my shipping address,SHIPPING
can you tell me how to obtain an invoice?,INVOICES
"please, ask an agent if i could report a problem making a payment",PAYMENT
i want to check my bills,INVOICES
i want information and d like to speak with custpmer service,CONTACT
how could I view the status of my refund?,REFUNDS
"the game was postponed, what should I do to request a refund?",REFUNDS
"I have a problem when trying to pay with card, what can I do to notify it?",PAYMENT
"someone stole my account password, how can i retrieve it?",ACCOUNT
can you speak with Customer Suport?,CONTACT
ask an agent how i can inform of payment issues,PAYMENT
"I can't understand you, can you speak with a human?",CONTACT
is there a newsletter to keep me informed?,NEWSLETTER
"I'm discontent with the service, how can I make a complaint?",FEEDBACK
I want to know if there's a newsletter I can subscribe to,NEWSLETTER
"i want to track my orders, tell me how to do it",ORDER
"the concert was postponed, get a reimbursement",REFUNDS
"I have an issue when trying to make a payment, how do I notify it?",PAYMENT
"someone stole my password, reset it",ACCOUNT
i have an issue paying and i want to report it,PAYMENT
help me modify the information on my profile,ACCOUNT
where could i check the cancellation fee?,CANCELLATION_FEE
i want information and i want to call customer support,CONTACT
I want to inform of a fucking issue making a payment,PAYMENT
help me see an invoice,INVOICES
where to receive the newsletter,NEWSLETTER
can u ask an agent if my order is on its way?,ORDER
ask an agent how to inform of payment problems,PAYMENT
"I have a question, can you talk to Client Service?",CONTACT
"I want to track my shipments , can you tell me how I can do it?",ORDER
"you're not helping, can you talk to someone?",CONTACT
"i get an error message when i try to pay for my online order, what should i do ?",PAYMENT
"i got an error when i tried to pay, but my card was charged anyway, what can i do?",PAYMENT
"i need information, how can i send an email to client service?",CONTACT
"the event was postponed, can I obtain a refund?",REFUNDS
information about the mail of the Client Service,CONTACT
is it possible to check my orders?,ORDER
can I request a refund?,REFUNDS
"ask an agent if I can solve a fucking payment problem, please",PAYMENT
"i changed my mind, what can i do to delete my user account?",ACCOUNT
"i need a reimbursement, what do i have to do to obtain one?",REFUNDS
ask an agent how i can notify isues making a payment,PAYMENT
"I have an issue paying for my online order, can I inform of it?",PAYMENT
the event was postponed and I want to get a reimbursemenmt,REFUNDS
can you tell me how to get an invoice?,INVOICES
"i want to download an invoice , tell me where I can do it",INVOICES
I want to know where I can receive the newsletyter,NEWSLETTER
show me the options for ticket delivery,DELIVERY
help me see the cancellation penalty,CANCELLATION_FEE
Iwant to kno if I can download some invoices,INVOICES
can you tell me the mail address ofCustomer Service?,CONTACT
where can I obtain an invoice?,INVOICES
"I want to solve a problem paying, can you help me?",PAYMENT
how to solve an issue paying,PAYMENT
"I get an error message when I attempt to pay with card, what can I do?",PAYMENT
"the show was cancelled, what can I do to get a refund?",REFUNDS
"I want to lodge a consumer complaint for a service, what should I do?",FEEDBACK
"I haven't got an noline account, can you open one?",ACCOUNT
ask an agent if i can solve an issue paying,PAYMENT
"I have an issue making a payment, what can I do to notify it?",PAYMENT
"I bought a product, help me modify my order",ORDER
I want to get a refund,REFUNDS
"I get an error when I attempt to pay, what do I have to do?",PAYMENT
"i want an account, what should i do?",ACCOUNT
I don't hace an account and I want to register,ACCOUNT
"i have no fucking user account , please",ACCOUNT
"someone stole my account password, whzt should I do?",ACCOUNT
"please, could u ask an agent where to request a fucking reimbursement?",REFUNDS
"please, can u find information about the delivery options?",DELIVERY
"I purchased an item, I need help modifying my order",ORDER
how to see my invoices,INVOICES
where do I receive the newsletter?,NEWSLETTER
can you cotnact Client Service?,CONTACT
"I purchased a product, what do i have to do to change my purchase?",ORDER
tell me if I can have more than one online account,ACCOUNT
how do I get some invoices ?,INVOICES
"i got an error message when i tried to pay, but my card was charged anyway, what do i have to do?",PAYMENT
"I changed my mind, remove my account",ACCOUNT
"I have a question, what can I do to send an email to Customer Service?",CONTACT
where do I track my delivery?,ORDER
I have an issue making a payment with card and I want to report it,PAYMENT
"i want to open a user account, ccan u help me?",ACCOUNT
"I need information, how do I contact Customer Support?",CONTACT
where do I informof a payment problem?,PAYMENT
"i want to track my fucking reimbursement, can u help me, please?",REFUNDS
I ordered a product and I want to modify my order,ORDER
can you tell me when my tickets will arrive?,DELIVERY
how to delete my profile,ACCOUNT
can u ask an agent how to view the cancellation fee?,CANCELLATION_FEE
"I have a problem paying with card, can you report it?",PAYMENT
"I don't want my user account, what can I do to delete it?",ACCOUNT
where to view the options for delivery,DELIVERY
"I'm interested in your refund policy, can you tell me about it?",REFUNDS
ask an agent if I can request some bills,INVOICES
"I haven't got a user account, how can I register?",ACCOUNT
"I want to check my package, can you tell me where to do it?",ORDER
"i want a refund, what should i do to request one?",REFUNDS
"i want to close my user account, where could i do it?",ACCOUNT
iwant information and i want to talk to client service,CONTACT
i dont have an account,ACCOUNT
ask an agent if i can track my deliveries,ORDER
"I didn't receive my bill, how can I check it?",INVOICES
"i want to see the status of my fucking purchase, what can i do?",ORDER
where is my purchase?,ORDER
"I want to check my package, tell me where I can do it",ORDER
were do I view the status of my order?,ORDER
can I remove my account?,ACCOUNT
I purchased an item and I wanna modify my order,ORDER
"I want to use my other profile, how do I change them?",ACCOUNT
where do I check the cancellation fee?,CANCELLATION_FEE
"i want to use my other online account, how do i switch them?",ACCOUNT
could you ask an agent where to view their fucking refund policy?,REFUNDS
I want to check the ticket delivery options,DELIVERY
where do I see your money back policy?,REFUNDS
"I ordered a product, hep me modify ym order",ORDER
"I have a problem when trying to pay for my oredr, help me notify it",PAYMENT
"the event was cancelled, how do i request a refund?",REFUNDS
can u ask an agent to give me information about the status of my order?,ORDER
"i changed my mind, i need help deleting my fucking online account, please",ACCOUNT
"please, could you ask an agent how I can switch to another fucking online account?",ACCOUNT
"ive got no user account, how do i create one?",ACCOUNT
"you're not helping, how do I talk to a huamn?",CONTACT
"im interested in your money back guarantee, tell me about it",REFUNDS
"Id like to get information about obtaining some bills, please",INVOICES
"i changed my mind, remove my online account",ACCOUNT
I purchased an item and I want to modify my purchase,ORDER
"I purchased something, how do i change my purchase ?",ORDER
"i want information, help me send an email to customer service",CONTACT
"my fucking profile's been hacked, how do I get it back?",ACCOUNT
where do I lodge a consumer complaint for a service?,FEEDBACK
"I want to use my other account, can you change them?",ACCOUNT
"I have a question, what do I have to do to talk to Customer Support?",CONTACT
"i have an issue paying, report it",PAYMENT
i wanna know if i could check my deliveries,ORDER
"i got a error when i attempted to make a payment, but my card was charged anyway, what do i have to do to notify it?",PAYMENT
I need help viewing the status of my order,ORDER
can I create several profiles with a single email address?,ACCOUNT
i wanna know what the number of Customer Service is,CONTACT
how do I notify issues with my payment?,PAYMENT
I need help notifying problems paying,PAYMENT
how can I obtain a reimbursement?,REFUNDS
where do I check my shipments?,ORDER
"I want to lodge a review for a service, can you help me?",FEEDBACK
"I want to check your money back pplicy, what do I have to do?",REFUNDS
how do i cancel my account?,ACCOUNT
"could you ask an agent to close my account, please?",ACCOUNT
"the game was postponed, how do I obtain an refund ?",REFUNDS
ask an agent how i can check the status of my refund,REFUNDS
I want to edit my shipping address,SHIPPING
can you ask an agent if I could solve fucking payment issues?,PAYMENT
can u ask an agent to find information about the ticket delivery options?,DELIVERY
"I want to view the status of my purchase, can you help me?",ORDER
"I need information, help me speak with Client Service",CONTACT
"I want to see your refund policy, what do I have to do ?",REFUNDS
"i wanna retrieve my account password, what should i do?",ACCOUNT
"my online account's been hacked, how do i get it back?",ACCOUNT
help me download an invoice,INVOICES
"I want to remove my profile, how can I do it?",ACCOUNT
"the event was postponed, how can I obtain an refund?",REFUNDS
"I can't find my invoice, can you check it?",INVOICES
"an error pops whewn I try to pay for my order, what can I do?",PAYMENT
how can i inform of payment problems?,PAYMENT
can you ask an agent where I could view their fucking refund policy?,REFUNDS
"i want to edit my shipping address, can u help me?",SHIPPING
"can you ask an agent if i can obtain a bill, please?",INVOICES
"I got an error message when I attempted to pay, but I was charged anyway, what do I have to do?",PAYMENT
"the game was cancelled, can i request a reimbursement, please?",REFUNDS
"I lost my fucking invoices and I want to check them, please",INVOICES
can u ask an agent if i can check the status of my refund?,REFUNDS
"I have a problem when trying to pay, how can I report it?",PAYMENT
can you tell me how to request some bills?,INVOICES
I need help speaking with Client Service,CONTACT
I'm having an issue when trying to create an account,ACCOUNT
"i cant remember my account password, how can i recover it?",ACCOUNT
I made a mistake and I wanna modify my order,ORDER
can u ask an agent where i can notify problems paying?,PAYMENT
"I don't understand you, talk ot a human agent",CONTACT
"I didn't receive my bill, can I check it?",INVOICES
can I notify problems making a payment?,PAYMENT
can u ask an agent where i can check the options for ticket delivery?,DELIVERY
i want to know what the number of client service is,CONTACT
"I purchased something, could i modify my purchase?",ORDER
"I got an error message when I attempted to make an payment, but I was charged anyway, what can I do to report it?",PAYMENT
I want to know what the mail address of Client Service is,CONTACT
I changed my mind and I want to close my online account,ACCOUNT
i have no fucking user account and id like to create one,ACCOUNT
"i wanna check your money back pooicy, what should i do,please?",REFUNDS
"i dont want my profile, can u close it?",ACCOUNT
"i have an issue when trying to pay, help me report it",PAYMENT
"I want to create an account, what do I have to do?",ACCOUNT
I have a problem when trying to pay for my order,PAYMENT
"id like to lodge a fucking review, what canh i do?",FEEDBACK
"i havent got an online account, could u create one?",ACCOUNT
"I don't understand you, can I talk to a person?",CONTACT
can I download a bill?,INVOICES
"my account was hacked, how can I get it back?",ACCOUNT
ask an agent if I can solve a fucking issue with my payment,PAYMENT
how to download some bills,INVOICES
I need help solving issues paying,PAYMENT
"I don't like the service, can you make a complaint?",FEEDBACK
"I got an error when I tried to make a payment, but I was charged anyway, what can I do to notify it?",PAYMENT
ask an agent if i can chexk my shipments,ORDER
can you obtain a bill?,INVOICES
"i cant understand you, what should i do to contact a fucking human agent?",CONTACT
I want to know what the free phone number of Client Service is,CONTACT
"I want to change my order, can you tell me how to do it?",ORDER
"I can't remember my account password, can you recover it?",ACCOUNT
ask an agent how I can check my order,ORDER
"i need information, how can i speak with client service?",CONTACT
"I have an issue when trying to make a payment with card, can I report it?",PAYMENT
"I'd like information, how could I call Client Service?",CONTACT
"I got an error when I attempted to make a payment, but my card was charged anyway, help me inform of it",PAYMENT
"I don't want my profile, help me delete it",ACCOUNT
"I ordered something, I need help modifying my purchase",ORDER
how do I notify a problem paying?,PAYMENT
"I haven't got a user account, what can I do to register?",ACCOUNT
I need help seeing your reimbursement policy,REFUNDS
show me the cancellation penalty,CANCELLATION_FEE
"the game was cncelled, how do I get a reimbursement?",REFUNDS
ask an agent if I can cancel an order,ORDER
"I don't like the service, how do I lodge a consumer complaint?",FEEDBACK
"ive got no online account, register",ACCOUNT
"I'd like to see the fucking status of my refund, can you help me, please?",REFUNDS
where can i report fucking payment issues?,PAYMENT
"youre not helping, how can i contact a human?",CONTACT
"the game was cancelled, help me get a reimbursement",REFUNDS
could you ask an agent to show me information about my bills ?,INVOICES
"you arent helping, can u contact a human ?",CONTACT
what's the free number of Client Service?,CONTACT
whats the mail addresss of customer support?,CONTACT
tell mr about seeing an invoice,INVOICES
I'm interested in your money back policy and I want information about it,REFUNDS
where can I notify problems paying?,PAYMENT
I want to know where I can obtain a bill,INVOICES
i wanna ask for information about seeing some invoices,INVOICES
"i need information, how do i call customer support?",CONTACT
"please, can you ask an agent where I could track my packages?",ORDER
"id like to see a fucking invoice, tell me where to do it, please",INVOICES
I want information about seeing an invoice,INVOICES
"I bought something, what should I do to modify my order?",ORDER
"the show was cancelled, help me obtain a refund",REFUNDS
"I lost my account password, what should I do to recover it?",ACCOUNT
how to see the cancellation fee,CANCELLATION_FEE
I wanna request information about requesting a bill,INVOICES
where do I view your payment methods ?,PAYMENT
"I need information, canI call Customer Service?",CONTACT
I changed my mind and I want to cancel my user asccount,ACCOUNT
can you tell me what the free number to contact Customer Support is?,CONTACT
"I wanna check my shipments, tell me how to do it",ORDER
"the concert was cancelled, what can i do to get a refund?",REFUNDS
"I didnm't receive my bill, how do I view it?",INVOICES
where can I leave a review?,FEEDBACK
"i wanna notify a payment problem, what can i do?",PAYMENT
I want to ask for information about seeing some invoices,INVOICES
I didn't receive my bills and I want to view them,INVOICES
"i cant understand you, contact a person",CONTACT
can u ask an agent how i could view the status of my fucking purchase?,ORDER
my fucking online account's been hacked and I'd like to get it back,ACCOUNT
askan agent about their refund policy,REFUNDS
can you tell me about the cancellation penalty?,CANCELLATION_FEE
"i dont have an online account, i need help creating one",ACCOUNT
i wanna remove my account,ACCOUNT
how do I notify an issue making a payment?,PAYMENT
"I want to use my other online account, what do I have to do to switch them?",ACCOUNT
"I forgot my account password, how do I reset it?",ACCOUNT
"I'm not happy with the service, what should I do to file a complaint?",FEEDBACK
"the game was cancelled, how can I get a reimbursement?",REFUNDS
can you ask an agent if i can modify my order?,ORDER
"I got an error message when I tried to make a payment, but my card was charged anyway, can you help me?",PAYMENT
can u ask an agent how i can leave a review?,FEEDBACK
the concert was postponed and I want to request a refund,REFUNDS
i want to solve a problem paying,PAYMENT
I want information about the options for delivery,DELIVERY
can I receive a refund?,REFUNDS
is it possible to track my packages?,ORDER
information about the email address of the Client Service,CONTACT
I need help changing to another user account,ACCOUNT
"I ordered a product, how can I change my purchase?",ORDER
can I talk to Customer Service?,CONTACT
where can I delete my online account?,ACCOUNT
"I wanna check my deliveries , tell me how to do it",ORDER
can you find information about the email of the Customer Service?,CONTACT
i want to know how to change my purchase,ORDER
can you ask an agent if they have a newsletter i can subscribe to?,NEWSLETTER
how do I know where my delivery is?,ORDER
help me obtain an invoice,INVOICES
I want to view your payment options,PAYMENT
"I have no account, open one",ACCOUNT
"i want to check the status of my order, what can i do?",ORDER
the concert waspostponed and i wanna get a reimbursement,REFUNDS
"I didn't receive my invoices, can I view them?",INVOICES
what's the free phone number to contact Customer Service ?,CONTACT
"I wanna check my order, tell me how to do it",ORDER
where can i report payment issues?,PAYMENT
can you tell me the mail to contact Customer Service?,CONTACT
I don't know anything about your refund policy and I want to knowabout it,REFUNDS
"could you tell me what the number to contact Customer Service is, please?",CONTACT
I had an issue while creating an account,ACCOUNT
I want to get information about obtaining an invoice,INVOICES
can u ask an agent how to report an issue making a payment?,PAYMENT
can you check my invoices?,INVOICES
can u ask an agent if i can reset my password?,ACCOUNT
"i need help seeing an invoice, please",INVOICES
"I got aan error message when I tried to pay, but my card was charged anyway, what do I have to do to notify it?",PAYMENT
can you tell me how soon i can expect my tickets to arrive?,DELIVERY
i need help informing of problems paying,PAYMENT
ask an agent to request a reimbursement,REFUNDS
"i want to change my purchase, tell me how I can do it",ORDER
I do not understand you and I would like to speak with a human agent,CONTACT
my online account's been hacked and I want to recover it,ACCOUNT
"I have a problem when trying to make a poayment with card, help me report it",PAYMENT
could you ask an agent how I can notify a problem paying?,PAYMENT
"please, can you ask an agent where I could check my invoices?",INVOICES
"I have a problem when trying to make a payment with card, help me inform of it",PAYMENT
I want to know where to check my deliveries,ORDER
can you tell me if I can create two user accounts with the same email address?,ACCOUNT
"id like information, help me talk to client service, please",CONTACT
"can you tell me abput your reimbursement policy, please?",REFUNDS
"I have a problem when trying to pay for my order, what can I do?",PAYMENT
can u talk to a human?,CONTACT
"i want information, what do i have to do to contact customer service?",CONTACT
"I need a reimbursement, how can I request one?",REFUNDS
"I'd like to recover my account password, how can I do it?",ACCOUNT
"can u ask an agent how I could see a bill, please?",INVOICES
"the concert was cancelled, how do I request a refund?",REFUNDS
"please , ask an agent where ican see my invoice",INVOICES
"I'm not happy with the service, help me file a consumer complaint",FEEDBACK
can you tell me the email address of the Customer Service?,CONTACT
can you ask an agent if there's a newsletter i can receive?,NEWSLETTER
"my user account has been hacked, how do i get it back?",ACCOUNT
could you ask an agent how I could notifyy a problem making a payment ?,PAYMENT
"I bought something, can I modify my order, please?",ORDER
"please, ask an agent where i could create a fucking profile",ACCOUNT
where can I check your refund policy?,REFUNDS
can you ask an agent how I can get some invoices?,INVOICES
check your reimbursement policy,REFUNDS
"I have a question, can I speak with Client Service?",CONTACT
the concert was cancelled and i wanna get a refund,REFUNDS
where can I track my order?,ORDER
can u ask an agent where to report issues paying?,PAYMENT
"I want to track my package, tell me how to do it",ORDER
where can I inform of problems with my payment?,PAYMENT
"I get an error when I try to make a payment for my online order, can you help me?",PAYMENT
"i have an issue paying with card, what do i have to do?",PAYMENT
ask an agent how to check my orders,ORDER
how can i notify problems with my payment?,PAYMENT
help me see your refund policy,REFUNDS
tell me if I can pay with Master Card,PAYMENT
"I want to submit a consumer complaint, can youhlp me?",FEEDBACK
I wanna request information about seeing a bill,INVOICES
can you tell me if my package is on its way?,ORDER
"i donty have an account, can u help me?",ACCOUNT
"i dont want my user account, can u close it?",ACCOUNT
"I have a problem when trying to pay for my online order, how can I notify it?",PAYMENT
"i lost my password, what should i do to recover it?",ACCOUNT
"I want information, can I send an email to Client Service?",CONTACT
"I want to inform of an issue making a payment, what do I have to do?",PAYMENT
"I want information and I'd like to speak with Customer Service, please",CONTACT
can you ask an agent if i can request some invoices?,INVOICES
how to notify a problem wiht my payment,PAYMENT
"I have a question, call Customer Support",CONTACT
where can I write a comment?,FEEDBACK
"I can't find my bills, can I view thm?",INVOICES
tell me how I can track my package,ORDER
I want to know how I can obtain an invoice,INVOICES
"I have an issue when trying to make a payment with card, what do I have to do to inform of it?",PAYMENT
help me see your money back guarantee,REFUNDS
"ask an agent to show me information about the delivery options, please",DELIVERY
how do I check your payment options?,PAYMENT
"I got an error when I tried to make a payment, but my card was charged anyway, inform of it",PAYMENT
how to edit my shipping address,SHIPPING
"could you tell me how to download a bill, please?",INVOICES
my user account's been hacked and I want to get it back,ACCOUNT
"I have an issue when trying to pay for my order, inform of it",PAYMENT
"I have an issue when trying to pay for my online order, I need help informing of it",PAYMENT
i get an error message when i try to make a payment for my order,PAYMENT
"i want to know how to change my fucking order, please",ORDER
"he game was postponed, could I obtain a reimbursement ?",REFUNDS
i wanna inform of a payment problem,PAYMENT
"the game was postponed, how do I obtain a reimbursement?",REFUNDS
I have an issue paying with card and I'd like to report it,PAYMENT
"I ordered something , what can I do to hcange my order?",ORDER
"I want to see your reimbursement policy, can you help me?",REFUNDS
how to cancel my profile,ACCOUNT
"I don't understand you, how can I contact someone?",CONTACT
"you're not helping, what do I have to do to speak with a human agent?",CONTACT
"I got an error message when I tried to make a payment, but I was charged anyway, help me report it",PAYMENT
can I create more than one user account with the same email address?,ACCOUNT
"I don't want my user account, help me delete it",ACCOUNT
"i have no shipping address, how can i set one up?",SHIPPING
"I have no account, what can I do to register?",ACCOUNT
"please, ask an agent where to open an online account",ACCOUNT
"i forgot my account password, help me retrieve it",ACCOUNT
"I chaged my mind, delete my profile",ACCOUNT
"you're not helping, what should I do to contact someone?",CONTACT
could u ask an agent if i could report an issue making a payment?,PAYMENT
"i need a profile, can u help me?",ACCOUNT
"I can't remembermy password, how can I recover it?",ACCOUNT
"an error message pops when I try to pay with card, whta should I do?",PAYMENT
"I have an issue making a payment with card, what do I have to do to inform of it?",PAYMENT
"I changed my mind, help me cancel my profile",ACCOUNT
"I don't have an online account, can I open one?",ACCOUNT
I want information about downloading some bills,INVOICES
"I haven't got a pfofile, can you create one?",ACCOUNT
can u show me information about the status of my refund?,REFUNDS
"I have an issue paying for my online order, I need help reporting it",PAYMENT
wha can u tell me about getting some bills?,INVOICES
"I don't have an online account, register",ACCOUNT
"my user account has been hacked, can i get it back?",ACCOUNT
"I have a problem when trying to make a payment with card, can you report it?",PAYMENT
where do I view my bill?,INVOICES
"I didn't receive my invoice, what do I have to do to check it?",INVOICES
i wanna know if theres a newsletter ot keep me up-to-date,NEWSLETTER
the event was cancelled and i want to obtain a refund,REFUNDS
"I have an issue making a payment, can I inform of it?",PAYMENT
where could i inform of fucking payment issues?,PAYMENT
"I want to see your payment methods, what can I do?",PAYMENT
"the show was postponed, how can I obtain a refund?",REFUNDS
"I changed my mind, can you remove my online account?",ACCOUNT
can you show me the mail of Client Service?,CONTACT
"I have a question, what should I do to speak with Client Service ?",CONTACT
"I want to obtain a refund, what should I do?",REFUNDS
"the show was cancelled, can i request a reimbursement?",REFUNDS
"I have a problem when trying to pay, how can I inform of it?",PAYMENT
how do I get some bills?,INVOICES
"I want information, what can I do to contact Client Service?",CONTACT
"the concert wascanvelled, help me obtain a refund",REFUNDS
"please , could you ask an agent how to report a fucking problem making a payment?",PAYMENT
what's the status of my purchase?,ORDER
"I got an error message when I attempted to pay, but my card was charged anyway, how can I report it?",PAYMENT
"the game was postponed, request a refund",REFUNDS
"i want to use my other user account, help me change them",ACCOUNT
"i cant remember my passwlrd, i need help resetting it",ACCOUNT
ask an agent if i can solve problems making a paymeent,PAYMENT
"I need a refund, what should I do to obtani one?",REFUNDS
"please, ask an agent how to download a ufcking bill",INVOICES
"i would like to see some invoices, can you give me some information?, please",INVOICES
"I got an error when I attempted to pay, but my card was chareged anyway, how do I report it?",PAYMENT
can I create two user accounts with a single email address?,ACCOUNT
"I want to make an opinion, what do I hve to do?",FEEDBACK
I want to see the free number to contact Customer Support,CONTACT
"please, could you tell me if i could register several fucking accounts with a single email?",ACCOUNT
can you show me information about the options for ticket delivery?,DELIVERY
can u ask an agent what the mail of client service is?,CONTACT
help me track my shipment,ORDER
"I ordered something, can i change my purchase ?",ORDER
"I changed my mind, what can I do to remove myprofile?",ACCOUNT
I need help viewing the status of my refund,REFUNDS
i want to know how I can subscribe to the newsletter,NEWSLETTER
"i got a error when i tried to make a payment, but my card was charged anyway, i need help informing of it, please",PAYMENT
"i made a miustake, how can i modify my purchasse?",ORDER
"ive got no profile, what should i do?",ACCOUNT
how can I check your money back guarantee?,REFUNDS
"I can't find my bills, view them",INVOICES
"I want to know if I could register two fucking online accounts with a single email address, please",ACCOUNT
tell me if I can register several online accounts with the same email address,ACCOUNT
"you aren't helping, what should I do to contact a person?",CONTACT
I want to know if I can download a bill,INVOICES
can u ask an agent to notify issues with my payment?,PAYMENT
can you give me information about the cancellation penalties ?,CANCELLATION_FEE
how do I see your refund policy?,REFUNDS
I want to request information about downloading a bill,INVOICES
"could you ask an agent how to see the status of my refund, please?",REFUNDS
"I forgot my account password, how can I recover it?",ACCOUNT
"tell me if I can register several online accounts with a single email address, please",ACCOUNT
"I want to download some bills, can you give me some information?",INVOICES
I ordered an item and I want to change my order,ORDER
"the show was postponed, can I request a refund?",REFUNDS
"someone stole my account password, what do i have to do to reset it?",ACCOUNT
help me solve payment problems,PAYMENT
"i have a question, help me contact client service",CONTACT
can I lodge a consumer complaint for a service?,FEEDBACK
"I would like a fucking user account and I would like to create one, please",ACCOUNT
"i want to view the status of my refund, can u help me?",REFUNDS
"I don't have a user account, how do I create one?",ACCOUNT
"could u ask an agent where to view my fucking bills, please?",INVOICES
"i need an account, can i create one?",ACCOUNT
I got no payment validation,PAYMENT
"my profile's been hacked, what can i do to recover it?",ACCOUNT
"please, can you ask an agent where I could notify problems making a payment?",PAYMENT
"I want an online account, I need help creating one",ACCOUNT
"the event was cancelled, could I get a reimbursement?",REFUNDS
ask an agent hos i can edit my profile,ACCOUNT
"I can't understand you, what do I have to do to contact a human?",CONTACT
"please , can u ask an agent if i could open an account?",ACCOUNT
"I purchased a product, how can I modify my purchase?",ORDER
I get an error when I attempt to make a payment with card,PAYMENT
"I didn't receive my invoice, can I check it?",INVOICES
ask an agent how to see the status of my refund,REFUNDS
how to change to amother online account,ACCOUNT
can u ask an agent how to inform of issues paying?,PAYMENT
"I don't want my profile, help me remove it",ACCOUNT
can you tell me what the email to contact Customer Support is?,CONTACT
"i want to obtain some bills, can you give me some information?",INVOICES
"ask an agent how I can request a bill, please",INVOICES
where tocheck my bills,INVOICES
"I want an account, what can I do?",ACCOUNT
"please, can u ask an agent how i can check my bills?",INVOICES
"I don't have an onlinje account, how can I register?",ACCOUNT
"i need a reimbursement, what can i do?",REFUNDS
"I don't like the service, what can I do to make a consumer complaint?",FEEDBACK
"I purchased an item, what do i have to do to modify my purchase?",ORDER
"the show was cancelled, what do I have to do to obtain a reimbursement?",REFUNDS
"I do not understand you, I need help talking to a person",CONTACT
I want to view the options for ticket delivery,DELIVERY
can you tell me the email address of Customer Service?,CONTACT
"I'm not happy with the service, I need help making a complaint",FEEDBACK
help me talk to client service,CONTACT
"i ordered a product, what do i have to do to modify my purchase?",ORDER
I purchased a product and I wanna change my purchase,ORDER
"i have an issue when trying to pay for my order, notify it, please",PAYMENT
"I have no shipping address, I need help setting it up",SHIPPING
"I have a question, how can I call Customef Service?",CONTACT
can u give me information about the mail address to contact Client Service?,CONTACT
im not happy with the service and i wanna file a consumer complaint,FEEDBACK
how to check my order,ORDER
can you ask an agent if i could request some bills?,INVOICES
I need help tracking my shipment,ORDER
"please, can u ask an agent if i can solve a fucking issue with my payment?",PAYMENT
"I would like information, I need help calling Customer Service, please",CONTACT
"I want to view your money back guarantee, can you help me?",REFUNDS
i have a problem paying for my order and i wanna notify it,PAYMENT
"I need information, ohw can I talk to Customer Suppoort?",CONTACT
"i cat understand you, what should i do to speak with a fucking person?",CONTACT
"I have a question, what do I have to do to send an email to Customer Support?",CONTACT
"I got an error message when I attempted to make a payment, but I was charged anyway, what should I do to notify it?",PAYMENT
"I want to notify a problem paying, what do I have to do?",PAYMENT
"I want to get a bill, can you tell me how to do it?",INVOICES
"I don't have an account, what can I do?",ACCOUNT
where to lodge a consumer complaint for a service,FEEDBACK
can u ask an agent how can obtain a reimbursement?,REFUNDS
"I have a problem paying with card, help me inform of it",PAYMENT
tell me if I can have several accounts,ACCOUNT
"i purchased something, how do I modify my order?",ORDER
I need help calling Customer Support,CONTACT
"ask an agent where i can se my bill, please",INVOICES
can you tell me if I can register more than one online accoun with the same email?,ACCOUNT
could you ask an agent how I could solve problems with my payment?,PAYMENT
"I got an error message when I tried to make a payment, but my card was charged anyway and I want to report it",PAYMENT
"could u ask an agent if i could notify payment problewms, please?",PAYMENT
can u ask an agent where to create a profile?,ACCOUNT
I found issues signing up,ACCOUNT
tell me where to track my delivery,ORDER
"I can't remember my account password, what do I have to do to reset it ?",ACCOUNT
can u ask an asgent to remove my account?,ACCOUNT
I want information aboutgetting some invoices,INVOICES
"i lost my password, what can i do to reset it?",ACCOUNT
how can I see the cancellation penalty ?,CANCELLATION_FEE
"I don't want my profile, close it",ACCOUNT
"I can't remember my account password, retrieve it",ACCOUNT
I need help informing of a payment issue,PAYMENT
"i wanna see the delivery options, whatco i have to do?",DELIVERY
"ask an agent how to notify issues with my payment, please",PAYMENT
"I didn't receive my invoice, how do I view it?",INVOICES
"i wanna close my user account, where can i do it?",ACCOUNT
"could you ask an agent how I can notify a fucking issue making a payment, please?",PAYMENT
"I need information, help me send an email to Client Service",CONTACT
an error pops when I attempt to make a payment for my online order,PAYMENT
i wanna know if i can make a payment with Visa,PAYMENT
"I have an issue paying for my order, I need help notifying it, please",PAYMENT
"I don't understand you, how do I contact a human agent?",CONTACT
"I've got no user account, what can I do to create one?",ACCOUNT
can you ask an agent how I can check my delivery?,ORDER
"I want to check the cancellation fee, what should I do?",CANCELLATION_FEE
"please, could u ask an agent where to notify fucking problems making a payment?",PAYMENT
"I don't understand you, help me speak with a human",CONTACT
"I haven't got a user account, can you opne one?",ACCOUNT
"I want information, help me send an email to Customer Support",CONTACT
ask an agent where i can view the cancellation penalties,CANCELLATION_FEE
is my shipment on its way?,ORDER
"you're not helping, how do I speak with a person?",CONTACT
"youre not helping, i need help speaking with someone",CONTACT
can you tell me how to obtain some bills?,INVOICES
can you get some bills?,INVOICES
ask an agent to notify fucking issues with my payment,PAYMENT
you're not helping and I want to speak with a person,CONTACT
"i want a refund, can u help me?",REFUNDS
"please, could you ask an agent how I could modify my order?",ORDER
"I want to see the status of my refund, what do I have to do?",REFUNDS
can you show me information about the status of my order?,ORDER
"I'm not happy with the service, can I file a complaint?",FEEDBACK
"I can't remember my account password, I need help recovering it",ACCOUNT
i have an issue paying for my online order,PAYMENT
"I want information, can you talk to Customer Service?",CONTACT
ask an agent if i can download a bill,INVOICES
how to modify my profile,ACCOUNT
o need help seeing your payment methods,PAYMENT
"I'd like to obtain a bill, can you tell me where to do it, please?",INVOICES
"the concerft was cancelled, what do I have to do to request a refund?",REFUNDS
"the game was cancelled, can I get a reimbursement?",REFUNDS
I've got no online acount and I want to create one,ACCOUNT
"could you ask an agent how I can report fucking problems paying, please?",PAYMENT
I' trying to open an account but I can't,ACCOUNT
can u ask an agent if i can track my delivery?,ORDER
where do I notify a problem making a payment?,PAYMENT
I want to view the ticket delivery options,DELIVERY
"i got an error when i attempted to make a payment, but i was charged anyway and i wanna inform of it",PAYMENT
"my online account's bwen hacked, what can I do to get it back?",ACCOUNT
"please, can you ask an agent how to know where my fucking shipments are?",ORDER
"I lost my bill, what do I have to do to view it?",INVOICES
"I have an issue paying for my order, what do I have to do?",PAYMENT
"can u ask an agent how to report an issue making a payment, please?",PAYMENT
"ask an agent if I can solve problems with my payment, please",PAYMENT
how can I inform of a problem making a payment?,PAYMENT
I want information about the status of my order,ORDER
"I purchased a product, I need help changing my purchase",ORDER
I want to know something about downloading an bill,INVOICES
I need help contacting a human agent,CONTACT
I changed my mind and I want to remove my account,ACCOUNT
how could I create a fucking user account?,ACCOUNT
"i forgot my account password, reset it",ACCOUNT
I want to knmow if I can register several online accounts with a single email address,ACCOUNT
how to notify an issue paying,PAYMENT
"I need information, can I talk to Client Service?",CONTACT
I don't want my online account,ACCOUNT
tell me if I can register two user accounts with a single email address,ACCOUNT
"I have a question, whta do I have to do to speak with Client Service?",CONTACT
can you tell me how soon I can expect my ticket?,DELIVERY
I want to know what the mail address of Customer Support is,CONTACT
someone stole my password and id like to retrieve it,ACCOUNT
what can you tell me about requesting an invoice?,INVOICES
"I dn't like the service, make a consumer complaint",FEEDBACK
"i wanna obtain some invoices, ell me how to do it",INVOICES
where do I write a comment?,FEEDBACK
"I don't want my profile, what do I have to do to close it?",ACCOUNT
"i cant understand you, how do i talk to a human agent?",CONTACT
"ask an agent to close my online account , please",ACCOUNT
"please, tell me where to check my shipment",ORDER
"please, could u ask an agent where to lodge a consumer complaint for a service?",FEEDBACK
"im happy with the service, help me lodge a review",FEEDBACK
I want to know where I can change my purchase,ORDER
what can you tell me about downloading some invoices?,INVOICES
"i cant understand you, what can i do to talk to a person ?",CONTACT
"can you tell me when my tickets will arrive, please?",DELIVERY
wheree do I inform of a payment issue?,PAYMENT
"I need information, can you contact Customer Support?",CONTACT
tell me if I can register more than one online account with the same email,ACCOUNT
"i want to obtain a reimbursement, could u help me?",REFUNDS
where do I report problems paying?,PAYMENT
"I forgot my account password, what can I do to retrieve it?",ACCOUNT
"I'm discontent with the service, submit a consumer complaint",FEEDBACK
I want information about changing my purchase,ORDER
"I got an error message when I attempted to make a payment, but I was charged anyway, what should I do to inform of it?",PAYMENT
ask an agent where i can make an order,ORDER
"please, can u ask an agent to show me my invoices?",INVOICES
"i forgot my account password, help me recover it",ACCOUNT
"I want to track my deliveries, tell me where I acn do it",ORDER
"i have a problem paying with card , what can i do to notify it?",PAYMENT
I want to know if I get a full refund in case I cancel my ticket,REFUNDS
"do you mind asking an agent how I could check my order, please?",ORDER
"I have an issue when trying to pay for my order, I need help notifying it",PAYMENT
I get a error message when I attempt to make a payment for my online order,PAYMENT
can you ask an agent where I could inform of a fucking payment issue?,PAYMENT
how to inform of an issue paying,PAYMENT
"I have a question, what can I do to send an email to Customer Support?",CONTACT
"i wanna see the status of my reimbursement, what can i do, please?",REFUNDS
"i didn't receive my invoice, can u view it?",INVOICES
I don't understand you and I want to contact a human,CONTACT
"I want to check your payment options, can you help me?",PAYMENT
"i didn't receive my invocies, could u check them?",INVOICES
"I changed my mind, how do I cancel my user account?",ACCOUNT
where to change my shipping address,SHIPPING
"I want to file a review, what do I have to do?",FEEDBACK
can u ask an agent if i can write a review?,FEEDBACK
"i got an error when i tried to pay, but i was charged anyway, what should i do to inform of it?",PAYMENT
could u ask an agent how i can viewthe cancellation fee?,CANCELLATION_FEE
could i register more than one account with asingle email?,ACCOUNT
i wanna inform of a problem paying,PAYMENT
"I have an issue paying with card, help me inform of it",PAYMENT
can I call Client Service?,CONTACT
"i want to view your money back policy, can u help me?",REFUNDS
"i cant understand you, can u speak with someone?",CONTACT
where do I write a review for a service?,FEEDBACK
"I want information, speak with Customer Support",CONTACT
"you aren't helping, what do I have to do to contact a human?",CONTACT
"i got an error message when i tried to make a payment, but i was charged anyway and i wanna notify it",PAYMENT
tell me where I can track my delivery,ORDER
can u check my bill?,INVOICES
"please, can you ask an agent how to make an order?",ORDER
"ask an agent wnere I could receive the newsletter, please",NEWSLETTER
"I don't like the service, I need help submitting a complaint",FEEDBACK
"I want to see cancellation penalties, what can I do?",CANCELLATION_FEE
how to inform of a problem making a payment,PAYMENT
"please, could you tell me if i could register several fucking online accounts with the same email address?",ACCOUNT
can you show me the mail to contact Client Service?,CONTACT
"could you ask an agent if I can delete my fucking online account, please?",ACCOUNT
can u ask an agent where i can register?,ACCOUNT
"I can't find my bills, I need help checking them",INVOICES
"the event was cancelled , what can I do to get a refund?",REFUNDS
I want to talk to someone,CONTACT
"please, can you tell me if i could create several profiles with a single email?",ACCOUNT
where do i file a consumer complaint for a service?,FEEDBACK
"I want to check my delivery , tell me where to do it",ORDER
"I want a reimbursement, how can I get one?",REFUNDS
i wanna change the information on my profile,ACCOUNT
"I changed my mind, I need help canceling my user account",ACCOUNT
what are your payment methods?,PAYMENT
"I didn't receiove my bill, help me view it",INVOICES
can you tell me if I can modify my purchase?,ORDER
"please, can u ask an agent where i can see the options for ticket delivery?",DELIVERY
where can I see the cancellation penalty?,CANCELLATION_FEE
"an error pops when i attempt to pay, what can i do?",PAYMENT
an you tell me if I can own more than one profile?,ACCOUNT
how to see your money back guarantee,REFUNDS
"I have a problem when trying to pay, how do I inform of it?",PAYMENT
"I'm not happy with the service, can you lodge a consumer complaint?",FEEDBACK
I've got no online account and I want to open one,ACCOUNT
help me see the status of my reimbursement,REFUNDS
"can you ask an agent how I can check the fucking cancellation penalties, please?",CANCELLATION_FEE
"I get an error when I attempt to make a payment for my online order, what should I do?",PAYMENT
"I want to use my other account, what should I do to switch them?",ACCOUNT
can u ask an agent if i can notify an issue making a payment?,PAYMENT
"i got an error when i tried to make a payment, but i was charged anyway, what should i do to inform of it?",PAYMENT
can you tell me if I can register more than one online account with a single email address?,ACCOUNT
how can i talk to a person?,CONTACT
i wanna know if i can create more than one profile with the same email address,ACCOUNT
"you aren't helping, help me contact a human agent",CONTACT
"I made a mistake, modify my order",ORDER
"I want a reimbursement, how can I request one?",REFUNDS
i cant understand you and i want to contact a person,CONTACT
the payment won't go through,PAYMENT
"i dont want my fucking user account, how can i remove it?",ACCOUNT
"I want to check the options for ticket delivery, can you help me?",DELIVERY
"I ahve an issue when trying to make a payment, inform of it",PAYMENT
how to change to another rpofile,ACCOUNT
how to solve a problem with my payment,PAYMENT
"ask an agent how to report issues making a payment, please",PAYMENT
how can I mlake an order?,ORDER
"I can't find my invoices, help me view them",INVOICES
I need help speaking with a person,CONTACT
ask an agent for information about the status of my order,ORDER
"I want to get some bills, tell me how to do it",INVOICES
help me talk to a human agent,CONTACT
can I speak wkth Client Service?,CONTACT
"i dont have a user account, what do i have to do to create one?",ACCOUNT
"the concert was cancelled, help me get a reimbursement",REFUNDS
"i wanna use my other online account, what should i do to switch them?",ACCOUNT
can you tell me if I can see an invoice?,INVOICES
"I want a reimbursement, what do I have to do to request one?",REFUNDS
can you show me the number to contact Client Service?,CONTACT
tel me if I can have more than one profile,ACCOUNT
"I made a mistake, what can I do to change my order?",ORDER
can you find information about the mail of the Customer Support?,CONTACT
I need help requesting an invoice,INVOICES
"I wanna obtain some bills , can you tell me how to do it?",INVOICES
how can I request a refund?,REFUNDS
where could I write a fucking opinion?,FEEDBACK
"my profile's been hacked, what should i do?",ACCOUNT
could u ask an agent where i can report a fucking issue making a payment?,PAYMENT
"I have no account, can you createw one?",ACCOUNT
"I get an error message when I attempt to make a payment with card, what do I have to do?",PAYMENT
"I ned a refund, can I obtain one?",REFUNDS
"i want to submit a complaint fora service, what do i have to do?",FEEDBACK
"please, could you ask an agent if I could make changes to my fucking shipping address?",SHIPPING
"i have no online acconut, can i create one?",ACCOUNT
i want to know if i can create several profiles with a single email,ACCOUNT
"i want information, i need help calling client service",CONTACT
"ask an agent were I can notify a fucking payment problem, please",PAYMENT
can you tell me if I can register several user accounts with the same email address?,ACCOUNT
how to inform of a fuckingproblem paying,PAYMENT
can u ask an agent what the mail address of the Client Service?,CONTACT
"I bought something, can I change my purchase?",ORDER
"I'd like to file an opinion, what can I do?",FEEDBACK
"please, could u ask an agent what the mail to contact customer service is?",CONTACT
"I have a question, what do I have to do to contact Customer Service?",CONTACT
I want to know something about seeing a bill,INVOICES
how do I rremove my profile?,ACCOUNT
"I have an issue when trying to make a payment, can I notify it?",PAYMENT
"I want to track my package, tell me how I can do it",ORDER
I wanna know where I can check my shipment,ORDER
"i got an error message when i tried to pay, but my card was charged anyway and i want to report it",PAYMENT
can you tell me if service fees are refundable?,REFUNDS
can you tell me where I can track my depivery?,ORDER
"I have an issue when trying to make a payment, can you notify it?",PAYMENT
can you tell me if i can create seevral online accounts wih the same email?,ACCOUNT
how to view the delivery options,DELIVERY
"I got an error message when I tried to make a payment, but my card was charged anyway, notify it",PAYMENT
"someone stole my password, can you help me?",ACCOUNT
how can I inform of problems paying?,PAYMENT
"i wanna check the cancellation fee, what can i do?",CANCELLATION_FEE
how can I inform of a payment problem?,PAYMENT
"I'm not happy with the service, help me make a complaintg",FEEDBACK
ask an agent if i can edit my shipping address,SHIPPING
"the concert was postponed, how do I obtain a reimbursement?",REFUNDS
where do i check your refund policy?,REFUNDS
"I haven't got a fucking user account, help me create one",ACCOUNT
"i got an error wen i tried to pay, but my card was charged anyway, what do i have to do to inform of it?",PAYMENT
I found an issue when trying to sign up,ACCOUNT
"i wannacheck cancellation fees, what should i do ?",CANCELLATION_FEE
"I'm happy with the service, what should I do to make an comment?",FEEDBACK
where do I see the ticket delivery options ?,DELIVERY
"I get an error when I try to make a payment, what should I do?",PAYMENT
"I have a problem when trying to make a payment with card, report it",PAYMENT
"the event was postponed, request a reimbursement",REFUNDS
"I need a reimbursement, what do I have to do?",REFUNDS
"i have a question, how do i contact client service?",CONTACT
"I have an issue when trying to pay for my online order, can I notify it?",PAYMENT
cqn you ask an agent if I can track my delivey?,ORDER
"I don't ant my user account, delete it",ACCOUNT
i dont have an online acdount,ACCOUNT
can you tell me what the email address of the Customer Support is?,CONTACT
"I can't remember my account password, how do I retrieve it?",ACCOUNT
can I change my order?,ORDER
I want to leave a comment,FEEDBACK
show me the fucking number of Customer Service,CONTACT
"you arent helping, what should i do to talk to a human?",CONTACT
hel me track my orders,ORDER
tell me how I can check my orders,ORDER
you aren't helping and I want to contact a human agent,CONTACT
could you tell me what the number of Customer Support is?,CONTACT
can u ask an agent to check my package?,ORDER
"I don't want my account, can I delete it?",ACCOUNT
how soon can I expect my ticket to arrive?,DELIVERY
"I want to know the status of my refund, what should I do?",REFUNDS
ask an agent where i could report a payment issue,PAYMENT
ask an agent where to check my invoice,INVOICES
"i got an error when i attempted to pay, but i was charged anyway, what do i have to do to report it?",PAYMENT
"I want to view the options for ticket delivery, what should I do?",DELIVERY
"the show was postponed, what do I have to do to get a reimbursement?",REFUNDS
"I got an error message when I attempted to make a payment, but my card was charged anyway, I need help reporting it",PAYMENT
can you tell me how I can know where my shipment is?,ORDER
the show was cancelled and i wanna obtain a reimbursement,REFUNDS
could you ask an agent if I could see my bill?,INVOICES
can u ask an agent how t track my packages?,ORDER
"I have a question, what do I have to do to send an email to Customer Service?",CONTACT
"I bought a product, how do I modify my purchase?",ORDER
"I want to obtain some bills , tell me how I can do it",INVOICES
"ask an agent what the fucking email address to contact Customr Support is, please",CONTACT
"I would like to solve an issue paying, what should I do?",PAYMENT
I want to know where to get a bill,INVOICES
"I got an error message when I tried to make a payment, but I was charged anyway and I want to notify it",PAYMENT
i wanna close my online account,ACCOUNT
I want to know if I can create several profiles with the same email address,ACCOUNT
"the game was cancelled, request a reimbursement",REFUNDS
the game was canceled and I want to obtain a reimbursement,REFUNDS
"an error message pops when I attempt to pay, what should I do?",PAYMENT
"please, can u ask an agent to give me information about their fucking money back policy?",REFUNDS
"the show was cancelled, could i get a erimbursement , please?",REFUNDS
"I purchased a product, can I modify my order?",ORDER
can I create several accounts with a single email address?,ACCOUNT
"I lost my fucking password, could you reset it?",ACCOUNT
can I track my edlivery?,ORDER
I need information and I want to speak with Customer Service,CONTACT
"please, could u ask an agent if I could track my delivery?",ORDER
"i want to know if i could register several user accounts with a single email, please",ACCOUNT
"I want to get some invoices, can you tell me how to do it?",INVOICES
how may I know where my order is?,ORDER
"I got an error when I tried to pay, but my card was charged anyway, inform of it",PAYMENT
"I bought a product, what can I do to modify my order?",ORDER
"I got an error message when I tried to pay, but I was charged anyway, what can I do?",PAYMENT
"i get an error message when i try to pay, what do i have to do?",PAYMENT
"i wanna request some fucking bill , can you give me some information?, please",INVOICES
"can u show me information about the mail address of the Customer Service, please?",CONTACT
can u ask an agent to check my shipments?,ORDER
"ask an agent where I could inform of problems making a payment, please",PAYMENT
"I got an error message when I attempted to pay, but my card was charged anyway, what should I do to notify it?",PAYMENT
"I'm not happy with the service, how do I make a consumer complaint?",FEEDBACK
"please, ask an agent if i could obtain some bills",INVOICES
"Id like to download a bill, can you show me some information?, please",INVOICES
I want to know when my tickets are going to arrive,DELIVERY
"could u ask an agent where i could obtain a reimbursement, please?",REFUNDS
"I would like to check my packages, can you tell me where to do it?",ORDER
I have an issue with the registration,ACCOUNT
"I want to modify my purchase , can you tell me how I can do it?",ORDER
how do I open a user account?,ACCOUNT
can u ask an agent what the hours of customer support are?,CONTACT
"i have a problem when trying to make a payment, can u inform of it?",PAYMENT
I purchased something and I'd like to change my purchase,ORDER
"I want to track my packages, tell me where to do it",ORDER
what information do you have about changing my purchase?,ORDER
can you ask an agent if I could remove my fucking user account?,ACCOUNT
I have a problem signing up,ACCOUNT
I need information about seeing an invoice,INVOICES
"I have a problem when trying to make a payment with card, how can I inform of it?",PAYMENT
how do i inform of a problem making a payment?,PAYMENT
"i lost my password, can u help me?",ACCOUNT
"I have an issue when trying to pay for my online order, what can I do to report it?",PAYMENT
how can I report issues paying?,PAYMENT
"you arent helping, what do i have to do to speak with a human agent?",CONTACT
"I want to file a consumer complaint, what should I do?",FEEDBACK
"I want to file a fucking coment for a service, could you help me?",FEEDBACK
"i wanna track my reimbursement, what do i have to do?",REFUNDS
"i have no fucking shipping address, what should i do to set one up?",SHIPPING
can u show me the email address of the Customer Support?,CONTACT
"I have no online account, can I register?",ACCOUNT
"i dont wan my accout, close it",ACCOUNT
I want to check the cancellation penalty,CANCELLATION_FEE
"I get an error message when I attempt to pay, can you help me?",PAYMENT
information about obtaining an invoice,INVOICES
can you tell me if I can create two online accounts with the same email address?,ACCOUNT
"I ordered an item, what do I have to do to change my purchase?",ORDER
"I got an error message when I tried to pay, but my card was charged anyway, what should I do to inform of it?",PAYMENT
where to delete my online account,ACCOUNT
"my user account was hacked, how can I recover it?",ACCOUNT
I ordered a product and I want to modify my purchase,ORDER
"i changed my mind, how do i close my account?",ACCOUNT
i want to know what the mail of the Client Service is,CONTACT
"I'm happy with the service, what do I have to do to file an opinion?",FEEDBACK
can you tell me if I can own several profiles?,ACCOUNT
ask an agent if I can see some bills,INVOICES
where do i write an opinion?,FEEDBACK
"I want to get an invoice, tell me where I can do it",INVOICES
"i wanna lodge a consumer complaint for a service, what can i do?",FEEDBACK
where to see the cancellation fee,CANCELLATION_FEE
"I lost my invoicews, how do I see them?",INVOICES
can you tell me if I can create several accounts with a single email?,ACCOUNT
tell me if I can download some invoices,INVOICES
how do I obtain some bills?,INVOICES
"i dont want my account, how do i remove it?",ACCOUNT
I need information about seeing abill,INVOICES
can you tell me if I can register two accounts with a single email?,ACCOUNT
"I have an issue when trying to pay for my online order, what do I have to do to report it?",PAYMENT
"i ordered a product, what do I have to do to change my order?",ORDER
I want to know how I can check my orders,ORDER
"I get an error message whne I attempt to pay with card, what do I have to do?",PAYMENT
my user account's been hacked and I want to recover it,ACCOUNT
"the payment failed, what should I dop?",PAYMENT
"I want to download an invoice, can you show me some information?",INVOICES
"i wanna report an issue paying, what do i have to do?",PAYMENT
"I got an error when I tried to make a payment, but my card was charged anyway, can I inform of it?",PAYMENT
"I want to check the status of my purchase, can you help me?",ORDER
"you aren't helping, can I speak with a person?",CONTACT
can u ask an agent how to solve a payment problem?,PAYMENT
whats the fucking mail address to contact customer service?,CONTACT
"I'm not happy with the service, can you file a consumer complaint?",FEEDBACK
"im happy with the service, how can i lodge a review?",FEEDBACK
I haven't got an online account,ACCOUNT
"an error pops when I attempt to pay with card, what can I do?",PAYMENT
I don't like the service and I want to lodge a consumer complaint,FEEDBACK
"can u show me the fucking free phone number to contact customer service, please?",CONTACT
how can I make a purchase?,ORDER
you're not helping and I want to contact a person,CONTACT
can u ask an agent if theres a newsletter to keep me up-to-date?,NEWSLETTER
show me the hours of Client Service,CONTACT
where do i cancel my online account?,ACCOUNT
"i dont want my user account, whazt can i do to remove it?",ACCOUNT
"please, ask an agent if i can check the options for ticket delivery",DELIVERY
how can I leave an opinion for a service?,FEEDBACK
i have an issue paying for my order and i wanna report it,PAYMENT
ask an agent to notify a fucking problem with my payment,PAYMENT
"I have a problem making a payment, I need help informing of it",PAYMENT
I want to check my shipment,ORDER
"I got an error when I tried to pay, but my card was charged anyway, how do I inform of it?",PAYMENT
"i have a problem when trying to pay with card, help me notify it",PAYMENT
"the event was postponed, what should I do to request a refund?",REFUNDS
"I got an error message when I attempted to pay, but my card was charged anyway and I want to report it",PAYMENT
I have a problem paying with card and I want to report it,PAYMENT
I need help speaking wiht a human,CONTACT
"I got an error when I attempted to pay, but I was charged anyway, can you inform of it?",PAYMENT
can u ask an agent how i can contact customer service?,CONTACT
ask an agent how i could inform of a fucking issue paying,PAYMENT
how do i switch to another online account?,ACCOUNT
"i want to notify an issue making a payment, can u help me?",PAYMENT
"I want to remove my online account , where can I do it?",ACCOUNT
can you tell me the mail of Customer Service?,CONTACT
"can you ask an agent how I can solve a problem with my payment, please?",PAYMENT
"i have an issue paying for myorder, what do i have to do to inform of it?",PAYMENT
"I want to track my packages, can you tell me where to do it?",ORDER
I found problems while registering,ACCOUNT
"can u ask an agent if I can download some invoices, please?",INVOICES
tell me how to check myshipment,ORDER
"I haven't got an account, I need help registering",ACCOUNT
help me solve an issue paying,PAYMENT
can you track my packages?,ORDER
the game was cancelled and I want to get a refund,REFUNDS
how to make a complaint,FEEDBACK
"i wanna notify a problem paying, can u help me?",PAYMENT
can i solve issues paying?,PAYMENT
"can u ask an agent how i could set up my fucking shipping address, please?",SHIPPING
"I forgot my account password , I need help recovering it",ACCOUNT
can I register two user accounts with an single email address?,ACCOUNT
"I lost my invoices, what should I do to view them?",INVOICES
"I have an issue when trying to make a payment with card, report it",PAYMENT
tell me if I can check my order,ORDER
I wanna know if my packages are out for delivery,ORDER
"I have an issue paying with card, what should I do?",PAYMENT
"i have an issue paying for my online order, i need help informing of it",PAYMENT
"I don't understand you, can I speak with someone?",CONTACT
"I have an issue paying with card, I need help reporting it",PAYMENT
how do I see your money back guarantee?,REFUNDS
i wanna make a modification in my purchase,ORDER
"I have a probelm paying for my order, how do I inform of it?",PAYMENT
can u ask an agent if i can request some bills?,INVOICES
"I got an error message when I attempted to make a payment, but my card was charged anyway, what do I have to do to inform of it?",PAYMENT
"I want to report a problem paying, what do I have to do?",PAYMENT
where to inform of problems making an payment,PAYMENT
"I have an issue paying, what should I do?",PAYMENT
"please, could u ask an agent where to notify a fucking issue making a payment?",PAYMENT
"I want to see the ticket delivery options, what do I have to do?",DELIVERY
"i dont understand you, contact someone",CONTACT
"i want a refund, what should i do?",REFUNDS
"i dont have a fucking shipping address, what do i have to do to set it up?",SHIPPING
how to lodge a complaint for a service,FEEDBACK
"I need information, what can I do to talk to Customer Service?",CONTACT
"I lost my password, help me retrieve it",ACCOUNT
I want to know if I can create two profiles with the same email,ACCOUNT
"I want information, what do I have to do to send an email to Client Service?",CONTACT
where do I leave a review for a service?,FEEDBACK
where do i close my online account?,ACCOUNT
"I got an error message when I tried to pay, but my card was charged anyway, what can I do?",PAYMENT
i have a problem when trying to pay for my order and id like to notify it,PAYMENT
"I don't want my online account, what should I do to clsoe it?",ACCOUNT
how can I notify an issue with my payment?,PAYMENT
"I want to download some invoices, tell me how I can do it",INVOICES
help me write an opinion for a service,FEEDBACK
"the fucking game was postponed, van you help me?",REFUNDS
i want to solve a fucking payment issue,PAYMENT
can you tell me if I can create two profiles with a single email address?,ACCOUNT
can u ask an agent how i can update my profile?,ACCOUNT
I had a problem while registering,ACCOUNT
"I want to submit an opinion, what do I have to do?",FEEDBACK
"I have a problem making a payment, how can I inform of it?",PAYMENT
I'm interested in your money back policy and I need informtaion abuot it,REFUNDS
"I have no online account, what do I have to do to open one?",ACCOUNT
where do I check the status of my reimbursement?,REFUNDS
"I forgot my password , what do I have to do?",ACCOUNT
i want to know if i can pay with card,PAYMENT
sho me my invoices,INVOICES
where to make a purchase,ORDER
I need help calling Customer Service,CONTACT
can you find information about your money back guarantee?,REFUNDS
"I want to report a payment probelm, what can I do ?",PAYMENT
"I ordered a product, how do I change my order?",ORDER
"I got an error when I tried to pay, but I was charged anyway, how do I notify it?",PAYMENT
tell me if I can create more than one account with a single email address,ACCOUNT
show me the mail of the Customer Service,CONTACT
can you tell me if I can create more than one user account with the same email address?,ACCOUNT
ask an agent where to obtain a reimbursement,REFUNDS
"can you ask an agent how I could inform of issues paying, please?",PAYMENT
can you tell me where to receive the newsletter?,NEWSLETTER
"please, can u ask an agent where i could heck my bill?",INVOICES
how can I notify a problem with my payment?,PAYMENT
"id like to see the ticket delivery options, can u help me, please?",DELIVERY
tell me what the email of Customer Service is,CONTACT
"can you give me information about the fucking mail address to contact Client Service, please?",CONTACT
"I've got no account, open one",ACCOUNT
could u ask an agent how i could report a fucking problem paying?,PAYMENT
help me speak with Customer Service,CONTACT
"i have a question, help me speak with fucking customer support",CONTACT
someone stole my fucking password and id like to recover it,ACCOUNT
"I can't find my bills, show them",INVOICES
"I can't find my bills, what do I have to do to view them?",INVOICES
"i havent got an online account, how can i register?",ACCOUNT
can I write a review for a service?,FEEDBACK
"I have an issue when tryng to pay with card, can you help me ?",PAYMENT
tell me where to check my shipment,ORDER
how to write a review for an service,FEEDBACK
"I got an error message when I attempted to pay, but my card was charged anyway and I want to notify it",PAYMENT
"I lost my password, retrieve it",ACCOUNT
I'm trying to regiter but I can't,ACCOUNT
ask an agent where i can report a problem paying,PAYMENT
"I've got no account, what do I have to do to register?",ACCOUNT
I want information about my invoice,INVOICES
where can I change my shipping address?,SHIPPING
where can I notify issues paying?,PAYMENT
"I'd like a reimbursement, can I obtain one?",REFUNDS
ask an agent for information about seeing some bills,INVOICES
how do I solve iswsues paying?,PAYMENT
"could u ask an agent how i could see the status of my purchase, please?",ORDER
"i am happy with the service, what should i do to make an opinion?",FEEDBACK
could you ask an agent where I can notify a payment problem?,PAYMENT
can I register more than one user account with a single email address?,ACCOUNT
"I got an error when I tried to make a payment, but I was charged anyway, what should I do to report it?",PAYMENT
"the fucking game was postponed and id like to request a reimbursement, please",REFUNDS
"you aren't helping , how can I speak with a hman agent?",CONTACT
"can you ask an agent where I can notify payment issues, please?",PAYMENT
I have an issue when trying to make a payment and I want to inform of it,PAYMENT
where can I see the status of my reimbursement?,REFUNDS
ask an gaent if I can get a bill,INVOICES
"i wanna see your refund policy, what shiuld i do?",REFUNDS
is there a free phone number to contact Customer Service?,CONTACT
i cant understand you and i wanna contact someone,CONTACT
"I changed my mind, can I cancel my user account?",ACCOUNT
can i register several profiles with a single email?,ACCOUNT
"acn you ask an agent where I could modify my order, please?",ORDER
"you aren't helping, what can I do to talk to a person?",CONTACT
"you aren't helping, can you talk to a person?",CONTACT
"i have a problem making a payment, what do i have to do to inform of it?",PAYMENT
"I have a problem when trying to pay for my online order, how do I notify it?",PAYMENT
"please, ask an agent what I can obtain a fucking reimbursement for",REFUNDS
"I'm happy with the servcie, how do I submit a review?",FEEDBACK
"i wanna see the options for ticket delivery, what can i do?",DELIVERY
tell me what the email address to contact Customer Service is,CONTACT
"I want a reimbursement, can I obtain one?",REFUNDS
"I got an error message when I attempted to pay, but my card was charged anyway, cam you report it?",PAYMENT
where to see your pyment options,PAYMENT
"I have a problem when trying to pay with card, how can I notify it?",PAYMENT
I want to create an online account,ACCOUNT
ask an agent where i can view their payment methods,PAYMENT
"I'm not happy with the service, can you make a complaint?",FEEDBACK
"I got an error when I tried to make a payment, but I was charged anyway, how do I inform of it?",PAYMENT
"i have a question, what do i have to do to contact client service?",CONTACT
"I don't have a shipping address, what should I do to set it up?",SHIPPING
ell me what the mail of the Customer Support is,CONTACT
"i have a problem paying with card, could i inform of it?",PAYMENT
how can I delete my online account?,ACCOUNT
"i want an account, help me open ine",ACCOUNT
help me see your reimbursement policy,REFUNDS
"I wanna request a bill, can you tell me where I can do it?",INVOICES
check my invoice,INVOICES
"could you tell me if I could register several user accounts with the same email, please?",ACCOUNT
"I have an issue paying for my order, what can I do to notify it?",PAYMENT
how do I check my deivery?,ORDER
"ive got o online account, what can i do?",ACCOUNT
can you tell me if I can register several accounts with the same email address?,ACCOUNT
"I have an issue when trying to make a payment, what do I have to do?",PAYMENT
i wanna know whzt the email of the Customer Service is,CONTACT
can i track my purchase?,ORDER
"can you ask an agent how I can file a consumer complaint, please?",FEEDBACK
"I want to retrieve my password , what should I do?",ACCOUNT
"I have no shipping address, set one up",SHIPPING
"I want to solve an issue with my payment, what do I have to do?",PAYMENT
what is the status of my order?,ORDER
"I would like to use my other profile, what should I do to switch them?",ACCOUNT
"I have a problem when trying to make a payment, help me inform of it",PAYMENT
"I haven't got a profile, create one",ACCOUNT
"can you ask an agent how I can talk to Client Service, please?",CONTACT
"could you tell me if i can register more than one account with the same email address, please?",ACCOUNT
tell me if I can create two user accounts with a single email,ACCOUNT
youre not helping and i want to talk to someone,CONTACT
i wanna cancwl my online account,ACCOUNT
"you're not helping, what should I do to contact a person?",CONTACT
can I see some invoices?,INVOICES
"I got an error when I tried to make a payment, but I was charged anyway, can you report it?",PAYMENT
"I got an error message when I attempted to pay, but my card was charged anyway, notify it",PAYMENT
"u are not helping, how do i contact a human?",CONTACT
how to report issues making a payment,PAYMENT
could u show me the mail of client service?,CONTACT
"I want to track my packages, can you tell me where I can do it?",ORDER
"i wanna trackmyshipments, can you tell me where I can do it?",ORDER
"the event was postponed, how do I get a reimbursement?",REFUNDS
can you tell me if i can own more than one online account?,ACCOUNT
"you arent helping, what can i do to talk to a human agent?",CONTACT
my account's been hacked,ACCOUNT
where do I see my invoice?,INVOICES
ask an agent to notify problems paying,PAYMENT
"please, ask an agent where to receive the newsletter",NEWSLETTER
"the concert was postponed, how can I request a refund?",REFUNDS
"I didn't receive my bills, what do I have to do to view them?",INVOICES
I need information and I want to speak with Client Service,CONTACT
"ask an agent if i can notify issues making a payment, please",PAYMENT
"I've got no user account, can you help me?",ACCOUNT
i have an issue making a payment with card and i wanna inform fo it,PAYMENT
"could you ask an agent how I can change my purchase, please?",ORDER
"i wanna check my invoice, can u help me?",INVOICES
could you ask an agent if I can obtain some fucking inovices?,INVOICES
"please, tell me if I could create more than one account with a single email",ACCOUNT
"please , i want to know where I could see an invoice",INVOICES
can u ask an agent if i can solve a payment issue?,PAYMENT
"I didn't receive my bills, can I check them?",INVOICES
can you provide information about the status of my purchase?,ORDER
show me the free phone number of Client Service,CONTACT
where do i see your refund policy?,REFUNDS
u are not helping and i want to speak with a person,CONTACT
can I pay with credit card?,PAYMENT
"I don't have an online account, what do I have to do to create one?",ACCOUNT
"the event was postponed, what can I do to requesta refund?",REFUNDS
where do I leave a comment?,FEEDBACK
hceck the cancellation fee,CANCELLATION_FEE
can you tell me where to track my order?,ORDER
how to view your reimbursement policy,REFUNDS
"I have an issue when trying to pay, help me notify it",PAYMENT
"i got an error message when i attempted to pay, but i was charged anyway and i wanna report it",PAYMENT
"I got an error mssage when I tried to make a payment , but I was charged anyway, notify it",PAYMENT
I need help solving a payment problem,PAYMENT
tell me if I can register two online accounts with a single email,ACCOUNT
"could you tell me how I can change my fucking order, please?",ORDER
"I didn't receive my invoices, show them",INVOICES
how do i close my online account?,ACCOUNT
"i have a problem when trying to pay for my online order, can i inform of it?",PAYMENT
"I want to change my order, tell me where to do it",ORDER
"please, ask an agent for information about my fucking invoice",INVOICES
"i wanna submit an opinion for a service, what should i do?",FEEDBACK
"I need an account, help me open one",ACCOUNT
"I have an issue making a payment , can you notify it?",PAYMENT
I need help informing of an issue paying,PAYMENT
tell me what payment methodsyou accept,PAYMENT
"I want to solve a payment issue, what can I do?",PAYMENT
can u ask an agent if i can file a complaint?,FEEDBACK
can you ask an agent if I could see my fucking bill ?,INVOICES
how do I edit my profile?,ACCOUNT
what information do you have about getting a bill ?,INVOICES
I had problems creating an account,ACCOUNT
"youre not helping, what do i have to do to talk to a human?",CONTACT
"i made a mistake, what should I do to modify my purchase?",ORDER
"I purchased a product, what can I do to modify my purchase?",ORDER
"u are not helping, what can i do to contact someone?",CONTACT
"I have an issue when trying to pay for my online order, how can I notify it?",PAYMENT
"I have an issue when trying to pay for my online order, help me notify it, please",PAYMENT
"I have a problem paying, what should I do to inform of it?",PAYMENT
"I have no online account, I need help creating one",ACCOUNT
I don't know anything about your money back policy and I need information about it,REFUNDS
"I need information, I need help talking to Client Service",CONTACT
"the concert was cancelled, what do I have to do to get a refund?",REFUNDS
"could you ask an agent how I could report issues making a payment, please?",PAYMENT
"I got an error when I attempted to make a payment, but I was charged anyway and I want to report it",PAYMENT
can you tell me how soon I can expect my ticket to arrive?,DELIVERY
can you tell me the email to contact Customer Service?,CONTACT
"I lost my password, wht can I do to recover it?",ACCOUNT
"ask an agent if I can solve problems making an payment, please",PAYMENT
"i cant remember my password, what can i do to reset it?",ACCOUNT
"you're nit helping, can I speak with a human agent?",CONTACT
"the game was postponed, what should I do?",REFUNDS
"I don't want my user account, what should I do to delete it?",ACCOUNT
"I forgot my password, what can I do to recover it?",ACCOUNT
help me inform of problems paying,PAYMENT
tell me what the email address of Customer Support is,CONTACT
"I'm not happy with the service, help me file a complaint",FEEDBACK
"i lost my account password, what do i have to do to recover it?",ACCOUNT
i need information and id like to speak with fucking client service,CONTACT
"I want to view the status of my reimbursement, what do I have to do?",REFUNDS
"my cacount's been hacked, what can i do?",ACCOUNT
what's the mail address of Customer Service?,CONTACT
"please, ask an agent to give me information about the delivery period",DELIVERY
how do I inform of a payment problem?,PAYMENT
I wanna know something about obtaijing an invoice,INVOICES
"i got an error message when i tried to make a payment, but my card was chargted anyway, can u inform of it?",PAYMENT
I want to know if you have a newsletter i could subscribe to,NEWSLETTER
"the show was postponed, elp me request a refund",REFUNDS
"i havent got an online account, can u open one?",ACCOUNT
can you tell me if i can see a bill?,INVOICES
can u ask an agent if i can notify a problem paying?,PAYMENT
"i cant understand you, how can i contact a human?",CONTACT
"I got an error when I attempted to make a payment, but my card was charged anyway, notify it",PAYMENT
where do I see your money back guarantee?,REFUNDS
"the game was cancelled, help me obtain a refund",REFUNDS
I wanna know something about seeing a bill,INVOICES
"I'm happy with the service, what can I do to submit an opinion?",FEEDBACK
"my online account was hacked, how do I get it back?",ACCOUNT
"I want to know the status of my refund , what can I do to track it ?",REFUNDS
how to track my refund,REFUNDS
"could you ask an agent where I can notify an issue with my payment, please?",PAYMENT
tell me where to modify my fucking order,ORDER
I want to see the status of my purchase,ORDER
what information do you have about getting some invoices?,INVOICES
"i dont want my account, what can i do to remove it?",ACCOUNT
"can you show me your money back policy, please?",REFUNDS
i want to inform of a problem making a payment,PAYMENT
"I made a mistake, what do I have to do to modify my purchase?",ORDER
"I have a problem paying for my online order, I need help informing of it",PAYMENT
ask an agent where i can report issues with my payment,PAYMENT
"I'm discontent with the service, what should I do to submit a complaint?",FEEDBACK
"I don't want my user account, I need help closing it",ACCOUNT
"I want a user account, I need help creating one",ACCOUNT
tell me if you have a newsletter to keep me up-to-date,NEWSLETTER
how to make a purchase,ORDER
help me view the status off my order,ORDER
how to report prbolems with my payment,PAYMENT
can you tell me what the email address of Cutomer Support is?,CONTACT
"I want to change my order, can you give me some information?",ORDER
"ask an agent how to viwe the status of my order , please",ORDER
"could u ask an agent where to inform of problems with my payment, please?",PAYMENT
"the show was postponed, how can I request a reimbursement?",REFUNDS
"I get an error message when I try to pay for my online order, what do I have to do?",PAYMENT
"the show was cancelled, can i request a refund?",REFUNDS
"i got an error when i attempted to oay, but my card was charged anyway, can u notify it?",PAYMENT
I'm having problems signing u,ACCOUNT
"you aren't helping, how do I talk to someone?",CONTACT
"you arent helping, what do i have to do to speak with a human?",CONTACT
"i lost my invoices, i need help seeing them",INVOICES
I need help opening an online account,ACCOUNT
"I got an error when I attempted to make a payment, but my card was charged anyway, what can I do to inform of it?",PAYMENT
I lost my invoice and I want to see it,INVOICES
"i dont like the service, can i submit a consumer complaint?",FEEDBACK
"I don't want my online account, what can I do to remove it?",ACCOUNT
"I purhased an iem, what do I have to do to change my order?",ORDER
"I want to use my other profile, what do I have to do to change them?",ACCOUNT
where to close my profile,ACCOUNT
"I want to lodge a complaint for a service, what should I do?",FEEDBACK
"I'd like to remove my profile, how could I do it ?",ACCOUNT
"i got an error when i attempted to oay, but my card was charged anyway, what do i have to do to inform of it?",PAYMENT
"I don't have a user account, what do I have to do?",ACCOUNT
how to update the information on my profile,ACCOUNT
"I have a problem paying for my order, I need help reporting it",PAYMENT
my online account was hacked and I want tyo get it back,ACCOUNT
I don't have a user account,ACCOUNT
ask an agent where i can check the cancellation fee,CANCELLATION_FEE
"you're not helping, how can I speqk with a person?",CONTACT
"i want to change my purchase, can you show me some information?",ORDER
"my shipping address has changed, can you help me?",SHIPPING
can I modify my order?,ORDER
"you aren't helping, how do I speak with a person?",CONTACT
"i cant understand you, what can i do to speak with a person?",CONTACT
can you tell me how to modify my purchase?,ORDER
could you ask an agent if I could report fucking issues making a payment?,PAYMENT
"I can't remember my account password, what can I do to retrieve it?",ACCOUNT
I want to know if I can check my shipments,ORDER
"I got an error when I attempted to make a payment, but I was charged anyway, how do I notify it?",PAYMENT
"please, can u ask an agent how i could notify fucking problems paying?",PAYMENT
tell me where I can trackmy order,ORDER
tell me if theres a newsletter I can receive,NEWSLETTER
"I don't have a profile, what do I have to do to create one?",ACCOUNT
can you tell me if i could have several accounts?,ACCOUNT
"I want information, contact Client Service",CONTACT
i need information about the mail address to contact Customer Support,CONTACT
help me cancel an order,ORDER
"the game was cancelled, what do I have to do to request a reimbursement ?",REFUNDS
"i got an error when i tried to make a payment, but my card was charged anyway, what can i do to report it?",PAYMENT
could you ask an agent if I could check their fucking money back policy?,REFUNDS
how to see some invoices,INVOICES
"I want to file a review for a service, can you help me?",FEEDBACK
"I don't want my account, close it",ACCOUNT
"an error message pops when I try to make a payment, what can I do?",PAYMENT
i need information about the mail to contact Customer Support,CONTACT
"please, can you show me the options for delivery?",DELIVERY
"I got an error when I attempted to pay, but I was charged anyway, what can I do to inform of it?",PAYMENT
"i wanna solve an issue with my payment, can u help me?",PAYMENT
how do I see the cancellation fee?,CANCELLATION_FEE
I found an issue when trying to register,ACCOUNT
"I changed my mind, what do I have to do to remove my profile?",ACCOUNT
how can I speak with Customer Support ?,CONTACT
tell me how to get an invoice,INVOICES
"I changed my mind, what can I do to delete my profile?",ACCOUNT
"I got an error when I tried to pay, but my card was charged anyway, I need help notifying it",PAYMENT
"I bought an item, help me change my order",ORDER
could you ask an agent if I could change to another user account ?,ACCOUNT
"I want to view your payment methods, what do I have to do ?",PAYMENT
can u give me information about the mail of the Customer Support?,CONTACT
"please, could u ask an agent how to report an issue paying?",PAYMENT
"you aren't helping, I need help speaking with a human agent",CONTACT
"someone stole my account password, can i retrieve it?",ACCOUNT
i want to know when my tickets are gonna arrive,DELIVERY
"please, do you mind asking an agent for information about requesting a fucking invoice?",INVOICES
"I have no user account, could I register?",ACCOUNT
"I ordered a product, what should I do to change my order?",ORDER
"i wanna request a bill, tell me where to do it",INVOICES
"the event was cancelled and I'd like to request a refund, please",REFUNDS
I want to know if I can have more than one online account,ACCOUNT
is it possible to track my delivery?,ORDER
"I need information, what should I do to contact Customer Support?",CONTACT
"i want a refund, what do i have to do to request one?",REFUNDS
"I've got no user account, what should I do to open one?",ACCOUNT
"I have a problem paying for my order, help me inform of it, please",PAYMENT
how do I close my profile?,ACCOUNT
i ordered a product and i want to change my order,ORDER
could u ask an agent how I can modify my fucking purchase?,ORDER
ask an agent how i cn speak with customer service,CONTACT
"i wanna get a bill, can you tell me how to do it?",INVOICES
someone stole my password and i wanna recover it,ACCOUNT
"please , could u ask an agent where to report fucking issues making a payment?",PAYMENT
"I have a question, could I send an email to Customer Service?",CONTACT
"I get an error when I attempt to make a payment, what should I do?",PAYMENT
how can I obtyain some bills?,INVOICES
"I don't understand you , contact someone",CONTACT
"I don't want myuser account, how can I close it?",ACCOUNT
"the show was cancelled, what do I have to do to get a reimbursement?",REFUNDS
"I need information, can I call Client Service?",CONTACT
I want to see the mail address of the Customer Support,CONTACT
"I don't want my online account, what should I do to delete it?",ACCOUNT
i wanna close my account,ACCOUNT
"I got an error when I tried to make a payment, but my card was charged anyway and I want to inform of it",PAYMENT
i a happy with the service and i want to lodge an opinion,FEEDBACK
can you give me information about your payment options?,PAYMENT
"I would like to obtain an invoice, can you tell me how I can do it?",INVOICES
can u ask an agent how i can solve payment problems?,PAYMENT
"can u ask an agent where i could cancel my fucking account, please?",ACCOUNT
"can you ask an agent if I could close my profile, please?",ACCOUNT
"i wanna create a user account, can u help me ?",ACCOUNT
"I want na account, how can I create one?",ACCOUNT
"i wanna use my other account, what should i do to change them?",ACCOUNT
"I can't understand you, how can I talk to someone?",CONTACT
can u ask an agent if i can make a payment with card?,PAYMENT
what's the free phone no of Customer Service?,CONTACT
"i wanna check the delivery options, what should i do?",DELIVERY
download a bill,INVOICES
"id like an online account, can u open one, please?",ACCOUNT
i wanna see the mail of the Customer Servcie,CONTACT
I need help notifying issues paying,PAYMENT
"I can't remember my account password, can I recover it?",ACCOUNT
"someone stole my account password, I need help retrieving it",ACCOUNT
"please, can you tell me if i could register several fucking profiles with the same email address?",ACCOUNT
can u ask an agent if i can track my package?,ORDER
ask an agent how i can report a payment issue,PAYMENT
"the game was cancelled, get a fucking refund",REFUNDS
"please, can you ask an agent if I can view their fucking reimbursement policy?",REFUNDS
"I nede a account, what should I do?",ACCOUNT
show me the email address of Customer Support,CONTACT
"I don't want my profile, what can I do to delete it?",ACCOUNT
i wanna check your payment options,PAYMENT
"you aren't helping, can I speak with a human agent?",CONTACT
i wanna know if i can register two online accounts with a single email,ACCOUNT
"ask an agent where to inform of payment issues, please",PAYMENT
"I want to modify my purchase, tell me where I can do it",ORDER
"someone stole my account password, recover it",ACCOUNT
can u ask an agnt to show me the status of my order?,ORDER
"I don't have an account, how can I register?",ACCOUNT
help me report a problem with my payment,PAYMENT
canyou track my order?,ORDER
I can't understand you and I'd like to contact someone,CONTACT
"i need a refund, what should i do to request one?",REFUNDS
"I have a questgion, help me speak with Client Service",CONTACT
tell me how fast I can expect my ticket to arrive,DELIVERY
"i want to remove my online account, how can i do it?",ACCOUNT
I want to know if I can register several accounts with an single email,ACCOUNT
you aren't helping and I want to speak with a human,CONTACT
"ask an agent if I can solve a problem making a payment, please",PAYMENT
ask an agent where to open a user account,ACCOUNT
what information do you have about getting some bills?,INVOICES
where do I inform of a problem making a payment?,PAYMENT
"I have an issue when trying to pay with card, report it",PAYMENT
I want to inform of a problem paying,PAYMENT
"i want to submit a review, what do i have to do?",FEEDBACK
how can I see the ticket delivery options?,DELIVERY
I don't want my profile and I want to close it,ACCOUNT
"I don't have an shipping address, what can I do to set one up?",SHIPPING
I don't want my online account and I want to delete it,ACCOUNT
can I track my package?,ORDER
i wanna view the status of my refund,REFUNDS
could you ask an agent where to set up my shipping address?,SHIPPING
"I got an error when I tried to pay, but my card was charged anyway, can you notify it?",PAYMENT
ask an agent if i could remove my fucking user account,ACCOUNT
I want to remove my user account,ACCOUNT
"you're not helping, how can I contact a human?",CONTACT
how do I solve payment issues?,PAYMENT
I want to know what the number of Customer Service is,CONTACT
where can I file a consumer complaint for a service?,FEEDBACK
can u obtain a bill?,INVOICES
tell me how to track my packages,ORDER
"I changed my mind, what should I do to remove my online account?",ACCOUNT
can u ask an agent if i could change my purchase?,ORDER
how do I speak with Customer Support?,CONTACT
I have a problem opening an account,ACCOUNT
"i have a question , help me contact client service, please",CONTACT
"i need information, can u send an email to customer support?",CONTACT
can u ask an agent if you have a newsletter to keep me up-to-date?,NEWSLETTER
"I want to modify my purchase, tell me where to do it",ORDER
what information can you tell me about requesting a bill?,INVOICES
"I want an account, what should I do to open one?",ACCOUNT
ask an agent what the mail address to contact customer support is,CONTACT
"the game was postponed, request a reimbursement",REFUNDS
"I purchased a product, can I change my purchase?",ORDER
ask an agent how to make changes to my shipping address,SHIPPING
"my online account was hacked, how can I recover it?",ACCOUNT
"you're not helping, can you talk to a human agent?",CONTACT
"I don't want my profile, remove it",ACCOUNT
show me the mail address of Client Service,CONTACT
i lost my password and i wanna recover it,ACCOUNT
where do I report problems with my payment?,PAYMENT
"i want to check my bill, can u help me?",INVOICES
i want to know if i could create two profiles with the same email address,ACCOUNT
where do I leave an opinion for a service?,FEEDBACK
how can I know where my order is?,ORDER
"I want to lodge a complaint for an service, can you help me ?",FEEDBACK
"I've got no account, what should I do?",ACCOUNT
"i dont understand you, what should i do to contact someone?",CONTACT
i want information about the ticket delivery options,DELIVERY
how to call Customer Service,CONTACT
"you aren't helping, can I talk to someone?",CONTACT
"my user account's been hacked, nad I need help recovering it",ACCOUNT
"i wanna know the status of my refund, what should i do?",REFUNDS
"I want to make changes to my profile, how can I do it?",ACCOUNT
"I can't undersatnd you, how do I talk to a human agent?",CONTACT
"your not helping, I need help contacting a human agent",CONTACT
can you tell me if i can create more than one fucking user account with the same email?,ACCOUNT
"id like to change my purchase, can you tell me where to do it, please?",ORDER
"the game was postponed, help me obtain a refund",REFUNDS
"please, ask an agent if i cluld inform of an issue paying",PAYMENT
can I pay with card?,PAYMENT
how do i request a refund?,REFUNDS
"I don't understand you, how do I talk to a human?",CONTACT
tell me how I can obtain some invoices,INVOICES
"I lost my invoices, can I chcek them?",INVOICES
"I get an error message when I try to pay, can you help me?",PAYMENT
"I need an account, how can I open one?",ACCOUNT
ask an agent where to view my bill,INVOICES
"i have an issue paying for my online order, can u inform of it, please?",PAYMENT
"you aren't helping, can you contact someone?",CONTACT
"I want to see a bill, tell me how I can do it",INVOICES
"I have a problem paying for my order, what can I do to notify it?",PAYMENT
is there a free phone number to contact client service?,CONTACT
"I have a problem making a payment, what can I do to report it?",PAYMENT
"I changed my mind, can I cancel my account?",ACCOUNT
"I got an error when I attempted to make a payment, but I was charged anyway, how can I report it?",PAYMENT
can you tell me if my reimbursement was processed?,REFUNDS
"I have an issue when trying to pay for my order, can you report it?",PAYMENT
my profile's been hacked and I want to get it back,ACCOUNT
could you ask an agent if I could see some fucking invoices?,INVOICES
talk to someone,CONTACT
"I don't have an online account, help me open one",ACCOUNT
i want to know if i could create more than one online account with the same email,ACCOUNT
can you ask an agent if I can see some invoices?,INVOICES
can you give me information about my fucking invoice?,INVOICES
I want to know if I can register several online accounts with a single email,ACCOUNT
"I got an error message when I tried to pay, but I was charged anyway, could you notify it?",PAYMENT
"my fucking user account's been hacked, and I need help getting it back",ACCOUNT
"i want to use my other profile, can u change them?",ACCOUNT
tell me about obtaining an invoice,INVOICES
i wanna know if there is someone available,CONTACT
how can I file a consumer complaint for a service?,FEEDBACK
check the ticket delivery options,DELIVERY
"the concert was postponed, how can I obtain an refund?",REFUNDS
"I can't understand you, what can I do to talk to a person?",CONTACT
"ask an agent if i could obtain a refund, please",REFUNDS
"I didn't receive my bills, view them",INVOICES
i want to know if there is a free number to contact customer service,CONTACT
"I changed my mind, what can I do to close my account?",ACCOUNT
can I report an issue paying?,PAYMENT
I want to know something about getting an invoice,INVOICES
can you tell me what the free phone no to contact Customer Support is?,CONTACT
"I want to view the delivery options, what can I do?",DELIVERY
could u ask an agent how to lodge a complaint for a service?,FEEDBACK
"I have a question, talk to Customer Support",CONTACT
"please, could u ask an agent if i could create an account?",ACCOUNT
"i have a problem paying, can i notify it?",PAYMENT
"I lost my password, recover it",ACCOUNT
where can I view the cacnellatio fees?,CANCELLATION_FEE
"you aren't helping, I need help contacting someone",CONTACT
help me contact customer service,CONTACT
can u ask an agent if i can notify a payment problem?,PAYMENT
"im happy with the service, how do i make a comment?",FEEDBACK
I want to see the delivery period for my tickets,DELIVERY
can you tell me how I can track my delivery?,ORDER
I need help deleting my profile,ACCOUNT
"I want to see your money back guarantee, can you help me?",REFUNDS
"please , ask an agent whyere to see the cancellation fee",CANCELLATION_FEE
"you aren't helping, can I speak with a human?",CONTACT
can you tell me if I can register several user accountsw with a single email?,ACCOUNT
can you ask an agent if i can see a bill?,INVOICES
I can't find my bills and I want to view them,INVOICES
how to leave a comment for a service,FEEDBACK
"I have a question, what can I do to talk to Customer Support?",CONTACT
"I got an error message when I tried to make a payment, but I was charged anyway, can I inform of it?",PAYMENT
"i lost my bills, what can i do to check them?",INVOICES
where to file a consumer complaint for a service,FEEDBACK
"I would like to obtain a bill, can you give me some information ?",INVOICES
"can u ask an agent if i could write a fucking review, please?",FEEDBACK
"I don't want my fucking profile, what do I have to do to delete it?",ACCOUNT
"please, i wanna know if i can register two online accounts with a single email",ACCOUNT
I need help checking the status of my refund,REFUNDS
"I want to obtain some invoices, can you give me some information?",INVOICES
"I want to see the status of my reimbursement, what should I do?",REFUNDS
"I got an error message when I tried to pay, but I was charged anyway anmd I want to report it",PAYMENT
"I haven't got an account, I need help creating one",ACCOUNT
"my online account has been hacked, can u help me?",ACCOUNT
I want to know if I can have several user accounts,ACCOUNT
"someone stole my password, can u help me?",ACCOUNT
can you ask an agent to provide information about my fucking bills?,INVOICES
"my online account's been hacked, i need help getting it back",ACCOUNT
ask an agent how I could see my invoice,INVOICES
"I got an error message when I attempted to make a payment, but I was charged anyway, could you report it, please?",PAYMENT
I have an issue when trying to pay with card,PAYMENT
"the event was postpoend, what do I have to do to request a reimbursement?",REFUNDS
"I need information, what can I do to send an email to Client Service?",CONTACT
"i have a problem making a payment, how do i inform of it?",PAYMENT
I want to use my other online account,ACCOUNT
"I have a question, how do I contact Customer Support?",CONTACT
I can't remember my password and I'd like to retrieve it,ACCOUNT
i have a problem when trying to make a payment with card and i want to report it,PAYMENT
"I have a problem when trying topay, inform of it",PAYMENT
"my profile's been hacked, can u recover it?",ACCOUNT
I want to see the ticket delivery options,DELIVERY
"I would like to check my shipment, could you tell me where I can do it, please?",ORDER
can I cancel my profile ?,ACCOUNT
ask an agent how to check the cancellation fee,CANCELLATION_FEE
"i cant remember my fucking password, how can i recover it?",ACCOUNT
where do I notify an issue with my payment?,PAYMENT
can you tell me if I can have more than one user account?,ACCOUNT
can you show me the free number to contact Client Service?,CONTACT
I want to know where to obtain a bill,INVOICES
"I want to inform of a payment issue, what can I do?",PAYMENT
"please, ask an agent if I can see a bill",INVOICES
"I have an issue paying, what can I do to inform of it?",PAYMENT
"I don't want my user account, help me remove it",ACCOUNT
"I get an error message when I try to pay with card, can you help me?",PAYMENT
can you tell me what payment methods you accept?,PAYMENT
how do i recover my account password?,ACCOUNT
tel me where to request a bill,INVOICES
"the event waspostponed, how can I request a reimbursement?",REFUNDS
"i want to solve a problem paying, could u help me?",PAYMENT
how do I solve a payment issue?,PAYMENT
help me lodge a complaint for a service,FEEDBACK
you aren't helping and I want to talk to a human,CONTACT
ask an agent how to check the status of my reimbrsement,REFUNDS
"I'd like to notify a problem with my payment, what can I do?",PAYMENT
"im happy with the service, help me make an opinion",FEEDBACK
"I want an online account, what can I do to open one?",ACCOUNT
I want to change my order,ORDER
"I don't want my profile, I need help closing it",ACCOUNT
"I need a reimbursement, how can I get one?",REFUNDS
"I want to use my other online account, what do I have to do to change them?",ACCOUNT
"i wanna retrieve my password, what should i do?",ACCOUNT
ask an agent how i can see the options for ticket delivery,DELIVERY
I want to write a comment,FEEDBACK
ask an agent if there is a free number to contact client service,CONTACT
i wanna know if i can pay with Master Card,PAYMENT
can you tell me if my reimbursement has been processed?,REFUNDS
"I got an error message when I tried to make a payment, but my card was charged anyway, what can I do to inform of it?",PAYMENT
i want to lodge a complaint for a service,FEEDBACK
what's the free phone number of Client Service?,CONTACT
"ask an agent if I could reset my account password, please",ACCOUNT
ask an agetn if i can inform of an isue with my payment,PAYMENT
"can you tell me if I could create two user accounts with a single email, please?",ACCOUNT
information about your refund policy,REFUNDS
"please, ask an agent if i could check the fucking ticket delivery options",DELIVERY
"I want to file an complaint, what can I do?",FEEDBACK
can you tell me if I can register several accounts with a single email?,ACCOUNT
"I have a question, can you speak with Customer Service?",CONTACT
"I didn't get a payment validation, what do I have to do?",PAYMENT
help me update my shipping address,SHIPPING
"please, ask an agent where to report a payment issue",PAYMENT
"I lost my account password, can I retrieve it?",ACCOUNT
"the concert was postponed, can I obtain a reimbursement?",REFUNDS
I want to check the status of my order,ORDER
can I solve a problem with my payment?,PAYMENT
"could you ask an agent how I could report a problem paying, please?",PAYMENT
i wanna solve issues with my payment,PAYMENT
"im happy with the service, how can i lodge an opinion?",FEEDBACK
"i cant understand you , help me talk to a human agent",CONTACT
"I haven't got an account, what should I do?",ACCOUNT
"i got an error message when i attempted to make a payment, but i was charged anyway, what do i have to do to notify it?",PAYMENT
"I have a question and I would like to send an email to Customer Service, please",CONTACT
"a error message pops when I try ot pay, can you help me?",PAYMENT
"ask an agent how i could speak with fucking client service, please",CONTACT
can u ask an agent where to notify problems paying?,PAYMENT
"I lost my bill, can I check it?",INVOICES
can I retrieve my password?,ACCOUNT
do I get an ufll refund if I cancel my ticket?,REFUNDS
"I changed my mind, help me cancel my account",ACCOUNT
"please, could u ask an agent how i could make a consumer complaint?",FEEDBACK
"could you tell me the number to contact customer service, please?",CONTACT
i wanna see the fucking email to contact Customer Service,CONTACT
tell me how I can download an invoice,INVOICES
"you aren't helping, what should I do to speak with a human?",CONTACT
"I made a mistake, can i modify my fucking order?",ORDER
"I need a user account, what should I do to create one?",ACCOUNT
"could u ask an agent where i can close my fucking account, please?",ACCOUNT
I need information about your reimbursement policy,REFUNDS
"I'm discontent with the service and I would like to file a consumer complaint, please",FEEDBACK
"I have an issue when trying to pay for my online order, notify it, please",PAYMENT
"I'm discontent with the service, I need help making a fucking complaint",FEEDBACK
"my account's been hacked, and I need help getting it back",ACCOUNT
where to check the status of my reimbursement,REFUNDS
"i have an issue paying for my order, can u help me?",PAYMENT
"please, ask an agent if i could change my fucking order",ORDER
"I can't find my bills, what do I have to do to see them?",INVOICES
"I have an issue when trying to pay, I need help reporting it",PAYMENT
"i get an error when i try to make a payment for my online order, what can i do?",PAYMENT
"the show was postponed, what can I do to get a reimbursement?",REFUNDS
I am not happy with the service and I want to lodge a complaint,FEEDBACK
show me your remibursement policy,REFUNDS
"please, ask an agent where I can track my shipment",ORDER
I wanna get information about getting some bills,INVOICES
I want to solve a payment issue,PAYMENT
can you tell me what the mail of Customer Support is?,CONTACT
"I can't find my bill, I need help seeing it",INVOICES
I need help modifying the information on my profile,ACCOUNT
where to request a refund,REFUNDS
help me view your money back guarantee,REFUNDS
I lost my fucking account password and I'd like torecover it,ACCOUNT
"I have a issue when trying to make a payment, how can I notify it?",PAYMENT
"i dont have a user account, how can i open one?",ACCOUNT
"please, could u ask an agnt where to receive an reimbursement?",REFUNDS
can I report a problem paying?,PAYMENT
can u ask an agent how i can talk to customer support?,CONTACT
"i dont have a profile and i want to create one, please",ACCOUNT
"I have a problem wehen trying to pay for my order, what can I do to notify it?",PAYMENT
can you find information about your payment options?,PAYMENT
"I want to lodge a comment, what can I do?",FEEDBACK
"you aren't helping, speak with a human",CONTACT
tell me how I can know where my order is,ORDER
can I view your payment options?,PAYMENT
"i am happy with the service, help me file an opinion",FEEDBACK
can you tell me the mail of the Client Service?,CONTACT
"the payment wont go through, what should i do?",PAYMENT
"please, can u ask an agent if i could make a complaint for a service?",FEEDBACK
"the game was postponed, how can I obtain a reimbursement?",REFUNDS
"i have an issue paying with card, inform of it",PAYMENT
ask an agent how I could track my shipments,ORDER
I need help retrieving my password,ACCOUNT
I found a problem opening an account,ACCOUNT
tell me if I can create more than one account with a single email,ACCOUNT
tell me about receiving the newsletter,NEWSLETTER
"I didn't receive my bills, what should I do to check them?",INVOICES
"I cannot understand you, can you contact a fucking human agent, please?",CONTACT
"I need help checking the cancellation fee, please",CANCELLATION_FEE
"I need an account, I need help creating one",ACCOUNT
"can u ask an agent how i could solve an fucking issue paying, please?",PAYMENT
"I want to create a profile, what do I have to do?",ACCOUNT
"my profile's been hacked, can u get it back?",ACCOUNT
"I purchased something, how can I modify my order?",ORDER
"please, can you ask an agent if I could report issues making a payment?",PAYMENT
how can I report a payment issue?,PAYMENT
i forgot my password and i wanna recover it,ACCOUNT
an error message pops when I try to pay for my order,PAYMENT
help me check your reimbursement policy,REFUNDS
"I got an error message when I tried to make a payment, but my card was charged anyway, could I report it?",PAYMENT
could you ask an agent if i can track my fucking order?,ORDER
how can I download some invoices?,INVOICES
I want to know what the email address to contact Client Service is,CONTACT
i wanna know if i can check my shipments,ORDER
"I'm discontent with the service, how do I file an consumer complaint?",FEEDBACK
I want to know if I can create more than one online account with the same email,ACCOUNT
"please, could you ask an agent if I can solve fucking issues with my payment?",PAYMENT
"I would like a reimbursement, help me obtain onhe",REFUNDS
"I need a reimbursement, what should I do to obtain one?",REFUNDS
"id like t request a fucking reimbursement, can u help me?",REFUNDS
can you show me the delivery options?,DELIVERY
"i have a problem when trying to pay, can u report it?",PAYMENT
"im not happy with the service, how do i submit a complaint?",FEEDBACK
"I want to inform of an issue with my payment, can you help me?",PAYMENT
"I want to get some bills , tell me how I can do it",INVOICES
i wanna see the mail address tocontact Client Service,CONTACT
"I don't have an account, help me create one",ACCOUNT
I want to track my packages,ORDER
how can I ocntact Customer Support?,CONTACT
"I need a refund, how can I get one?",REFUNDS
"please, I want to know what the free phone number to contact Customer Support is",CONTACT
I don't know anything about your fucking reimbursement policy and I'd like to know about it,REFUNDS
how to solve problems paying,PAYMENT
"I want information, what can I do to speak with Client Service?",CONTACT
can you show me the free number of Customer Service?,CONTACT
"i have a problem paying, what should i do to report it?",PAYMENT
can I inform of a payment issue?,PAYMENT
"I'm not happy with the service, what can I do to file a consumer complaint?",FEEDBACK
"I would like to open a user account, what do I have to do?",ACCOUNT
can you tell me if I get a full refund in case I cancel my ticket?,REFUNDS
"I do not have a fucking account and I would like to create one, please",ACCOUNT
I had an issue when trying to sign up,ACCOUNT
"I have a problem when trying to pay for my order, could you report it?",PAYMENT
"I have an issue when trying to pay, can I inform of it?",PAYMENT
tell me if you have a newsletter to stay informed,NEWSLETTER
how could I inform of a problem making a payment?,PAYMENT
"I get an error message when I attempt to make a payment with card, what should I do?",PAYMENT
tell me how I can see some invoices,INVOICES
"I want to request a reimbursement, what do I have to do?",REFUNDS
"i need a user account, what should i do?",ACCOUNT
"I have a problem making a payment with card, what do I have to do?",PAYMENT
"i want to check your reimbursement policy, can u help me?",REFUNDS
"my online account's been hacked, what can I do to recover it?",ACCOUNT
"please, can u ask an agent what the fucking phone number of Customer Service is?",CONTACT
"i changed my mind, what can i do to cancel my online account?",ACCOUNT
"I bought a product, help me change my purchase",ORDER
"I got an error when I tried to make a payment, but my card was charged anyway and I want to notify it",PAYMENT
I want to know if I can have several online accounts,ACCOUNT
"i have an issue paying, i need help notifying it",PAYMENT
"the ahow was cancelled, can u help me?",REFUNDS
"I have a question, what should I do to talk to Client Service?",CONTACT
I want to see the email of hte Client Serviice,CONTACT
information about the mail address of the Customer Support,CONTACT
"i need information, can u talk to fucking client service?",CONTACT
infvormation about seeing a bill,INVOICES
where can I make a consumer complaint for a service?,FEEDBACK
I want to get a reimbursement,REFUNDS
"i have no fucking online account, can i register?",ACCOUNT
what's the mail to contact Customer Support?,CONTACT
"I changed my mind, I need help removing my account",ACCOUNT
"the event was cancelled, what do i have to do to get a refund?",REFUNDS
"I want to check your refund policy, what do I have to do?",REFUNDS
"I habe a problem when trying to make a payment, I need help reporting it",PAYMENT
i want to know if i can own several online accounts,ACCOUNT
"I haven't got a fucking prfoile, I need help creating one, please",ACCOUNT
I want to reset my account password,ACCOUNT
I want to request a reimbursement,REFUNDS
how do I make changes to my shipping address?,SHIPPING
ask an agent how to see some invoices,INVOICES
I can't understand you and I'd like to contact a fucking human agent,CONTACT
"I purchased an product, what can I do to change my order?",ORDER
"I wanna track my delivery, tell me where to do it",ORDER
"please, could you ask an agent if I can notify problems making a payment?",PAYMENT
"I want to lodge a review for a service, what can I do?",FEEDBACK
"i have a question, could i speak with customer support?",CONTACT
"I would like information, how do I contact Customer Service?",CONTACT
"I do not like the service, could I make a fucking complaint?",FEEDBACK
"I want to view cancellation fees, what doI have to do?",CANCELLATION_FEE
"I'm happy wiht the service, can you file an opinion?",FEEDBACK
I want to know if I can check my package,ORDER
iwant to know if i could register two accounts with the same email address,ACCOUNT
can you tell me if I can register severalo profiles with the same email?,ACCOUNT
"I want to obtain an invoice, can you tell me how to do it?",INVOICES
"I ordered an item, what can I do to modify my order?",ORDER
"I have an issue when trying to make a payment, what do I have to do to inform of it?",PAYMENT
ask an agent to provide information about my invoices,INVOICES
"I want to file a comment for a service, what do I haev to do?",FEEDBACK
can you tell me where to request an invoice?,INVOICES
can I view your money back policy?,REFUNDS
"i want to know the status of my reimbursement, what should i do to track it?",REFUNDS
"please, can u contact someone?",CONTACT
"I have a question, I need helo sending an email to Customer Support",CONTACT
"I have a problem when trying to pay for my online order, what can I do?",PAYMENT
how could I track my delivery?,ORDER
I need helop talking to a person,CONTACT
"i need information, what do i have to do to send an email to customer support?",CONTACT
"I got an error when I attempted to make a payment, but my card was charged anyway, can you notify it?",PAYMENT
how can I notify issues paying?,PAYMENT
"i cant understand you, i need help speaking with a humanagent, please",CONTACT
how to report an issue making a payment,PAYMENT
what's the free number to contact Client Service?,CONTACT
can you tell me where to track my delivery?,ORDER
"can u ask an agent where to cancel my online account, please?",ACCOUNT
I want to know something about obtaining a bill,INVOICES
I'd like to notify problems making a payment,PAYMENT
"i want information, can i talk to client service?",CONTACT
"i ordered a product, i nede help modifying my order",ORDER
"I want to check my invoice, can you help me?",INVOICES
I wanna know if you have a newsletter to stay up-to-date,NEWSLETTER
im interested in your reimbursement policy and i wanna know about it,REFUNDS
obtain some invoices,INVOICES
"I want to place an order, what can I do?",ORDER
"I'd like to ask for information about getting some invoices, please",INVOICES
"i dont have a user account, what do i have to do to register?",ACCOUNT
i havent got a user account and id like to create one,ACCOUNT
"the event was postponed , obtain a reimbursement",REFUNDS
"I have an issue when trying to make a payment, what can I do to notify it?",PAYMENT
"i want to inform of an issue making a payment, can u help me?",PAYMENT
"I want to lodge a review for a service, what do I have to do?",FEEDBACK
i wanna know if there is a free number to contact client service,CONTACT
"please, ask an agent if I could retrieve my password",ACCOUNT
"I have a problem paying, infrm of it",PAYMENT
"someone stole my account password, can I recover it?",ACCOUNT
"i got an error message when i tried to pay, but i was charged anyway, can u inform of it?",PAYMENT
"I have no user account, what cvan I do to register?",ACCOUNT
"I bought a product, how can I modify my purchase?",ORDER
"i didn't receive my invoices, how do i see them?",INVOICES
"I have an issue when trying to pay with card, how do I report it?",PAYMENT
"i dont understand you, could u contact a human agent?",CONTACT
"ask an agent where I can lodge a consumer complaint for a service, please",FEEDBACK
"I need a user account, how do I open one?",ACCOUNT
"you aren't helping, what shgould I do to talk to a human?",CONTACT
"id like to see a bill, can you tell me how I can do it, please?",INVOICES
I need a account and I want to create one,ACCOUNT
can uask an agent if i can obtain a refund ?,REFUNDS
what's the free phone number of Customer Support?,CONTACT
I need information about seeing some invoices,INVOICES
"the game was cancelled, could I get a reimbursement?",REFUNDS
I want to track my order,ORDER
I want tyo track my package,ORDER
could u show me the mail address to contact customer support?,CONTACT
ask an agent if I can obtain a bill,INVOICES
I want to remove my profile,ACCOUNT
"ask an agent how i could reset my password, please",ACCOUNT
"i wanna get some invoices, can you show me some information?",INVOICES
"please, tell me if I can check my shipment",ORDER
"I want information, help me talk to Customer Service",CONTACT
"i obught a product, what do I have to do to change my order?",ORDER
"i got an error when i attempted to make a payment, but my card was charged anyway, report it , please",PAYMENT
"I get an error message when I try to pay, what can I do?",PAYMENT
"an error pops when i attempt to pay, can u help me?",PAYMENT
"I have a problem making a payment, what do I have to do to notify it?",PAYMENT
"I changed my mind, delete my online account",ACCOUNT
"I don't want my online account, can you remove it?",ACCOUNT
ask an agent how I could notify a payment issue,PAYMENT
"im discontent with the service, submit a consumer complaint",FEEDBACK
do you mind asking an agent where to track my orders?,ORDER
"please, can u show me the free phone number to contact Customer Service?",CONTACT
"I got an error message when I tried to pay, but my card was charged anyway, help me report it",PAYMENT
"I have an issue when trying to pay, I need help informing of it",PAYMENT
can you tell me if there is a free number to contact Client Service?,CONTACT
"i lost my invoice , how do i check it?",INVOICES
can you tell me if i can track my order?,ORDER
"i didn't receive my fucking invoices, can i check them?",INVOICES
"I changed my mind, I need help closing my account",ACCOUNT
"the game was cancelled, what should I do to get a refund?",REFUNDS
I don't understand you,CONTACT
tell me if there is any huma available,CONTACT
"you arent helping, how can i contact a person?",CONTACT
"youre not helping, i need help talking to someone",CONTACT
what's your money back policy?,REFUNDS
"I lost my account password, what do I have to do to retrieve it?",ACCOUNT
could you ask an agent how to see the ticket delivery options?,DELIVERY
"please , show me the email to contact customer support",CONTACT
"I have a problem when trying to pay, can you inform of it?",PAYMENT
"please, ask an agent where i can track my reimbursement",REFUNDS
I lost my invoice and I want to check it,INVOICES
can you tell me how I can check my order?,ORDER
"I want to notify an issue making a payment, what can I do?",PAYMENT
show me your money back guarantee,REFUNDS
"please, can you ask an agent if I can edit my profile?",ACCOUNT
"I bought a product, I need help modifying my order",ORDER
tell me how long it takes for a ticket to arrive,DELIVERY
"I'm discontent with the service, I need help suybmitting a ufcking complaint",FEEDBACK
"i got an error message when i attempted to pay, but i was charged anyway, what should i do to notify it?",PAYMENT
show me the phone number to contact Customer Service,CONTACT
help me close my online account,ACCOUNT
"I want to report a problem paying, what should I do?",PAYMENT
"please, could you ask an agent how to cancel my account?",ACCOUNT
"I want information, can I contact Client Service?",CONTACT
"I got an error when I attempted to pay, but I was charged anyway, help me inform of it",PAYMENT
"I need a user account, can you create one?",ACCOUNT
i wanna know if i can register more than one user account with a siingle email,ACCOUNT
can you tell me how I can check my orders?,ORDER
I want to know where to subscribe to the newsletter,NEWSLETTER
"i want to view the cancellation penalty, can u help me?",CANCELLATION_FEE
"my profile was hacked, can you help me?",ACCOUNT
"I have a problem when trying to pay for my online order, how can I inform of it?",PAYMENT
"you aren't helping, I need help talking to someone",CONTACT
"I don't want my profile, what should I do to delete it?",ACCOUNT
"I don't like the service, how do I submit a consumer complaint?",FEEDBACK
can you give me information about the delivery period for my tickets?,DELIVERY
how to contacy Customer Service,CONTACT
I want to know what the mail address to contact Customer Support is,CONTACT
"the concert was cancelled, what do i have to do to request a refund?",REFUNDS
I want to see the email of the Customer Support,CONTACT
"i got an error when i tried to make a payment, but my card was charged anyway, what do i have to do?",PAYMENT
can u ask an agent where to track my packages?,ORDER
the concert was postponed and i want to get a reimbursement,REFUNDS
"I got an error message when I attempted to make a payment, but I was charged anyway , what do I have to do?",PAYMENT
"id like to place an order, what can i do?",ORDER
"ask an agent where to check my fucking invoices, please",INVOICES
whats the fucking free number of customer support?,CONTACT
I need information about the cancellation penalties,CANCELLATION_FEE
"I lst my inviices, what can I do to check them?",INVOICES
"I want information, what can I do to talk to Client Service?",CONTACT
"my user account was hacked, what should i do to recover it?",ACCOUNT
I want to know if I can register more than one account with a single email address,ACCOUNT
where can I check the cancellation fee?,CANCELLATION_FEE
I've got no account and I want to open one,ACCOUNT
I want to know if I can register two online accounts with a single email address,ACCOUNT
"I have a problem when trying to pay, what do I have to do to inform of it?",PAYMENT
"I olst my invoice, what can I di to check it?",INVOICES
do you have a newsletter I can receive?,NEWSLETTER
can you tell me how I can subscribe to the newsletter?,NEWSLETTER
where can I inform of payment problems?,PAYMENT
can you give me information about my invoices?,INVOICES
"I have an issue paying for my online order, can you help me?",PAYMENT
can I switch to another online account?,ACCOUNT
can I subscribe to the newsletter?,NEWSLETTER
how to inform of a problem paying,PAYMENT
"I don't want my user account, what can I do to remove it?",ACCOUNT
"i want to make a complaint, can u help me?",FEEDBACK
"i dont understand you, i need help speaking with a human agent",CONTACT
"I have no profile, can I create one?",ACCOUNT
where can I leave an comment?,FEEDBACK
"I don't have an online account, what should I do ot open one?",ACCOUNT
"I want to view the cancellation penalty, what can I do?",CANCELLATION_FEE
"I want information , can I talk to Client Service ?",CONTACT
I want to view the cancellation fees,CANCELLATION_FEE
"i wanna view my invoice, can u help me?",INVOICES
"please, ask an agent if I can view my bills",INVOICES
i want to know where to change my purchase,ORDER
where to track my delivery,ORDER
I have a problem paying for my online order and I want to inform of it,PAYMENT
"I got na error message when I atempted to make a payment, but I was charged anyway, help me inform of it",PAYMENT
where do I see the cancellation penalty?,CANCELLATION_FEE
"i have no account, what do i have to do?",ACCOUNT
where can I cancel my profile?,ACCOUNT
"i am happy with the service, what can i do to make a comment?",FEEDBACK
"I have an issue when trying to pay, how do I notify it?",PAYMENT
"I don't have an online account, what should I do to register?",ACCOUNT
can you tell me if i can make a payment with Master Card?,PAYMENT
can you tell me the phone number to contact Customer Service?,CONTACT
"i wanna see a bill, can you tell me how I can do it?",INVOICES
"the event was cancelled, obtain a refund",REFUNDS
"I wanna track my order, tell me where to do it, please",ORDER
"the game was cancelled, can you help me?",REFUNDS
"I got an error when I attemptedto pay, but my card was charged anyway and I want to inform of it",PAYMENT
"I can't find my invoice, show it",INVOICES
"i bought an item, how do i change my order?",ORDER
"you're not helping, what can I do to contact a person?",CONTACT
how to download a inmvoice,INVOICES
"please, ask an agent what the phone number of client service is",CONTACT
"i got an eror when i tried to make a payment, but my card was charged anyway, how can i notify it?",PAYMENT
how do I contact Client Service?,CONTACT
can I download some bills?,INVOICES
"could u show me the phone number of customer support, please?",CONTACT
how can I inform of issues paying?,PAYMENT
"I don't have an account, create one",ACCOUNT
"I changed my mind, what can I do to close my profile?",ACCOUNT
"I want to create an account, can you help me?",ACCOUNT
"I have a question, how do I talk to Customer Support?",CONTACT
"i want infomration, what do i have to do to call customer support ?",CONTACT
"the game was postponed, could I obtain a fucking refund, pleased?",REFUNDS
"i wanna know if i can create several fucking online accounts with a single email, please",ACCOUNT
"I have an issue paying for my order, what do I have to do to report it?",PAYMENT
request some invoices,INVOICES
i want to know if i can create severl accounts with the same email,ACCOUNT
"I don't have a shipping address, can you set one up?",SHIPPING
how to check the cancellation fee,CANCELLATION_FEE
"I bought something, i need help changing my order, please",ORDER
I want to change my profile,ACCOUNT
"the show was cancelled and I'd like to get a fucking refund, please",REFUNDS
the event was cancelled and i wanna obtain a reimbusement,REFUNDS
ask an agent what the delivery period for my ticket is,DELIVERY
can you tell me if i could register several accounts with the same email address?,ACCOUNT
I have a problem paying for my order anbd I want to report it,PAYMENT
"I'm discontent with the service, file a consumer complaint",FEEDBACK
"I want to use my other profile, what should I do to change them?",ACCOUNT
"I can't remember my password, recover it",ACCOUNT
track my order,ORDER
ask an agent where to view their money back policy,REFUNDS
"i want to check my orders, can you tell me where to do it?",ORDER
"ask an agent where to write a review for a service, please",FEEDBACK
"I do not want my account and I'd like to delete it, please",ACCOUNT
I get an error message when I try to make a payment with card,PAYMENT
"I want to rtack my shipment, can you tell me where to do it?",ORDER
"ask an agent how to obtain a reimbursement, please",REFUNDS
can you tell me if I can own more than one account?,ACCOUNT
ask an agent where to file a fucking complaint,FEEDBACK
i lost my invoice and i wanna check it,INVOICES
"you're not helping, what can I do to talk to a human?",CONTACT
"i dont have a profile, what should i do to create one?",ACCOUNT
"I have an issue making a payment with card, can you report it?",PAYMENT
"I want to track my shipments, tell me where I can do it",ORDER
"I want to inform of an issue paying, what do I have to do?",PAYMENT
"an error pops when I try to make a payment for my online order, what should I do?",PAYMENT
"my user account was hacked, i need help getting it back",ACCOUNT
can u get some fucking invoices?,INVOICES
"I need help checking your money back policy, please",REFUNDS
"I'm discontent with the service, ake a consumer complaint",FEEDBACK
"I changed my mind, help me delete myaccount",ACCOUNT
"I have an question, what can I do to speak with Customer Support?",CONTACT
can I solve payment issues?,PAYMENT
can u ask an agent my ticket will arrive,DELIVERY
I want to know what the phone number of Client Service is,CONTACT
ask an agent to notify a payment problem,PAYMENT
track my package,ORDER
can i view my bills?,INVOICES
"I'd like to create an account, what can I do?",ACCOUNT
"I have no prfofile, what do I have to do?",ACCOUNT
"I need a refund, what can I do?",REFUNDS
can you show me the delivery period?,DELIVERY
"the concert was caancelled, request a refund",REFUNDS
can you tell me if I can register several accounts with the same email?,ACCOUNT
I need help getting an invoice,INVOICES
i wanna see the no of client service,CONTACT
"I don't understand you, how do I speak with a human?",CONTACT
tell me if I can track my order,ORDER
where to view your payment methods,PAYMENT
"I have an issue when trying to pay for my order, shat can I do?",PAYMENT
"I'm discontent with the service, how can I make a consumer complaint?",FEEDBACK
i wanna know where I could track my packages,ORDER
can you tell me if I can create more than one online account with a single email address?,ACCOUNT
"I want to report an issue paying, can you help me?",PAYMENT
where can i inform of a problem with my payment?,PAYMENT
i wanna know where I can check my packages,ORDER
"u are not helping, can i talk to a person?",CONTACT
"i purchased something, what can I do to modify my fucking purchase?",ORDER
where do I see my invoikces?,INVOICES
"I changed my min, what can I do to cancel my account?",ACCOUNT
"I bought something, how do I modify my purchase?",ORDER
"I don't want my user account, what do I have to do to close it?",ACCOUNT
"I changed my mind, what cann I do to close my user account?",ACCOUNT
"I need a reimbursement, what can I do to request one?",REFUNDS
"please, can you ask an agent if i can recevie the fucking newsletter?",NEWSLETTER
"I got an error when I tried to make a payment, but I was charged anyway, help me notify it , please",PAYMENT
is customer service available ?,CONTACT
could you ask an agent how I can get a refund?,REFUNDS
how can I solve problems making a payment?,PAYMENT
where to request a reimbursement,REFUNDS
"I have an issue when trying to pay for my online order, what do I have to do to notify it?",PAYMENT
"I don't ujnderstand you, how can I contact a person ?",CONTACT
"I have an issue when trying to make a payment, what should I do to inform of it?",PAYMENT
ask an agent where to check their reimbursement policy,REFUNDS
"I bought something, what do I have to do to change my order?",ORDER
"I bought something, what do I have to do to modify my purchase?",ORDER
"I want information, send an email to Client Service",CONTACT
can you tell me if I can register two profiles with a single email address?,ACCOUNT
I don't have an online account,ACCOUNT
"I didn't receive my fucking invoices, could I view them?",INVOICES
where do I obtain an invoice?,INVOICES
can you tell me if I can see some bills?,INVOICES
"I ordered a product, what can I do to modify my purchase?",ORDER
tell me if I could register two user accounts with a single email address,ACCOUNT
"ask an agent about the fucking cancellation penalty, please",CANCELLATION_FEE
"I have an issue when trying to pay with card, I need help notifying it",PAYMENT
"i cant remember my account password, i need help resetting it",ACCOUNT
"I've got no profile, what should I do?",ACCOUNT
"I have no account, how can I open one?",ACCOUNT
"I ordered an item, what do I have to do to change my order?",ORDER
I want to know if I can create two accounts with a single email address,ACCOUNT
"I want to make a consumer complaint for a service, what do I have to do?",FEEDBACK
"please, could you tell me the email of Client Service?",CONTACT
"I'm happy with the service, what should I do to lodge a review?",FEEDBACK
I want to talk to Client Service,CONTACT
"i want to view the status of my ordr, can u help me?",ORDER
"please, could you ask an agent if I could view my fucking invoices?",INVOICES
"I want to obtain a refund, can you help me?",REFUNDS
"i want to solve a problem with my payment, can u help me?",PAYMENT
can you talk to somenoe?,CONTACT
"I can't understand you, can I speak with someone?",CONTACT
how to create an account,ACCOUNT
"please, i wanna know how to check my packages",ORDER
"an error message pops when I attempt to pay, can you help me?",PAYMENT
"I want to track my delivery, tell me where to do it",ORDER
tell me how long the delivery takes,DELIVERY
tell me if service fees are refundable,REFUNDS
i want to know where I can see a bill,INVOICES
where to receive a refund,REFUNDS
"I haev a problem paying for my online order, can you teport it?",PAYMENT
I need help reporting a problem paying,PAYMENT
can you tell me where to check my orders?,ORDER
were do I remove my profile?,ACCOUNT
"I want to lodge a complaint, what do I have to do?",FEEDBACK
"I don't want my user account, how ddo I remove it?",ACCOUNT
"you aren't helping, what should I do to contact a human agent?",CONTACT
how could I update my fucking profile?,ACCOUNT
how do I inform of fucking issues paying?,PAYMENT
the event was cancelled and i wanna request a refund,REFUNDS
"an error pops when I try to pay with card, what do I have to do?",PAYMENT
tell me if I can check my delivery,ORDER
tell me where to change my order,ORDER
can i notify a payment issue?,PAYMENT
"i want to report a payment problem, can u help me?",PAYMENT
"someone stole my account password, what should i do to recover it?",ACCOUNT
"please, ask an agent what the status of my purchase is",ORDER
can you show me information about the options for delivery?,DELIVERY
I bought an item and I want to change my order,ORDER
ask an agent if i can make a consumer complaint,FEEDBACK
i lost my bill and i wanna check it,INVOICES
"I want to solve an issue with my payment, what should I do?",PAYMENT
"i wanna submit a ocmplaint for a service, what should i do?",FEEDBACK
how can I place an order?,ORDER
talk to Customer Service,CONTACT
"youre not helping, what can i do to talk to a human agent?",CONTACT
can I check my invoices?,INVOICES
i want to contact a human agent,CONTACT
I want to check my delivery,ORDER
"my fucking account's been hacked, how do I reocver it?",ACCOUNT
where can I check your payment options?,PAYMENT
do you mind asking an agent how to get some bills?,INVOICES
"I want to view the cancellation fee, what do I have to do?",CANCELLATION_FEE
where to report a payment isue,PAYMENT
i wanna know what the mail address of customer support is,CONTACT
can you tell me if I can download an invoice?,INVOICES
can you show me information about my bill?,INVOICES
"I want to request some bills, can you give me some informtaion?",INVOICES
"I have a problem when trying to pay for my online order, I need help notifying it",PAYMENT
"I'm not happy with the service, how do I make a complaint?",FEEDBACK
ask an agent how to delete my user account,ACCOUNT
i have an issue paying for my order and i want to report it,PAYMENT
"I have a probledm when trying to pay for my order, can I inform of it ?",PAYMENT
"I purchased something, what should I do to change my order?",ORDER
ask an agent to edit my shipping address,SHIPPING
how can I make a complaint?,FEEDBACK
I want to know where I cvan get a bill,INVOICES
I have an issue making a payment with card and I would like to report it,PAYMENT
ask an agent to switch to another fucking account,ACCOUNT
can you show me the mail of the Client Service?,CONTACT
show me the email address of Customer Service,CONTACT
i wanna know something about requesting an invoice,INVOICES
can you show me information about the status of my purchase?,ORDER
I want to see some bills,INVOICES
"lpaese, could you ask an agent where to notify issues paying?",PAYMENT
can u ask an agent how to solve problems making a payment?,PAYMENT
"my profile was hacked, and I need help getting it back",ACCOUNT
"I want to lodge an review, what should I do?",FEEDBACK
"I want to use my other profile, help me switch them",ACCOUNT
I need help solving paymebt issues,PAYMENT
"I lost my password, what do I have to do?",ACCOUNT
how can I notify issues making a payment?,PAYMENT
can you ask an agent if i could see some bills?,INVOICES
can u ask an agent how to leave a comment for a service?,FEEDBACK
"i lost my bill and i want to view it, please",INVOICES
"I got no payment validation, can u help me?",PAYMENT
i wanna close myprodile,ACCOUNT
"the game was postponed, how do i get a reimbursement?",REFUNDS
tell me if I can create two profiles with the same email address,ACCOUNT
"I purchased a product, how do I change my order?",ORDER
"i need help tracking my order, please",ORDER
where can I notify issues with my payment?,PAYMENT
"im discontent with the service, can i make a complaint?",FEEDBACK
can you tell me where to obtain a bill?,INVOICES
can you tell me about ther status of my refund?,REFUNDS
"I want to solve an problem making a payment, what do I have to do?",PAYMENT
"could you ask an agent how to solve a payment problem, please?",PAYMENT
"I need an account, create one",ACCOUNT
how do I find my order?,ORDER
someone stole my account password,ACCOUNT
"i have a problem when trying to make a payment, what should i do to inform of it?",PAYMENT
"my profile has been hacked, can i get it back?",ACCOUNT
I want to know if I can create several user accounts with the same email,ACCOUNT
can u ask an agent where i can view the status of my reimbursement?,REFUNDS
can u ask an agent how i could see their refund policy?,REFUNDS
"i cant remember my account password, how can i reset it?",ACCOUNT
I wanna know where to download a bill,INVOICES
ask an agent if i can see their reimbursement policy,REFUNDS
"please, ask an agent to notify a problem with my payment",PAYMENT
"I want to see the delivery options, what should I do?",DELIVERY
where do I write an opinion for a service?,FEEDBACK
"I have an issue paying with card, can I inform of it?",PAYMENT
"I got an error when I attempted to make a payment, but I was charged anyway, can you help me?",PAYMENT
I want to check the cancellation penalties,CANCELLATION_FEE
"I want to use my other online account, help me switch them",ACCOUNT
I want to know if I can get an invoice,INVOICES
"I have an issue paying with card, I need help informing of it",PAYMENT
can u ask an agent where to inform of an issue paying?,PAYMENT
"I have a problem making a payment, can you notify it?",PAYMENT
"I have a question, could you contact Client Service, please?",CONTACT
"I can't remember my account password, what do I have to do?",ACCOUNT
how can I cancel my profile?,ACCOUNT
teol me about getting some bills,INVOICES
"I've got no user account, what do I have to do to open one?",ACCOUNT
help me report a payment issue,PAYMENT
I want to know if there's a newsletter to keep me informed,NEWSLETTER
youre not helping and i wanmt to talk to a humn agent,CONTACT
"i got an error message when i attempted to pay, but i was charged anyway and i want to report it",PAYMENT
where can I change to another profile?,ACCOUNT
"I have a question, I need help talking to Customer Service",CONTACT
"I got an error when I tried to make a payment, but my card was charged anyway, help me notify it",PAYMENT
could you ask an agent if I could track my fucking orders?,ORDER
"could you ask an agent if I can get a fucking invoice, please?",INVOICES
help me report problems with my payment,PAYMENT
can u ask an agent how i can report problems making a payment?,PAYMENT
"I ordered a product, what should I do to modify my order?",ORDER
ask an agent where i can see the ticket delivery options,DELIVERY
"I can't find my invoice, how can I see it?",INVOICES
can u ask an agent where i can check my invoice?,INVOICES
"i wanna recover my password, what should i do?",ACCOUNT
"I have a problem when trying to pay for my order, can I notify it?",PAYMENT
i wanna see the email address to contact Customer Service,CONTACT
"please, could you ask an agent to provide information about the delivery period?",DELIVERY
"please, can you ask an agent to check my package?",ORDER
the show was postponed and i wanna obtain a refund,REFUNDS
"I don't want my user account, can you delete it?",ACCOUNT
"I have an issue making a payment with card, how can Inotify ot?",PAYMENT
"I got an error message when I tried to make a payment, but I was charged anywya, how do I notify it?",PAYMENT
"i can't find my invoice, what do i have to do to view it?",INVOICES
"I want a user account and I would like to open one, please",ACCOUNT
"ask an agent how to notify payment issues, please",PAYMENT
"I'd like to view the status of my reimbursement, can you help me ?",REFUNDS
can i notify problems paying?,PAYMENT
help me send an email to uCstomer Support,CONTACT
can you tell me the free phone number of Customer Service?,CONTACT
"I don't understand you, spaek with someone",CONTACT
"i wanna see your money back guarantee, what should i do?",REFUNDS
"I want to view my bill, what can I do?",INVOICES
"I don't understand you, can you contact a human agent?",CONTACT
I haven't got a profile and I want to create one,ACCOUNT
I bought a product and I wanna modify my order,ORDER
"please, could you tell me were I could obtain an invoice?",INVOICES
"I don't like the service, how can I submit a consumer complaint?",FEEDBACK
could you ask an agent where I can request a fucking bill?,INVOICES
"please, can you tell me if I could create several accounts with the same email?",ACCOUNT
"I purchased something, help me modify my order",ORDER
"I want a reimbursement, how do I get one?",REFUNDS
"i wanna know if i could create two user accounts with the same email, please",ACCOUNT
"I don't want my user account, what should I do to close it?",ACCOUNT
I want to know how I can see an invoice,INVOICES
can I register two progiles with a single email address?,ACCOUNT
I don't want my online account and I want to remove it,ACCOUNT
tell me if I can register several online accounts with a single email address,ACCOUNT
"i wanna cancel my account, where can i do it?",ACCOUNT
"I haven't got a profile, how do I create one?",ACCOUNT
how do I know where my shipments are?,ORDER
I have a question and I want to contact Customer Service,CONTACT
"i want to track my refund, what can i do?",REFUNDS
how to inform of issues making an payment,PAYMENT
I want to know how to modify my order,ORDER
"I want a reimbursement, what can I do to get one ?",REFUNDS
i want to ask for information about obtaining a bill,INVOICES
i wanna obtain some bills,INVOICES
"im discontent with the service, can i submit a consumer complaint?",FEEDBACK
the concert was cancelled and I would like to request a reimbursement,REFUNDS
"I have a problem making a payment with card, help me report it",PAYMENT
"I'm not happy with the service, what can I do to lodge a complaint?",FEEDBACK
"I want to se my invoice, what do I have to do?",INVOICES
"i need information, how can i speak with customer service?",CONTACT
can u check my shipments?,ORDER
can I remove my onlinr account?,ACCOUNT
"you're not helping, can you talk to a person?",CONTACT
"I want to solve an issue making a payment, what do I have to do?",PAYMENT
"I can't understand you, can you talk to a person?",CONTACT
tell me if my refund has been processed,REFUNDS
"I don't have a user account, create one",ACCOUNT
"I'm happy with the service, how do I make a review?",FEEDBACK
ask an agent how i can report issues paying,PAYMENT
"please, could u ask an agent where to report problems making a payment?",PAYMENT
"I can't make a payment, can you help me?",PAYMENT
the game was postponed and I want to get a refund,REFUNDS
can you tell me about my bill?,INVOICES
can you tell me where I can check my order?,ORDER
"could you tell me if I could register more than one account with a single email address, please?",ACCOUNT
ask an agent where to see their money back policy,REFUNDS
can you tell me what the free number to contact Customer Service is?,CONTACT
"I want to sseethe status of my reimbursement, could you help me, please?",REFUNDS
"I would like to change my purchase, can you tell me how to do it?",ORDER
can you ask an agent how I could retrieve my password?,ACCOUNT
I want to ask for information about requesting some invoices,INVOICES
"I need an online acount, can I create one?",ACCOUNT
ask an agent where I could report a fucking issue making a payment,PAYMENT
talk to a human,CONTACT
I want a profile and I want to create one,ACCOUNT
"I got na error when I tried to make a payment, but I was charged anyway, can you help me?",PAYMENT
can you ask an agent if i can check my shipments?,ORDER
ask an agent for information about requesting a bill,INVOICES
tell me if I can check my packages,ORDER
"I got an error when I attempted to pay, but my card was charged anyway, what do I have to do to report it?",PAYMENT
I don't like the service and I want to file a complaint,FEEDBACK
"ask an agent if i can notify paymednt problems, please",PAYMENT
"I didn't receive my bills, how do I check them?",INVOICES
"I have a problem when trying to pay with card, holw do I inform of it?",PAYMENT
"d like to obtain a refund, can u help me?",REFUNDS
I want information about my bill,INVOICES
where do I modify my order?,ORDER
"I didn't receive my invoicces, what should I do to check them?",INVOICES
"I can't find my invoices, can you show them?",INVOICES
"I got an error when I attempted to make a payment, but I was charged anyway, I need help informing of it",PAYMENT
were to see the cancellation fees,CANCELLATION_FEE
I need help switching to another online account,ACCOUNT
I had an problem registeringb,ACCOUNT
speak with someone,CONTACT
"the transfer was declined, can you help me?",PAYMENT
"i lost my invoices, what can i do to see them?",INVOICES
check your payment methods,PAYMENT
"I don't like the service, could you file a consumer complaint, please?",FEEDBACK
where to notify issues making a payment,PAYMENT
"please, can you ask an agent if I could solve a fucking issue paying?",PAYMENT
"I don't have a shipping address, can I set it up?",SHIPPING
can you ask an agent how I could get some invoices?,INVOICES
"tell me what the mail of the Customer Support is, please",CONTACT
can I create more than one account with a single email?,ACCOUNT
can you tell me what the free phone number of Customer Service is?,CONTACT
"i wanna submit a comment for a service, what can i do?",FEEDBACK
"ask an agent where to file a complaint for a service, please",FEEDBACK
"i wanna inform of an issue with my payment, what should i do?",PAYMENT
"I need a reimbursement, what do I have to do to get one?",REFUNDS
"my card was declined, can you help me?",PAYMENT
"I would like to track my refund, what should I do ?",REFUNDS
"im not happy with the service, lodge a complaint",FEEDBACK
"I have an issue paying , notify it",PAYMENT
how can I check my package?,ORDER
"I want to get an invoice, can you show me some information?",INVOICES
"you're not helping, what can I do to speak with a person?",CONTACT
"I want to download a bill, can you tell me where to do it?",INVOICES
I need help checking the deliovery options,DELIVERY
can you tell me the free phone no to contact Client Service?,CONTACT
i have an issue paying for my online order and i wanna inform of it,PAYMENT
can you give me information about the cancellation penalty?,CANCELLATION_FEE
can you show me information about my invoices?,INVOICES
ask an agent to delete my user account,ACCOUNT
ask an agent how to leave an opinion for a service,FEEDBACK
"please, ask an agent how to edit my profile",ACCOUNT
"i dont understand you, could u contact someone, please?",CONTACT
could u ask an agent what the mail to contact customer service is?,CONTACT
I need help talking to Customer Support,CONTACT
"i haev an issue making an payment with card, can u help me?",PAYMENT
where do I cancel my profile?,ACCOUNT
"I got an error message when I tried to make a payment, but my card was charged anyway, help me report it",PAYMENT
i have an issue making a payment with card and i wanna report it,PAYMENT
"ive got no user account, register",ACCOUNT
I want to know if theres a newsletter i can subscribe tgo,NEWSLETTER
"my user account was hacked, can I get it back?",ACCOUNT
can I speak with Customer Service?,CONTACT
"please, ask an agent if I could lodge a consumer complaint for a sevrice",FEEDBACK
"I have a problem when trying to make a payment, can I inform of it?",PAYMENT
"I want to remove my user account, where can I do it ?",ACCOUNT
"I wanna track my deliveries, tell me how I can do it",ORDER
"I would like to inform of an issue paying, can you help me?",PAYMENT
"i wanna use my other profile, can u change them, please?",ACCOUNT
can you tell me the email address fo Customer Support?,CONTACT
tell me if here's a newsletter i can subscribe to,NEWSLETTER
"I am happy with the service, I need help filing a review, please",FEEDBACK
"I'm discontent with the service, help me submit a complaint",FEEDBACK
"I have a problem when trying to make a payment with card, what can I do to notify it?",PAYMENT
I don't have an online account and I want to open one,ACCOUNT
i need information about the delivery period for my tickets,DELIVERY
"I can't find my bill, what should I do to view it?",INVOICES
I want to know here I can see a bill,INVOICES
tell mne where to rfeceive the newsletter,NEWSLETTER
"i need information, what can i do to speak with fucking client service?",CONTACT
"I can't find my bill, what can I do to view it?",INVOICES
"Iwant to submit a review, what do I have to do?",FEEDBACK
I want to know what the email of the Customer Service is,CONTACT
can u ask an agent if I can change my purchase?,ORDER
how can I close my profile?,ACCOUNT
"I haven't got an account , how can I register?",ACCOUNT
where can I see the status of my order?,ORDER
"I ordered a product, what can i do to change my order?",ORDER
I get an error when I try to pay for my onilne order,PAYMENT
can u ask an agent how i can contact customer support?,CONTACT
I want to get information about downloading a bill,INVOICES
"can u ask an agent if i could see the status of my refund, please?",REFUNDS
"the game was cancelled, how could i get a reimbursement?",REFUNDS
can u find information about the email address to contact Customer Support?,CONTACT
an error pops when I attempt to pay for my order,PAYMENT
"I can't understand you, how can I speak with a person?",CONTACT
can I change my purchase?,ORDER
ask an agent how to know where my deliveries are,ORDER
I want to write an opinion for a service,FEEDBACK
"I want to solve a payment issue, what do I have to do?",PAYMENT
can you tell me where to modify my order?,ORDER
"I need information, what can I do to call Customer Service?",CONTACT
can you tell me if my orders are on their way?,ORDER
how could i view the cancellation fees?,CANCELLATION_FEE
"I lost my bills, what can I do to view them?",INVOICES
"the show was postponed, how can I get a reimbursement?",REFUNDS
"I have a question, what should I do to call Customer Service?",CONTACT
"i got an error when i tried to make a payment, but i was charged anyway and i wanna inform of it",PAYMENT
"you arent helping, help me contact someone",CONTACT
"I want to open a user account, can you help me?",ACCOUNT
"I'm happy with the serfvice, how can I submit a review?",FEEDBACK
"I don't understand you, I need help talking to someone",CONTACT
"I havean issue making a payment, help me notify it",PAYMENT
"i got an error message when i attempted to make a payment, but i was charged anyway, how do i inform of it?",PAYMENT
how toclose myprofile,ACCOUNT
where to leave an opinion for an service,FEEDBACK
can you talk to a human agent?,CONTACT
where can I view your payment methods?,PAYMENT
"I don't understand you, what can I do to speak with someone?",CONTACT
"i changed my mind, what can i do to close my user acount?",ACCOUNT
tell me if i can downloadan invoice,INVOICES
where do I notify issues making a payment?,PAYMENT
I changed my mind and I want to delete my account,ACCOUNT
i want to know if i can register several online accounts with the same email,ACCOUNT
can I request a reimbursement?,REFUNDS
"I changed my mind, help me cancel my user account",ACCOUNT
"please, can you ask an agent where to get a reimbursement?",REFUNDS
"can u ask an agent to make changes to my profile, please?",ACCOUNT
"I don't understand you , what do I have to do to talk to a person?",CONTACT
"I want to check my packages, can you tell me how to do it?",ORDER
how can I solve an issue making a payment?,PAYMENT
I need help obtaining a reimbursement,REFUNDS
"I lost my bill, can I view it?",INVOICES
"I want to inform of a payment problem, what do I have to do?",PAYMENT
"I want to view my invoices, what should I do?",INVOICES
"tne show was cancelled, what do I have to do to request a refund ?",REFUNDS
can u ask an agent to retrieve my account password?,ACCOUNT
how do I lode a complaint for a service?,FEEDBACK
I bought a product and I want to modify my order,ORDER
"please, could you ask an agent if I can inform of an issue paying?",PAYMENT
"I have an issue when trying to make a payment with card, how do I report it?",PAYMENT
"I got an error message when I attempted to amke a payment, but my card was charged anyway, report it",PAYMENT
"i am happy with the service, lodge a review, please",FEEDBACK
"I get an error when I attempt to pay, what can I do?",PAYMENT
"the show was postponed, what can I do to get a refund?",REFUNDS
"I want an online account, what should I do to open one?",ACCOUNT
I need information about requesting an invoice,INVOICES
"i would like to obtain some invoices, could you tell me how I can do it?",INVOICES
"I lost my invoice, what do I have to do to view it?",INVOICES
I need an online accoung and I want to creaet one,ACCOUNT
"i cant understand you, how could i speak with a human?",CONTACT
information about requesting an invoice,INVOICES
"you're not helping, help me contact someone",CONTACT
"you're not helping, I need help talking to a person",CONTACT
"i want to check the options for ticket delivery, what do i have to do?",DELIVERY
can u ask an agent for information about getting some bills ?,INVOICES
"I have an issue when trying to pay for my order, what should I do to notify it?",PAYMENT
tell me where my purchase is,ORDER
tell me how to check my packages,ORDER
"my profile's been hacked, what do I have to do to get it back?",ACCOUNT
"I forgot my password, what should I do to reset it?",ACCOUNT
can you check the ticket delivery options?,DELIVERY
"I'm not happy with the service, how do I lodge a complaint?",FEEDBACK
tell me if I can create two profiles with the same email,ACCOUNT
I waznt to cancel purchase,ORDER
"the event was postponed, what should i do to obtain a refund ?",REFUNDS
is it possible to check my delivery?,ORDER
tell me where to check my orders,ORDER
ask an agent how i can check the status of my reimbursement,REFUNDS
"I'm happy with the service, help me make an opinion",FEEDBACK
how do I check your payment methods?,PAYMENT
where can I check the status of my order?,ORDER
"I need information, what should I do to speak with Client Service?",CONTACT
"ask an agent if I could see some invoices, please",INVOICES
i have an issue when trying to make a payment and i wanna inform of it,PAYMENT
how do I talk to someone?,CONTACT
where can I see an invoice?,INVOICES
"I have a problem paying with card, report it",PAYMENT
"i wanna notify a problem paying, what should i do?",PAYMENT
i havent got a user acocunt and i wanna create one,ACCOUNT
i want to know how to know where my package is,ORDER
"I have no user account, help me register",ACCOUNT
I want to know what the free number to contact Client Service is,CONTACT
can you tell me how I can receive the fucking newsletter?,NEWSLETTER
"I wanna see an invoice, tell me how to do it",INVOICES
"I have a problem paying for my online ordder, what do I have to do?",PAYMENT
"please, could you ask an agent to report fucking payment issues?",PAYMENT
"I got an error when I attempted to make a payment, but my card was charged anyway, what should I do?",PAYMENT
"I have a problem paying for my order, what should I do to inform of it?",PAYMENT
can you tell me if I can register more than one account with a single email?,ACCOUNT
help me delete my online account,ACCOUNT
can I create two user accounts with the same email ?,ACCOUNT
"can u ask an agent if i could notify a problem with my payment, please?",PAYMENT
I have a question and I want to talk toCustomer Service,CONTACT
I need help closing my online account,ACCOUNT
i dont like the service and i wanna file a fucking consumer complaint,FEEDBACK
"please, ask an agent how I could notify payment problems",PAYMENT
can you show me the delivery period for my tickets?,DELIVERY
"please, can you tell me if there is a free phone number to contact fucking customer support?",CONTACT
"I changed my midn, can you delete my profile?",ACCOUNT
"I can't find my invoices, what ccan I do to see them?",INVOICES
help me create an online account,ACCOUNT
tell me were to track my order,ORDER
what can you tell me about modifying my purchase?,ORDER
"I've got no profile, can I create one?",ACCOUNT
"i have a problem when trying to pay for my order, can u help me?",PAYMENT
"I can't understand you, can I speak with a human?",CONTACT
"I have a question, can you send an email to Customer Support, please?",CONTACT
I need help setting up my shipping address,SHIPPING
can you tell me if I can track my package?,ORDER
can you tell me what the email of Client Service is?,CONTACT
I found problems while creating an account,ACCOUNT
can I recover my account password?,ACCOUNT
"the game was postponed, help me obtain a reimbursement",REFUNDS
"i didn't receive my invoice, how do i see it?",INVOICES
ask an agent how to edit my profile,ACCOUNT
"the event was postponed, how can I get an refnd?",REFUNDS
"I don't want my user account, help me cancel it",ACCOUNT
"I want to close my account, how can I do it?",ACCOUNT
show me the phone number of Client Service,CONTACT
where do I view your reimbursement policy?,REFUNDS
"I have no online account, how do I create one?",ACCOUNT
"I can't understand you, what should I do to talk to a human?",CONTACT
"I changed my mind, help me close my profle",ACCOUNT
how do I view the cancellation penalties?,CANCELLATION_FEE
can u show me information about the status of my reimbursement?,REFUNDS
"I have a problem paying for my order, what co I have to do to notify it?",PAYMENT
"I got an error message when I attempted to make a payment, but my card was charged anyway, can I notify it?",PAYMENT
"i have a problem when trying to pay, what do i have to do?",PAYMENT
"i lost my billp, can u show it?",INVOICES
can I inform of issues with my payment?,PAYMENT
where do I check yor payment options?,PAYMENT
"i can't find my invoice, can i see it?",INVOICES
ask an agent how to view the status of my reimbursement,REFUNDS
"I have a problem when trying to pay for my order, what should I do to report it?",PAYMENT
"I lost my invoices, view them",INVOICES
"can you show me the free number to contact Customer Support, please?",CONTACT
"I want to modify my purchase, could you tell me how to do it?",ORDER
how to report a problem paying,PAYMENT
"my user account's been hacked, how do i recover it?",ACCOUNT
"I got an error message when I tried to make a payment, but my card was charged anyway, what should I do?",PAYMENT
"I don't have a user account, can you create one?",ACCOUNT
can you tell me what the number of Client Service is?,CONTACT
"i have a problem when trying to pay for my online order, can u report it?",PAYMENT
ask an agent where i can check the status of my reimbursement,REFUNDS
help me make changes to my shipping adress,SHIPPING
where can I get a bill?,INVOICES
I need help writing an opinion for a service,FEEDBACK
"I lost my password, how can I retrieve it?",ACCOUNT
"i ordered an item, can I change my purchase?",ORDER
"the concert was cancelled, how do I request a reimbursement?",REFUNDS
how can i lodge a fucking complaint?,FEEDBACK
"I can't find my bill, can you check it?",INVOICES
"I want to check the status of my reimbursement, can you hepp me?",REFUNDS
where to make a complaint,FEEDBACK
"I want to solve a payment issue, what should I do?",PAYMENT
can you tell me if there's a newsletter to stay informed?,NEWSLETTER
"I have an issue makig a payment with card, how can I report it?",PAYMENT
"pleade, ask an agent how i could retrieve my account password",ACCOUNT
youre not helping and i wanna talk to a human agent,CONTACT
i dont like the service and i want to lodge a consumer complaint,FEEDBACK
"i have a question, what should i do to speak with customer service?",CONTACT
can you check the cancellation fee?,CANCELLATION_FEE
"I have no user account, can you open one?",ACCOUNT
"i want information, could i contact customer support, please?",CONTACT
can I report a problem making a payment?,PAYMENT
"I don't like the service, I need help filing a complaint",FEEDBACK
can I track my reimbursement?,REFUNDS
how do I request a bill?,INVOICES
"I don't have an online account, can you register?",ACCOUNT
"I want to track my shpiments, can you tell me where I can do it?",ORDER
"I ordered a prdouct, I need help changing my purchase",ORDER
I'm not happy with the service and I want to make a complaint,FEEDBACK
tell me if I can create several fucking user accounts with the same email,ACCOUNT
"I want information, I need help contacting fucking Client Service",CONTACT
help me notify problems making a payment,PAYMENT
"I want information, I ned help speaking with Customer Servgice, please",CONTACT
"I'm happy with the service, can I lodge an opinion?",FEEDBACK
what information can you tell me about getting a bill?,INVOICES
can i create more than one account with the same email address?,ACCOUNT
can you find information about the status of my refund?,REFUNDS
could you ask an agent if I could inform of a fucking issue with my payment?,PAYMENT
"the event was cancelled, help me obtain a refund",REFUNDS
"I don't have a profile, help me create one",ACCOUNT
"I'm not happy with the service, make a complaint",FEEDBACK
"I want to get some invoices, tell me how to do it",INVOICES
I want to view the status of my order,ORDER
"I have a problem paying, can you report it?",PAYMENT
"I have a problem when trying to pay for my order, I need help reporting it",PAYMENT
I want to cancel my account,ACCOUNT
i wanna know how I can get some invoices,INVOICES
"could you ask an agent how to send an email to fucking Client Service, please?",CONTACT
how can I track my purchase ?,ORDER
I want to know if you have a newsletter to stay up-to-date,NEWSLETTER
"I need a user account, how can I create one?",ACCOUNT
"I don't understand you, help me contact a person",CONTACT
tell me what payment optins you accept,PAYMENT
"I want to recover my account password, how can I do it?",ACCOUNT
I need help removing my online account,ACCOUNT
"I need information, speak with Customer Support",CONTACT
"i got an error message when i tried to make a payment, but my card was charged anyway and i want to inform of it, please",PAYMENT
how do I delete my user account?,ACCOUNT
"I want to track my reimbursement, what do I have to do?",REFUNDS
I want to know if I can track my order,ORDER
"please , can u ask an agent how i can notify issues paying?",PAYMENT
"I don't understand you, what do I have to do to talk to a human agent?",CONTACT
"I want to cancel my profile, how can I do it?",ACCOUNT
"I don't like th service, file a consumer complaint",FEEDBACK
"can you ask an agent if I could view their refund policy, please?",REFUNDS
i want to inform of an isuse with my payment,PAYMENT
can you tell me how I can know where my package is?,ORDER
I have a problem making a payment with card and I want to report it,PAYMENT
"I have no account, can you register?",ACCOUNT
i want to solve an issue paying,PAYMENT
"I got an error message when I attempted to pay, but I was charged anyway, can you report it?",PAYMENT
where to leave a comment for a service,FEEDBACK
"i wanna lodge a consumer complaint, what do i have to do?",FEEDBACK
my profile's been hacked,ACCOUNT
"I want information, what do I have to do to call Customer Service?",CONTACT
can you tell me where I can see a bill?,INVOICES
"I want to download an invoice, can you tell me where to do it?",INVOICES
"please, i want to know if there is a newsletter I could receive",NEWSLETTER
"I don't have an online account, how do I create one ?",ACCOUNT
can youy ask an agent how I can see an invoice?,INVOICES
help me donwload a bil,INVOICES
where to view the status of my purchase,ORDER
"the event was cancelled, how do I obtain a refund?",REFUNDS
I want to know if I can track my packages,ORDER
"I get an error message when I attempt to pay, what can I do?",PAYMENT
"i forgot my password, could u retrieve it, please?",ACCOUNT
"i havent got an online account, what should i do?",ACCOUNT
"please, can u ask an agent what the phone number of customer support is?",CONTACT
"i dont want my account, help me close it",ACCOUNT
"I got an error when I tried to make a payment, but I was charged anyway, I need help reporting it",PAYMENT
"I have an issue paying for my online order, notify it",PAYMENT
can you give me information about the mail address of the Client Service?,CONTACT
"ask an agent if i could reset y account password, please",ACCOUNT
tell me if i can change my order,ORDER
"I want an account, can you open one?",ACCOUNT
"I want to see a bill, can you tell me how to do it?",INVOICES
I want to view the options for delivery,DELIVERY
can you give me information about the mail address of the Customer Service?,CONTACT
"my online account's been hacked, what do I have to do?",ACCOUNT
"ive got no profile, i need help creating one",ACCOUNT
could u ask an agent how to switch to another online account?,ACCOUNT
can you tell me about the ticket delivery options?,DELIVERY
I need help leaving a review for a service,FEEDBACK
can you ask an agent for information about seeing some bills?,INVOICES
can u ask an agent where I can ese aninvoice?,INVOICES
"I have an issue when trying to pay with card, can you notify it?",PAYMENT
"I got an error message when I tried to make a payment, but I was charged anyway, what can I do to inform of it?",PAYMENT
"the show was cancelled and I'd like to obain a fucking reimbursement, please",REFUNDS
"I ordered a product, I need help modifying my purchase",ORDER
can you tell me where I can check my delivery?,ORDER
can I register several accounts with the same email?,ACCOUNT
I have an issue when trying to pay and I want to notify it,PAYMENT
can you provide information about my bills?,INVOICES
can u ask an agent how i can receive a reimbursement?,REFUNDS
"I don't want my profile, how can I close it?",ACCOUNT
can you tell me how to see a bill?,INVOICES
how can I update my shipping address?,SHIPPING
"i have a question, can u speak with client service?",CONTACT
could u ask an agent what the hours of Customer Serviceare?,CONTACT
"i want to obtain a refund, can u help me?",REFUNDS
"i purchased an item, what can i do to modify my purchase?",ORDER
"you're not helping, can you contact a human?",CONTACT
tell me how I can track my packafes,ORDER
"i need an online account, can u create one ?",ACCOUNT
how can i check my invoice?,INVOICES
"I want to delete my account, where can I do it?",ACCOUNT
can u ask an agent if i can view their payment options ?,PAYMENT
how can I cancel a purchase?,ORDER
"I have an issue when trying to pay with card, how can I notify it?",PAYMENT
tell me how I can check my shipments,ORDER
tell me how I can download a bill,INVOICES
ask an agent how to report an issue poaying,PAYMENT
"I don't uderstand you, what do I have to do to talk to a human?",CONTACT
"I don't want my online account, help me delete it",ACCOUNT
"i have a problem paying, what can i do to inform of it?",PAYMENT
"i got an error when i attempted to make a payment, but my card was charged anyway, help me notify it",PAYMENT
I want to know if i can check my orders,ORDER
"i can't find my fucking invooice, could y view it, please?",INVOICES
"I haven't got an online account, help me open one",ACCOUNT
"I'm happy with the service, what should I do to lodge a comment?",FEEDBACK
"an error message pops when I try to pay with card, can you help me?",PAYMENT
help me track my refund,REFUNDS
ask an agent to report a fucking issue making a payment,PAYMENT
can you tell me if i can register several profiles with the same email?,ACCOUNT
"can you ask an agent if I can inform of a problem with my payment, please?",PAYMENT
"I want to recover my fucking password, how could I do it?",ACCOUNT
"could you tell me how fast i can expect my tickets to arrive, please?",DELIVERY
"i have a pfoblem paying with card, how do i notify it?",PAYMENT
could you ask an agent to send me a fucking invoice?,INVOICES
where do I check your reimbursement policy?,REFUNDS
"I have an issue when trying to make a payment with card, what do I have to do to report it?",PAYMENT
"I cannot understand you and I would like to talk to a human agent, please",CONTACT
help me inform of issues making a payment,PAYMENT
where could i report a fucking issue with my payment?,PAYMENT
help me talk to Customer Service,CONTACT
I want to request information about modifying my order,ORDER
"I can't understand you, speak with a person",CONTACT
I need help changing my order,ORDER
"you aren't helping, help me talk to someone",CONTACT
"I want to check my packages, tell me how to do it",ORDER
"someone stole my password, help me reset it",ACCOUNT
ask an agent how I can track my delivery,ORDER
can you tell me how I can get some bills?,INVOICES
"I didn't receive my bill, what can I do to view it?",INVOICES
ask an agent how to request a reimbursement,REFUNDS
"you aren't helping, help me speak with a human agent",CONTACT
can I register more than one account with a single email address?,ACCOUNT
where to viewmy invoices,INVOICES
"I can't understand you, what should I do to talk tl a person?",CONTACT
"I want to report an issue making a payment, what do I have to do?",PAYMENT
how do I close my user account?,ACCOUNT
"i changed my mind, how could i close my account?",ACCOUNT
show me my bill,INVOICES
an error pops when I attempt to make a payment for my order,PAYMENT
tell me where I can modify my purchase,ORDER
help me obtain some bills,INVOICES
I wanna get information about requesting a bill,INVOICES
I don't know anything about your money back policy,REFUNDS
can i make a payment with Amex?,PAYMENT
can i solve a problem making a payment?,PAYMENT
"I got no payment validation, what do I have to do?",PAYMENT
I need help reporting issues with my payment,PAYMENT
I ordered something and I want to modify my purchase,ORDER
I get a error message when I try to pay for my online order,PAYMENT
"i changed my mind, what can i do to cancel my account?",ACCOUNT
"I want to view the status of my refund, what should I do?",REFUNDS
could you ask an agent where I can see their payment options?,PAYMENT
"I changed my mind, how can I cancel my account?",ACCOUNT
"I'm happy with the service, how can I make a comment?",FEEDBACK
I want an account,ACCOUNT
i want to know how to obtain some invoices,INVOICES
"I have a problemwhen trying to pay with card, can you inform of it?",PAYMENT
how do I check the status of my reimbursement?,REFUNDS
can u ask an agent where i can report an issue making a payment?,PAYMENT
can u ask an agent where i can view the ticket delivery options?,DELIVERY
help me close my user account,ACCOUNT
"I can't understand you, what do I have to do to contact someone?",CONTACT
ask an agent where i can report a problem with my payment,PAYMENT
ask an agent if i can view the options for delivery,DELIVERY
"I don't want my profile, can you delete it?",ACCOUNT
"u are not helping, help me speak with someone",CONTACT
"I get an error message when I try to pay for my order, can you help me?",PAYMENT
can you tell me about your refund policy?,REFUNDS
where do I report a payment problem?,PAYMENT
i wanna know if I can obtain some invoices,INVOICES
"i made a mistake, could you ask an agent to change my order?",ORDER
where to see the status of my reimbursement,REFUNDS
I have a problem when trying to make a payment with card and I want to inform of it,PAYMENT
i need information about the email to contact Customer Service,CONTACT
"i have a problem making a payment, what do i have to do?",PAYMENT
"i got an error when i attempted to make a payment, but i was charged anyway, what do i have to do?",PAYMENT
"I have a problem paying, can you help me?",PAYMENT
I need help obtaining a bill,INVOICES
"I have an issue paying for my order, report it",PAYMENT
"please, could u show me information about the fucking delivery period for my ticket?",DELIVERY
i need information and i want to contact client service,CONTACT
i wanna knwo if i can create more than one account with the same email address,ACCOUNT
I don't want my user account and I want to delete it,ACCOUNT
"I have a problem when trying to pay, what can I do?",PAYMENT
"i wanna use my other profile, what should i do to change them?",ACCOUNT
"i lost my invoices, what can i do to check them?",INVOICES
what are the hours of Customer Support?,CONTACT
"i cant understand you, can i speak with a human?",CONTACT
"please, can u ask an aget where i can dselete my account?",ACCOUNT
"the show was postponed, how do i request a reimbursement?",REFUNDS
I need information and I want to talk to Customer Service,CONTACT
"I lost my account password, how do I reset it?",ACCOUNT
"I want information, what can I do to send an email to Customer Support?",CONTACT
"I got an error when I tried to pay, but I was charged anyway, what do I have to do to notify it?",PAYMENT
ask an agent to check my shipment,ORDER
"I don't like the service , help me lodge a consumer complaint",FEEDBACK
could you tell me if I could register more than one online account with the same email?,ACCOUNT
can you tell me where I can modify my order?,ORDER
tell me where to request an invoice,INVOICES
can you telo me where to get an invoice?,INVOICES
i want to see the email to contact client service,CONTACT
"I have a problem when trying to pay with card, can you notify it?",PAYMENT
"please, could you tell me if i could create two profiles with a single email address?",ACCOUNT
how to notify a problem making a payment,PAYMENT
"i want to checkl my bills, can u help me?",INVOICES
ask an agent where i can write an opinion,FEEDBACK
I don't have a profile and I want to create one,ACCOUNT
tell me how to check my orders,ORDER
can you tell me if there's a newsletter I can subscribe to ?,NEWSLETTER
tell me where I can get a bill,INVOICES
what information do you have about downloading some bills?,INVOICES
"I don't have an account, how do I open one?",ACCOUNT
